-.0011577309612978114,.0006088096952611095,.002375350348402592,.001903818271338408,.00143228619062838,.0007560139271838751,7974166894017904e-20,-.0011794204895161089,-.0024385826456583687,-.003224148341775049,-.004009714045896675,-.0038072362711237618,-.0036047584940937815,-.0030035052415386797,-.0024022519798387403,-.0014492097181178264,-.0004961674538163092,.00017828876278124474,.0008527449858726224,.0007143703439872017,.0005759957139344871,.00016180586235606647,-.00025238398641645336,-.00017283926115941502,-9329455219789718e-20,.00036753993810887244,.0008283744246181557,.0011716179092147116,.0015148613873593687,.0015508276564061192,.0015867939261223012,.0014012183211581123,.0012156427164198625,.00100956052113442,.0008034783298983691,.0006636913486058306,.0005239043731365127,.00041740530547739835,.00031090623630385605,.00031072550741088233,.00031054477200797946,.0005006711155617972,.0006907974508600048,.0008901453018765645,.0010894931416947425,.0009127078693765719,.0007359225898087136,.00022606176831682664,-.00028379906914827825,-.0006886302101103489,-.0010934613560554243,-.0014196258810394052,-.0017457904009347924,-.00205831356433408,-.0023708367267985244,-.0018492068241247339,-.0013275769231661195,-.0011464571601381781,-.0009653373987466338,-.000356141661419001,.00025305407534815025,-.0013265110230558299,-.0029060761240324176,.0002966560000243697,.0034993881312254506
-.015616752824590064,.0004178504000124239,.001055052217438537,.0008335196437583629,.0013809046864762802,.0007014556479995527,.0007937472104026057,.0001935382314605248,-.00027433567840301834,-.000682504519086833,-.0015760505443360594,-.002071241801377304,-.003205106427236886,-.004048127354970181,-.005182815869223958,-.006441799201353819,-.007391426424340092,-.009155181895046952,-.0100536399302245,-.012268826434709026,-.01331185590587015,-.015615956668412102,-.016687245330032806,-.01876125728760863,-.01960664574725149,-.02148541108342565,-.022049395430111068,-.02392934694992959,-.024334863580778982,-.026268850034229446,-.026622599105983854,-.028501544112426606,-.028820258603509886,-.03052220684451655,-.030763585104991376,-.03225393235587445,-.032386897092724305,-.03370127954477567,-.03372800694548081,-.0348827232693912,-.03476393312778892,-.03576087806198396,-.035437804831204595,-.036349332351911935,-.03590327465313846,-.03679037937683262,-.03641151664112016,-.037155968981617174,-.0368981965472861,-.03731062838439065,-.03709513025865527,-.03717129700763931,-.03702153872347194,-.036852107393421235,-.03676855457841939,-.0363825291225151,-.036185685710590436,-.0357014968013721,-.03534413531595672,-.034803965656182836,-.03436136685052836,-.033663221891062634,-.03304786390285052,-.0319180911069676,-.03101402606499957
-.03007577468773886,-.00020634046500519362,-.000953639915647192,.00077726206048038,-.0010118020928255522,.0008782963411384638,-.0005993406753863934,-.00010036615162408442,-.0007046297815356882,-.0019993102738971842,-.0022618096214280397,-.004654830974384885,-.005556263694363524,-.008217806260600332,-.01053877195420484,-.012797959038648153,-.016804036449103513,-.018130758429904994,-.023282518478753015,-.02379709348424078,-.029126376329427495,-.029488117317090543,-.03453256580873444,-.03504297737832081,-.04005123891312386,-.04037417179604197,-.045645037178894954,-.045403394846590464,-.050832196711479205,-.050048917507057616,-.05529411157344783,-.05424078846910295,-.05904998407994612,-.05795130403925855,-.06230033339320122,-.06121647273397117,-.0652042797551075,-.064087818438923,-.06778872524034578,-.06657749815599107,-.07009555246823021,-.06866760442217845,-.07213084157679872,-.07031319642484017,-.07358804268635777,-.07144922654170596,-.0740715317004997,-.07205297120122983,-.07367266949297778,-.07218660216296521,-.07284430585017433,-.07195154578052773,-.07175422421545948,-.07135359612903883,-.07044804245540301,-.07029871899538488,-.06918461626011875,-.06890344443209327,-.06789646579236555,-.06747586269412274,-.0663090572219265,-.0657517734213557,-.06426497219273869,-.06369429040110719,-.062123849282503495
.0070338829377142725,-.00035292783973329674,-.0006219090201937644,-.0012942880733524396,-.0012285199618262941,-.0017917225109384274,-.0018943839716794328,-.0026421350974286076,-.003334829386782883,-.004673442070290533,-.006246656883960938,-.008487184195625292,-.010951278218905753,-.014096239991552958,-.01724164619145945,-.02117170352794576,-.02465921868886812,-.02906676818205623,-.03250502759684793,-.036972710663356084,-.04023180243158619,-.0445600571857876,-.047775961390161,-.0520315141742618,-.05525372848687111,-.05950382232013117,-.06258187499072242,-.06673755828911643,-.06951745715277409,-.0734298346527907,-.0758743114781172,-.0794604193722789,-.0816073888286192,-.08485884956041,-.08675323095962575,-.08969315245928491,-.09134629435093537,-.09399529807633188,-.09539274302382952,-.09777279809461072,-.0988992975327898,-.10103498898026932,-.10184596275652198,-.10368272978875955,-.10408473461591494,-.10546319462484292,-.10541985425520602,-.10623975140265673,-.10586309206717831,-.10619170783817647,-.10560826986200725,-.10553800404959493,-.10478035520539647,-.10437204511059306,-.10351897124217871,-.10290557591043047,-.10202438223751362,-.10123824371767692,-.10020916683528623,-.09917535406182362,-.09792351716330182,-.09668231137330333,-.09531056751752597,-.0940589793330926,-.09270722065839808
.04414354056570679,4386386620152886e-20,-.00027025849989385976,-.0008596942779796009,-.0011175646787207878,-.002211022397212866,-.0030210495390615333,-.00412945030885229,-.006104974373328084,-.007182304292099781,-.010489405282463308,-.011995800989006496,-.01623672683032079,-.018654207638037153,-.023275160233508067,-.026655370705934756,-.0312592114205929,-.035382161962359694,-.03986907318937155,-.04444219272204055,-.04886715256248267,-.05361152054199901,-.057985334184930126,-.06273860418093434,-.06699557859407777,-.07172373147728428,-.07578613646836513,-.08047448146933421,-.0842936021829258,-.08884840532686393,-.0924117028666526,-.0966907902831694,-.09999677184054766,-.10390449491045174,-.10694003115732345,-.11044283612330777,-.11320193088290689,-.11629828757186836,-.11877646954244778,-.12147292204583791,-.12362281129064025,-.12590899291426408,-.1276608686673912,-.12950938708274462,-.1308540553324059,-.13220006339645135,-.1332000453107778,-.1339172250872228,-.13464688679113815,-.134627693833388,-.13517914772611517,-.1344479710300387,-.1349164191295989,-.13363639709048403,-.13394793292662788,-.1323577984817916,-.1322831806736396,-.13059760126053185,-.13009884374874733,-.12831173784092337,-.12759679487782136,-.12568682691895952,-.1248060876234492,-.12287876598052583,-.12163605117049696
.005775070822695966,-.00014630938033161875,-.0003698659677147516,-.0009948456981505632,-.0018929720305827739,-.00306336794236535,-.004491803374437952,-.006431116694886812,-.008348674828348533,-.011197028669778845,-.013674461892694771,-.01735053405056087,-.020471021061996778,-.024784178200292443,-.028561467747926277,-.03329053223828421,-.037618562721717305,-.042578713624123216,-.047298523647764795,-.052389386790044554,-.057342677202751345,-.06252410543609162,-.0675920290613841,-.07282045094991818,-.07793495590843766,-.08313030953030656,-.08823176124335733,-.09329828266442762,-.09829476421639306,-.10315431070828034,-.10793370506583638,-.11253241306087826,-.11700182992643626,-.12130316979159397,-.1254062789056705,-.12938435303835716,-.13309007790215435,-.13671851026327872,-.14000893570831707,-.14325342638869204,-.14611445764846476,-.14893186875153958,-.1513386839481505,-.15368868517816095,-.1555979529490833,-.15746419633628583,-.15882145575129614,-.16021042523971513,-.1609748479780511,-.16190521250237055,-.16207643519583134,-.16257825810393983,-.16219817452527951,-.16228462855190734,-.1614279780191243,-.16108147846031123,-.15986064699586444,-.15910437214181974,-.15763501796879617,-.15656722642326576,-.15493815782638873,-.15371098464276622,-.15203256273688298,-.15075275485445724,-.14921172368498117
-.03259339892050139,-448886371101184e-19,-.0008991881705629388,-.0015698390001476464,-.003116811435233398,-.004455430892723498,-.006729702966931661,-.0086621617803404,-.011856468506217924,-.014380030318047179,-.018425759992117152,-.021523081254422604,-.026272686553397068,-.029898478561539227,-.03515492543797967,-.03924491445031908,-.04482999151675061,-.049312918127204425,-.055093942749373376,-.05988667527519248,-.0658136707726848,-.07084604925672301,-.07692462058022588,-.08214648070603765,-.08833466041851462,-.09367728013200415,-.0998504249995185,-.10519918136439131,-.1112240436103668,-.11644102599085858,-.12224075086819901,-.1272055204120911,-.13274816467654987,-.13737070473435384,-.1426263916616382,-.1468370673399078,-.15175417984506687,-.155503389525802,-.16002025814615242,-.16328723797040148,-.16735314991155437,-.17013192273871677,-.17370185510593278,-.17596062416946415,-.17899196117315078,-.1806655843020423,-.18313583614702042,-.18417925067629892,-.18608260452173314,-.18649907720576575,-.18782890481175568,-.18764164121439306,-.1883982494984042,-.18765499946268158,-.18785510396367988,-.18664446257300246,-.1863088000675779,-.1847311707933056,-.1839153701578805,-.18210020920952483,-.18095589156738892,-.1790529556378384,-.1778152534471908,-.17602801883797578,-.17477423195394387
-.01504671631891342,-.00024087073085543828,-.0007886039423579915,-.0019369161237879071,-.003448123201396249,-.005628674233206905,-.008114986990445218,-.011256030365964533,-.014559725866257357,-.01846314016747226,-.02236357822173675,-.02681713327367171,-.031154517470102037,-.03601164968685878,-.04071382362737944,-.045908174235520606,-.050979329007846824,-.056496330511019814,-.06195036148675683,-.06777882025682386,-.07358488263932503,-.07968274910415832,-.08575706702567056,-.09203727550388863,-.09826647025731539,-.10461166641201958,-.1108795734336664,-.11717727445231876,-.12337814276893488,-.12954102795238162,-.1355778995590207,-.14153436074268833,-.14731134517942415,-.15298733445659946,-.15840859164943885,-.16372180921596752,-.1687005887287722,-.17357223034121333,-.1780425275568408,-.1824132597772994,-.18633693732007417,-.19017075525881103,-.1935319453558905,-.19681096741474063,-.19959749712175215,-.20231108491649416,-.20450113847970663,-.20662934624539178,-.2081939109806476,-.20969966526293532,-.21060904783673082,-.2114519390441186,-.2116865560405864,-.21185300357793657,-.21143079656995548,-.2109569350866486,-.20995290060267666,-.2089337434682029,-.20748748450267454,-.20609077652151825,-.20439619050865468,-.20282235229375506,-.20108562046170483,-.1994863937146969,-.19783077228344273
.0024999662828230013,-.00016962554778235335,-.0008661760528142802,-.002155641004744654,-.004064047244329904,-.006552183252869045,-.009662514172017547,-.013205451206445219,-.017204559597617686,-.02149821406233802,-.026075409393149607,-.030839774413244907,-.035764292112019494,-.04084955441044967,-.046038157429693916,-.05146135791284222,-.05694056939866719,-.06279107092308059,-.0686095141113968,-.0749200106352656,-.08107458690452046,-.08777280128293652,-.09418187647835559,-.10113408229331237,-.10766964177853532,-.11474085953174777,-.12128246712510957,-.12835687687835237,-.13481666195024417,-.14179170106436895,-.1481001144944739,-.15487238910298395,-.16095264402519646,-.16740967772948148,-.17316965475266033,-.1792004047586385,-.18454436622118517,-.1900523751006605,-.19489774980966812,-.1998101155542146,-.20409722803717034,-.20837542614703383,-.21207044877594183,-.21570549345642265,-.21879637867266,-.22178578008492014,-.2242654479636381,-.2265960156885169,-.22843796518716133,-.23008242471477008,-.23123477186545438,-.23215979197398934,-.23258252803211532,-.23277311434688247,-.23248723499129775,-.23198360264033543,-.23108276523556529,-.2299959717059399,-.22863265236057417,-.22713880612102527,-.22550292457817547,-.22382764064379906,-.22210029677998858,-.22040536888742662,-.2187163809858495
.015984496168884456,-.00026848378778398987,-.0011324822323936967,-.0026629413738491065,-.0048400418000038225,-.007688605575937495,-.011089889217943497,-.015047364749504605,-.019408298057047958,-.024155259218512998,-.029165749307441608,-.03441721354113308,-.039849392890917594,-.04545340715118905,-.05123336955401418,-.05717238851808772,-.06333536486944895,-.06964658220225584,-.07623311480588,-.08292228977990196,-.08990013813675143,-.09689948200021076,-.10415858343361739,-.11134396151668341,-.11874459393488324,-.12598523800410177,-.1334021552562629,-.1405922703477682,-.14792319097294168,-.1549772355167267,-.16212843202356192,-.1689618453309938,-.175833434184351,-.18235151912666844,-.18883581105568736,-.19493793995483258,-.20093075222785495,-.20652264548801777,-.21193543661952058,-.21693956250717653,-.22170804237175157,-.22607172965950728,-.23016146941698554,-.23385819206388347,-.23725910497661526,-.24027753799442236,-.24298622901215078,-.24531228223734616,-.24731525866946924,-.24891961676510743,-.25019293188982233,-.251044034624861,-.25157134262985614,-.25167044590184023,-.2514725956207962,-.2508844761420743,-.2500496324385784,-.24890867015506726,-.2475898815013765,-.24606978611865699,-.24445174860686117,-.2427307796801547,-.24098842398515702,-.2392167809434613,-.2374721426381072
.029469026054931607,-.0003819510885840518,-.0014299814687316525,-.0031745343611129305,-.005685082738443494,-.008772766065239473,-.012560780186846462,-.016796653127768145,-.021581924230336995,-.02667500075535402,-.03214317624509559,-.03782135330944221,-.043756743571929144,-.049866055127518245,-.05618582702938479,-.06269898723404613,-.06940073464422788,-.07633802217118882,-.08341653647936237,-.09076009499218696,-.0981590490391351,-.10582395317221156,-.11343670221295152,-.12129251740509138,-.12899340360030415,-.13690256687667154,-.14457750846860926,-.15242133547182327,-.15997677183607054,-.16765524711663257,-.17500724565561496,-.1824237694465163,-.1894853684800542,-.19653585813426605,-.2032125982104694,-.2097869945169871,-.21598063745738158,-.22197512472902695,-.22759324540425144,-.23292289118896733,-.23788994709742187,-.24249507891247468,-.24675689300311787,-.2506058259352765,-.25412578951655823,-.2572114148774838,-.2599659249974811,-.26229506381883766,-.2642677039566363,-.2658506934648562,-.2670310429569721,-.267878710175674,-.26828001657294615,-.2684159681380805,-.2681012060232708,-.2675868238812649,-.2666762337451043,-.2656270149784361,-.2642765417751212,-.26284576044639124,-.26121426564788724,-.2595556104258362,-.2577754795164689,-.2560182417558549,-.2541659521114878
-.007227145754174757,-.0004188305820987513,-.001637014752303814,-.003627413975818798,-.006321829114886826,-.009721320014281009,-.013714340619263746,-.018298829749300007,-.023343126888694023,-.02884069638966837,-.034677463015328,-.04084769522538686,-.04727926531159584,-.05396792943317411,-.06088780290559505,-.06802187766904064,-.07538326327006031,-.08291907045993147,-.09067556232641234,-.09854835652079168,-.10661630104920508,-.11472362513932506,-.1229837111601815,-.13120019463026336,-.13952057639638465,-.147722543349911,-.15598086775351408,-.164061139989854,-.17215255037267457,-.18001910534494514,-.18784864839812027,-.19541366647419176,-.202885764085122,-.21005812388374395,-.2170737528932709,-.22375964956840616,-.23022057144066574,-.23632847658348421,-.24214494618430338,-.24759270985195223,-.2526910861156199,-.25741244850851,-.2617410820512129,-.26568917134357917,-.26922088888013235,-.27236856515621294,-.2750976937660334,-.27743472307177725,-.27937089727429093,-.2809013256235823,-.28206498187442025,-.28281129911408825,-.2832379599488608,-.28325402534114247,-.2830074766310897,-.2823893377468422,-.28157076321374747,-.28045070631940594,-.2791906268580243,-.2777154819308782,-.2761531051490906,-.2744603323476574,-.27272426359948965,-.27092722867256835,-.2691207697706466
-.04392331756347658,-.00045237375645698006,-.0018543967050085762,-.0040354939656001175,-.006990150063524545,-.010627482777013893,-.014941719578717634,-.0197988508131278,-.025213812293408296,-.031045831997777388,-.03731493660530274,-.04390861342414952,-.05083433698014046,-.05803960770182987,-.06549110631250236,-.0732108274999526,-.08109780661711136,-.08924970543320092,-.09748431633052865,-.1059702603808206,-.11444599729306135,-.12314485541792852,-.13173801246862982,-.14051796528000907,-.1491029739216169,-.1578376488849308,-.16630268536231813,-.17487985659353383,-.18313032215173966,-.19144918035602176,-.1994001944214385,-.20736347416209358,-.21493092798047148,-.22244103820068575,-.2295389320890141,-.23649930801627495,-.24304176642373346,-.24936020316458044,-.2552630270330353,-.2608559442294792,-.266039903382721,-.27083976931918496,-.2752371750468696,-.27920085128800054,-.28276190258934314,-.2858744863781409,-.2885727907511948,-.2908474868205044,-.2926851931598123,-.29415970082597304,-.2951704437575569,-.295900854021208,-.2961518141656179,-.2962107778391876,-.2958037709878509,-.29528267069366326,-.29434790064301475,-.293352938473913,-.29203069677413207,-.2906719386460456,-.2890901136524399,-.2874732084940751,-.2857351925198559,-.28396179981340736,-.2821653210314643
-.005067491008444862,-.0005188159005491892,-.0020063835915954103,-.004377007770540442,-.00754110606324443,-.01145420920230742,-.0160234615599915,-.02122312370728932,-.026953704211827908,-.03319858791104239,-.03986714793036202,-.046945292011409887,-.05436512564249855,-.062104904953696125,-.0701271938472044,-.07838881865638535,-.08688574624147001,-.09554207516263481,-.1043887049005012,-.11331182412388655,-.12237767106027948,-.13143527440056058,-.1405860386206847,-.1496469151259297,-.15875212831927626,-.16769451471948105,-.1766350870146989,-.18535185497252532,-.19402215041124776,-.20241923067564743,-.21072332425778445,-.2187144265115408,-.22656176316214033,-.23406463077564083,-.24136854559675006,-.24830378547261134,-.2549816229407856,-.2612723537774934,-.26724651310269615,-.2728193358578497,-.2780206854885834,-.28280984869947956,-.2871844039366478,-.2911388547565154,-.29465528486152587,-.29774547704197524,-.30039917749027173,-.30262190203178274,-.30443588450666337,-.3058178620179555,-.3068411845852344,-.30744023347069516,-.30774425218344,-.30764747831756256,-.3073220478768703,-.30664087729930445,-.3057903979652561,-.3046506595752147,-.30338744210381596,-.3019144135698852,-.30034887820279743,-.298654342396569,-.2968900443669719,-.2950726457765607,-.29319914430378335
.0337883355464989,-.0005861111351134753,-.002171657283585121,-.004707904410026813,-.008118948489785728,-.012268898628914537,-.017162620160537507,-.02265703483744423,-.028775959570633308,-.035378682370300216,-.04249139641650324,-.0499936422972833,-.057897238947675206,-.06611663068362633,-.07463253524303914,-.08340574798074091,-.09236920990088214,-.10154410073412462,-.11080041679765908,-.12023043508052822,-.12963221897896218,-.1391749571364949,-.14858384372392677,-.1581026187972591,-.16739206323200806,-.17675921118507498,-.18581714501607158,-.19491732427031716,-.20364634208882174,-.2123765984876055,-.22069129072347157,-.22895832827219653,-.23678195218757653,-.24449938268994967,-.2517604899648113,-.25884714874723164,-.26547632593245973,-.2718559359551868,-.2777844456938174,-.28338753734225564,-.28854868808645767,-.2933170081297198,-.2976508390382212,-.30154471653063336,-.305006073209492,-.3080127949965056,-.3105806123880793,-.3127191900658106,-.314405765747545,-.3157268926222038,-.3165839905900311,-.3171646589458752,-.3172816749480805,-.3172144421451535,-.3167085975142803,-.3160907933157574,-.3150919742735043,-.31402003718013577,-.31265427006879626,-.3112214010738499,-.3095981209255722,-.3078946964403724,-.306107217857973,-.3042258799115433,-.30240546255817086
.014748259424743362,-.0005854407801300474,-.0022774645464453225,-.004960826447205834,-.008546824250620215,-.012965272256568577,-.01811995193138384,-.023971113414952703,-.030424757266588175,-.03745324008588401,-.04496656455935437,-.0529412666306877,-.061298664534282454,-.07000934955729665,-.07901361990959098,-.0882659954278004,-.09773382827472109,-.10734667117275437,-.11710582536195598,-.126909598829784,-.13679807053652918,-.1466359017848168,-.15650290608618783,-.16623217524507083,-.1759402295075218,-.1854344449560643,-.1948611826336015,-.2040107793411221,-.21304918991971375,-.22176038082485483,-.23031753260408055,-.23850979094642738,-.2465042105688331,-.2541068767121977,-.26146559538021247,-.26841441950224176,-.275070979752194,-.28130587337311586,-.2872000910984962,-.29266502949129786,-.2977449387946641,-.3023903614810545,-.30661624733537185,-.31040390397419204,-.31375430356813605,-.3166640654605775,-.3191418230202713,-.32117876179807536,-.32281391797239506,-.3240131784401953,-.32486216847306487,-.3252899847064682,-.3254316259937423,-.32518162086233693,-.32471008657207734,-.3238945604664387,-.3229110630167736,-.3216488306515821,-.3202554599902045,-.31866131914630536,-.31695884630849064,-.3151384258003425,-.3132274724960428,-.31128223983405834,-.30924896287649467
-.004291816697138758,-.0006129681151827753,-.00238901193857484,-.005208442110093232,-.008991845653216994,-.013637137179296072,-.01909149382529982,-.02524690371243666,-.03207853311170477,-.03946957879610041,-.04741278411927513,-.05579198930303441,-.06460145196684823,-.07374191755478779,-.08318795343298713,-.09288058759157261,-.10275250976247889,-.11280268264230574,-.12290605330181376,-.13313253793618826,-.14329085249255588,-.15352666605302168,-.1635821832600655,-.17367629130577988,-.1834915656578816,-.19331056112569597,-.20276887089374132,-.21219677447497923,-.22120098068344354,-.2301380099218222,-.23860798469079503,-.24696848543196415,-.2548372451314495,-.26254685620745055,-.26975619282006885,-.2767494882269242,-.28324631128954403,-.28946568929068905,-.2951999951364794,-.3005963791548504,-.3055214493339863,-.3100570073595339,-.3141322606076982,-.3177848448131878,-.32098160758091143,-.32375055291211263,-.32606040173426365,-.3279713640861429,-.3294147906864264,-.3305203872045591,-.33115221334469097,-.3315276796505703,-.3314362064748282,-.33117165337772,-.33047094878309247,-.32966203682532647,-.32847814602881764,-.32721772382099745,-.32567238177587915,-.32404770111832376,-.32224734888079526,-.3203455617414038,-.31838408741729773,-.31629942136930533,-.3143274726512113
-.01603909452823988,-.0006384035378343086,-.002475133361810703,-.005420931308176752,-.009367940647994186,-.014237628514303408,-.019941706685260224,-.026412970678042078,-.03356320872474717,-.041340017892074254,-.04965505503680046,-.05846402717356803,-.06768164937005673,-.07726533390332901,-.08714105269435837,-.09725879737920305,-.10756543501146466,-.11799435478260899,-.12852222959642032,-.13905894985767453,-.1496173933263203,-.16008056125936487,-.17049998593516313,-.18073219806041801,-.19086547015738728,-.20073378647231077,-.21045586961101959,-.21985028367815915,-.22905675803992367,-.237887922127517,-.2464928122182586,-.25468896333704827,-.2626217896036045,-.2701248433344727,-.27732755180239593,-.28408939481770235,-.2905139553859811,-.29649372455974515,-.30210078285986103,-.3072634592314393,-.31202257230186586,-.3163394938939283,-.32023123248163315,-.32368289043658466,-.32670216333343677,-.3292827869130604,-.33144278255833354,-.33316601342716884,-.3345013550234827,-.3354053946176689,-.3359723269648701,-.33612207802231536,-.3359955686572532,-.33548049566847576,-.3347496765898644,-.3336775741580704,-.3324400460559922,-.33092743851915757,-.3292836535074957,-.3274455145451227,-.3254963862922834,-.32343989001476153,-.3212869888339238,-.3191149126382489,-.31683594846127866
-.02778637235940955,-.0006440570035523859,-.0025732135709613233,-.005630684224216934,-.00974042554732262,-.014815967642577872,-.02077531342386341,-.027526443140487928,-.035008192490957615,-.043121554182155734,-.05182121804145364,-.061000600446786186,-.07062608872205149,-.08059286814441989,-.0908678137680725,-.10136285186787425,-.1120292166303279,-.12281527692418581,-.13363905651079708,-.1445028105294832,-.15527760711677704,-.16603071898287122,-.17657996398838904,-.1870599462162491,-.19723725365421785,-.20730690214604203,-.21699397816727214,-.22653948001320307,-.23564291112598681,-.24457136944566077,-.253018962807267,-.261255574347108,-.2689919940340646,-.2764770156328529,-.2834591653322768,-.2901452035327763,-.29633820549065454,-.302188446557287,-.3075627518457087,-.3125503006372482,-.31708038532878435,-.3211890746780531,-.3248544083015672,-.32808114219807644,-.33086992277114846,-.3332279668261898,-.3351434599632816,-.3366656302164544,-.33773375440486075,-.3384736547273285,-.33874906027077073,-.33877878657662,-.3383464650242146,-.3377510609203664,-.3367214427110817,-.33559202782563896,-.33408991966316076,-.3325176843704551,-.330667106414282,-.3287404497190378,-.32665141244536955,-.32445904066909603,-.3222270633008681,-.3198601619413702,-.31763959655303164
.007948167843646207,-.0006804387609870906,-.002657748130107783,-.005819412840706249,-.010081184793140803,-.015345402380701437,-.021529014700052043,-.028547126317197153,-.03631555953695474,-.04475892860624233,-.053788084254029804,-.06333829369209704,-.07331664942645494,-.08366722841352701,-.09429908939606678,-.10516005422503018,-.11617116876274942,-.12727607401159502,-.1384189697357922,-.14953104724532224,-.1605884598275102,-.17150419521725668,-.1822909258262811,-.19284146889776574,-.20320422541670566,-.21325379110303638,-.22306889303628633,-.2325113043859102,-.24168115525704545,-.25043565343875823,-.2588851110915773,-.26689210638756417,-.274564957741937,-.28178169627604793,-.28863703831690146,-.2950333352925763,-.3010425394495593,-.30659724929689697,-.3117419105566209,-.31644056991589703,-.32071135495069725,-.3245451862992894,-.32794179678629315,-.3309084413011286,-.33344103750788795,-.33554753234334544,-.3372390896246164,-.3385065462833485,-.33939526615747295,-.33986384142801573,-.3400048659150232,-.3397375431401781,-.33920290194640235,-.3382861840972206,-.33716211783819544,-.3357020923803239,-.33408482940187734,-.33219921491386256,-.3301909693476622,-.32799911993744135,-.3257047189766874,-.3233180335767621,-.32084026910755337,-.3183592840636457,-.3157634801099207
.04368270804661991,-.0007256958711954188,-.0027213001550076485,-.005987033781184446,-.01038141975481741,-.015823828408179218,-.022215565466597264,-.029481922029530733,-.03752933164728341,-.04626989816980462,-.05562915361229935,-.06550063160718977,-.07583207175820793,-.08650197032539528,-.09747660282160693,-.10863347381345545,-.11994427320884768,-.13130770516627097,-.14268146030313145,-.1540068416247231,-.1652099474241386,-.17629022360832183,-.18713137517559528,-.1977963123567671,-.2081246235705002,-.2182379928813068,-.2279387116481133,-.23739417583965805,-.24638312846494745,-.25509965606092594,-.2633176140948747,-.2712353802456888,-.2786426286698941,-.2857191804068442,-.2922901395220924,-.29849701007353596,-.3042154800822735,-.3095358406607781,-.31439139015336703,-.3188186632668674,-.3228045199324055,-.3263417938681681,-.32945453816386566,-.3321150036062102,-.334356784989326,-.3361653746665709,-.33754910099162283,-.33854466534301286,-.3391009995344866,-.3393378301133868,-.3391217759925283,-.33866959155977616,-.33776421396656947,-.33670587291943804,-.3352205501073588,-.3336469080546157,-.33170836866702785,-.32971255222109225,-.3274498457799254,-.3251237976531858,-.322652434166132,-.3200874300059519,-.317503879874061,-.3147866667121239,-.3122391555508992
.004278756795617997,-.0007172813429260574,-.002803441489303229,-.006146078439247729,-.010666249597863043,-.01625831212343249,-.022845124545175392,-.03032514877479141,-.038617934306962705,-.04762683841492881,-.057261179145896006,-.06743578094023045,-.0780490241933331,-.08903066027077132,-.1002735665813463,-.11172116151266592,-.12327166695310626,-.13487530581052043,-.1464487863840413,-.15793989916440052,-.1692950266903631,-.18045155278108924,-.19139179704543544,-.2020383107880739,-.21240965647231225,-.22241347919142804,-.2320995590377223,-.24136458810988262,-.25028065951111794,-.25874065454756384,-.2668278474566729,-.2744403430948287,-.281660518561676,-.28840116361069057,-.29473240809800905,-.3005898835477997,-.3060228722269817,-.3109948068102418,-.3155300184164236,-.3196198795157234,-.323265692811444,-.3264809232003362,-.3292525486138779,-.3316043234399005,-.333523770747736,-.33502883805282385,-.3361264662169649,-.336811447123794,-.337128721060338,-.3370358869645536,-.3366281849796326,-.33582062167741944,-.33475904024239045,-.3333230269602071,-.33169385454807643,-.32973687824055115,-.3276384754983655,-.325282288809272,-.32282089884093657,-.32019054228082444,-.31747540748354547,-.3146861627708482,-.3118205848419995,-.30896874711532757,-.30600636805949394
-.035125194455436125,-.0007080312328333336,-.0028469057968725183,-.006267556807505599,-.010876405859904617,-.016618758602767753,-.023364678600455897,-.031057065551737404,-.03957039647471891,-.04883240352503007,-.05873299087865061,-.06917193843186992,-.08006943471855531,-.09129667486944464,-.10280799932989791,-.11445962810332226,-.12622958043238233,-.13798186492657857,-.1496987515741427,-.1612780543509856,-.17268463803263467,-.18386962055479697,-.19476480869058446,-.20538343203104462,-.2156183046174203,-.22554208866022454,-.23501249937089924,-.2441494563972318,-.25278741322192033,-.2610748383603036,-.26884018558298056,-.27623819059071075,-.2831111485113098,-.2895973555830542,-.29557189929675065,-.3011373191883561,-.30621567196887234,-.3108617903168069,-.315050375608727,-.31878736769129923,-.32209428829094183,-.3249400529887512,-.32737448557617777,-.32935440734963806,-.33092846775001206,-.33207614422741255,-.3328095990696535,-.3331686286268592,-.3330959620222787,-.3327222019303024,-.33190011645802253,-.33086332617456005,-.329375929229585,-.3277593215832534,-.3257180615894228,-.323614621833414,-.32115070654090494,-.318657303002421,-.315905980646374,-.31311841110750116,-.31020016928529176,-.3072108857341707,-.30422116776050573,-.30111021350469175,-.29818419360543247
-.014542655954463354,-.000743706526496243,-.002902212347765123,-.006382798524400246,-.011101607326184497,-.01695218230221363,-.023864817575973512,-.03171961835228584,-.04043943538419518,-.04990482412757851,-.060025239725904865,-.0706910499674589,-.08179566530178063,-.0932493942987487,-.10493488534137899,-.11678425633499785,-.1286810787624218,-.14057416436592182,-.15236280763412233,-.16400272628655252,-.17542232578881328,-.18657398803101768,-.19742288565168808,-.20791116463851939,-.2180418661672356,-.22774469810136228,-.23705582239754813,-.2458947588847965,-.2543217660932201,-.2622520144980966,-.26975826030239947,-.27675964828790484,-.28332905190656704,-.28939865430276446,-.2950299636288263,-.30017602485670547,-.3048783780990028,-.30911555524711104,-.3129055259349225,-.3162517403135564,-.3191513440693452,-.3216258635227465,-.32366130832347323,-.32528445361043984,-.32648603349345223,-.3272812022387204,-.3276846121269766,-.3276826878555649,-.32733204368146285,-.3265777021737055,-.3255297547064036,-.32408789194050996,-.3224152664165318,-.32037458466514507,-.31816596041982814,-.3156375947595675,-.31299478856331875,-.31010543501040855,-.30713876325404116,-.3040184667027288,-.3008400110046256,-.29760565762515423,-.2943162276191015,-.29105603513435996,-.2876958323031321
.006039882546529378,-.0007477160164142588,-.0029156098646271346,-.00645356839320097,-.011230917196835074,-.0172085560978444,-.02423550432892147,-.032272222615954485,-.041157719796754075,-.05083472689222213,-.061153660265298664,-.07202588643754225,-.08333588764872246,-.09495833313356462,-.10682251346943837,-.11877823864979169,-.1307937048541118,-.14271852938389887,-.1545397805212783,-.166135821415109,-.17748789994359354,-.18852601186969667,-.1992055796369884,-.20951971940045247,-.21938802845593822,-.22886579422975145,-.23783754465898493,-.24640938185326655,-.2544404308715746,-.26206881462444553,-.26914429852315525,-.2758142184742099,-.28193841880043097,-.2876501937890356,-.29283841255337983,-.297602599052112,-.30187478052192307,-.30570898995297396,-.30908551636334447,-.3120129707877458,-.3145126350026849,-.3165616456829703,-.31820170967893646,-.3194057612996272,-.3202045523850546,-.32060315820768637,-.3205853089554034,-.32022574376856394,-.3194294431068732,-.3183694773291136,-.3168543739022794,-.31516525775668086,-.31301852397846,-.3107857798835315,-.3081229654102484,-.30544289689906734,-.30240056487573386,-.2993734602193744,-.29609222507925675,-.2928156876664558,-.2894182716693979,-.28598237111848235,-.28255855939723484,-.2790325832273761,-.2756957446923537
.01592461280150084,-.0007528479926396145,-.0029685947172574142,-.00654139036237376,-.011418450909014489,-.017478081793276708,-.024653860796898956,-.03281007411749283,-.04187134290999573,-.05169245686393614,-.062182238596156944,-.07320429409622191,-.08465011505215755,-.09640541052764237,-.10834882828655082,-.12039468066737866,-.1324212955026585,-.14436796075323727,-.1561290910063565,-.16765851882770563,-.1788811501313316,-.18975345750871836,-.20023948062397776,-.21028901794483773,-.21990673418484108,-.22903120951226452,-.23770300334004107,-.24584985573778131,-.2535388490757238,-.26069145672737365,-.26738905103353383,-.27355446662184674,-.2792702509875688,-.28446952656933366,-.28922401017212107,-.2934850653220807,-.2973048040083117,-.3006574416030525,-.30357217681663834,-.3060451897131739,-.3080865362996146,-.30970673514324376,-.3109077930606297,-.31170075933065416,-.31209664021718503,-.31208954513888193,-.31171930230287287,-.3109461214807473,-.3098563932839527,-.3083648859190174,-.30661473761768326,-.30447320827200774,-.3021380402277014,-.2994391080860095,-.2966110630102279,-.2934702499217236,-.29025457121850573,-.28680275197423555,-.2833119119995336,-.27968139492144956,-.2760266063296543,-.2723315227609885,-.26860663667317813,-.2649220377285884,-.26115046952727616
.02580934305626687,-.0007688752458467815,-.0029631987475627697,-.0065931806243245865,-.011514548776685788,-.017689911731145837,-.024952960665100894,-.03327400928534098,-.04245660462351403,-.052456343268507996,-.06308261647844225,-.0742583506182548,-.08582709201754356,-.09767442931685567,-.10969519830147882,-.12174704259161857,-.13377399166412585,-.145631824200767,-.1572936107050762,-.16864368543800526,-.17965704289397208,-.19027200275255574,-.200441755361066,-.21017180346134595,-.21937975999648604,-.22813834305532624,-.23632734220730625,-.24407554849453358,-.2512327162694563,-.25796452899246824,-.26410587195541446,-.2698355310801256,-.2749928497832862,-.2797453257811196,-.2839562224386684,-.2877613116385819,-.29106240260311983,-.29395176499859266,-.29637467803486206,-.2983810070438479,-.29995127276501854,-.3011090499060495,-.30184786457862683,-.30219481536445575,-.3021232590300549,-.3017020481256226,-.3008475112347678,-.2997080624519818,-.29811226272023456,-.29631497056036576,-.29404199179506496,-.29166095360686106,-.2888029580994688,-.2859268945096973,-.28260467234218317,-.279333025978204,-.2756880572336465,-.2721226403061871,-.26829834782778095,-.2645347672228643,-.2606516029344816,-.256772623296342,-.25290908903991305,-.2489694827798143,-.24520936838924964
-.008946379626228563,-.0007676988410115111,-.0030228312527716033,-.0066957870718555605,-.01171713806702225,-.017970464938248994,-.025384332344674673,-.03380470119596531,-.04314947128694808,-.053249503643045884,-.06400898540683307,-.07526405050836282,-.08690366652802185,-.09878778332967578,-.1107955064707346,-.12281988790602237,-.13474288472029983,-.14648845837753002,-.1579581609962762,-.1690961555523738,-.17983857520301394,-.19013609978687585,-.1999683506815658,-.20928093893821775,-.2180981984795326,-.22635392468968535,-.23411173518639192,-.2412923857987296,-.24798867359155474,-.2541118782870827,-.25977104189092276,-.2648750157297367,-.26953509251986424,-.2736666069420891,-.2773704323035289,-.2805766573154126,-.28336686648745985,-.28569064157615276,-.28760731352341345,-.2890849964099098,-.2901654138853028,-.2908272894402869,-.29110730449909866,-.29098031814048153,-.2904965145907771,-.2896088639450797,-.28840166658041605,-.28678925127149985,-.28490752581645806,-.28262163046440647,-.28012792485321386,-.27724183797813917,-.274215808658261,-.2708276071077214,-.267365347847633,-.2635951111013896,-.259804051451381,-.2557848628096506,-.2517763773119719,-.24763874566041608,-.24351840869805216,-.2393686215845738,-.23521886849811116,-.2311148935827998,-.2269431621705849
-.04370210230894968,-.0007413873493219301,-.0030445702046791286,-.006778236021039762,-.011853791183240321,-.018238361533029324,-.025742983090874097,-.03432958417722835,-.04377707952045619,-.054036354337867146,-.0648830361851888,-.07624472352528948,-.0879278510054027,-.09982832586881732,-.11180545888215081,-.12373446081229782,-.1355268810049008,-.14706173171013814,-.15828388480493852,-.16910725993865786,-.1794812365705796,-.18938054909611463,-.19873250542094714,-.207586379800932,-.21583060860465508,-.22358893219454115,-.2307062722257432,-.2373690857774404,-.24338518999754105,-.2489836444401731,-.25394992285921064,-.25853072551658873,-.2625087888949329,-.2661228193680948,-.26917292578847585,-.27186848392052515,-.27404229240957834,-.27586254598631926,-.2771998872618775,-.27818338244073176,-.2787127079822566,-.2788959655045554,-.27863828388697354,-.27805935832245987,-.2770349949007768,-.27573702865924715,-.2739741799308673,-.2720088112799874,-.26955259210579596,-.2669834173506092,-.2639036482797917,-.26080906713955876,-.2572048546993051,-.2536779398608945,-.24967659729709438,-.24581948875461823,-.24156669125523422,-.2374800898324779,-.23311887572815748,-.2288917425380166,-.2245351715710725,-.22023764633505777,-.2159475677844972,-.2116172686067947,-.2074422257048349
-.0038714671328463563,-.0007896569518289756,-.003120593898735338,-.00693178623294504,-.012146632165894263,-.01864010945380415,-.026321042780766725,-.035019468620233356,-.04463383404383994,-.05497378400323358,-.06592934060376662,-.07731374274218647,-.08900971675473472,-.10085509832556869,-.11273135755719595,-.12451129861562177,-.13608760506862166,-.14736680210266276,-.1582687056982232,-.16872270589939872,-.17869007277165838,-.1881080272529307,-.19698720654979968,-.20525917831119042,-.21298424900809068,-.22007972189303615,-.22664911022729542,-.23259276066273815,-.23804615149616154,-.24289548266767805,-.24729424117781365,-.2511213871755822,-.2545337443945498,-.25741196586664994,-.2599029956571588,-.2618976927607119,-.26352396835220443,-.2646881376159096,-.2654965788290112,-.26587030053607164,-.26589991029258886,-.26551293917282504,-.26479828072410233,-.26367512939137716,-.2622509054791759,-.2604180257147309,-.2583242925883864,-.2558185223942825,-.2531062446139126,-.2499830024719664,-.24671911486737236,-.24305815489919666,-.23932793229318344,-.23523430398249906,-.23113859150047356,-.22673731130984995,-.2223847356650509,-.21780925577776694,-.21330672048875038,-.20868153081980373,-.2041238743708994,-.19954210031083894,-.19499590298920644,-.19049498446071586,-.18595423385257415
.0359591680430478,-.0008225034470399802,-.0031795602469066476,-.007096373326334354,-.012426246372315604,-.019093218265182905,-.026908342200855754,-.03579762728467502,-.045526480211775716,-.05601929507591051,-.06703356403476955,-.07848251404880702,-.09015044672834419,-.10193746784107963,-.11367437498657798,-.12525719008435704,-.13656490742444538,-.14751255999491372,-.15800893733093066,-.16801715216204674,-.17744699716677856,-.18633352974076625,-.1945596937585464,-.20224493112688147,-.20922665878235694,-.2157076505137424,-.22147338580342185,-.226797148588828,-.23141782791724055,-.23565778786477332,-.2392240274326723,-.24246167058871268,-.24506614798324228,-.24737836750970446,-.24910325908000233,-.2505551210771478,-.2514646387769529,-.2521074923085427,-.25224583537178263,-.25211995159819933,-.2515141873829891,-.2506540008674465,-.24932088780501052,-.2477611951181434,-.24571702367919798,-.24349901545215688,-.24077095906929993,-.23794715240641942,-.23458366849596404,-.23122142186460765,-.22729946848029642,-.2234826933657294,-.21911027693097712,-.21493749548209054,-.2102498561260791,-.20582599545938113,-.2009727739031251,-.1963954805762819,-.19151668456032223,-.18686389542286486,-.18206022545156905,-.17738379093373308,-.17269459549377572,-.16801171379649837,-.1634430161703669
.013816297112314942,-.0008382904611258183,-.003320932776222407,-.007370525292172713,-.012891152943921307,-.019738986324742747,-.027780434257013,-.03683055682494523,-.04674963471152027,-.05733244291506723,-.0684409483241994,-.0798754682054998,-.09150535492832783,-.10315497699591107,-.11470753403797247,-.1260218081256525,-.13700602549800195,-.14755195913257538,-.15760680969919055,-.167084132962735,-.17598165972320212,-.18421917712567262,-.19185063389300838,-.19878739173189836,-.2051381934429617,-.21079595163750567,-.21591650216850422,-.22037037504651596,-.2243482049678385,-.2277002428180487,-.23063698575743108,-.23299526879098761,-.2349899313255451,-.23645373574836917,-.2375920472397977,-.23824265712383413,-.23859216289953505,-.23848921111278432,-.23809968023889092,-.23728264500990282,-.23619042471736373,-.2346841502550131,-.23291867808771713,-.23074170329646665,-.22833291653717414,-.22550758485982741,-.2224934070275626,-.2190564261720902,-.21548953962481437,-.21150083640330158,-.2074534059393709,-.2030007064822947,-.19856497407821633,-.19376199282241025,-.18904458097040042,-.1840220790920442,-.17913256789641227,-.1740232825395852,-.16906159340366853,-.16398043744270224,-.15902584419909355,-.15404742757902593,-.14914557626197034,-.14428210890339008,-.13941303265967506
-.008326573818592805,-.0008708054027408364,-.0034754924412894457,-.007699082446273209,-.013425880696143595,-.020515828864405963,-.028776453111013248,-.038060817347882976,-.0481406872091947,-.05887797984776351,-.07003885897355523,-.08149826845532168,-.09304082883795993,-.10455591069062278,-.11586396896807892,-.1268782507118017,-.13745471155776834,-.14755052480216657,-.1570397401935926,-.1659468885008084,-.17413691629667197,-.18172125617475288,-.18852863816371696,-.19476638369589389,-.20020796832020626,-.20515344336408395,-.20931379016890225,-.21306757596170497,-.21606805719122213,-.2187496241312437,-.22072259287539678,-.2224494115506298,-.22351858300754537,-.2243922786608831,-.22465953260452118,-.22475902729665842,-.22429768605044748,-.22367883632084506,-.22253334606633504,-.22123390684181268,-.21942545953460632,-.21747357147071814,-.21501060702393535,-.21243448109909152,-.20932630327114327,-.20616296622340566,-.20243400079227786,-.19873572747057436,-.19443736250156674,-.19027539097323448,-.18549273987754253,-.1809576417972235,-.1758095590594663,-.17100664101827798,-.16563812606539902,-.16067561864461083,-.15524076313225882,-.15021211338990817,-.14484611449069335,-.1398148078909319,-.13460168171998893,-.1295959603885507,-.12454630100228252,-.11955873215968167,-.11462740023503404
-.016285267200981016,-.0009388552036301773,-.0036795964446236754,-.008142468251250914,-.014141898895713854,-.02152070818758835,-.030075447155600735,-.03960479663675387,-.04990645521458604,-.06077159921278147,-.07201716784187896,-.08344483296181798,-.09489928679807429,-.10620711995721857,-.11724870696917879,-.12788186396909212,-.13803171727044689,-.14758419772428166,-.15651853523505313,-.1647376669395937,-.17228204655620644,-.17905608161491834,-.18516359201102592,-.19049548729777915,-.19521502377174538,-.19918885633471936,-.202630421965199,-.2053775071145649,-.2076805286604702,-.20935006145074278,-.2106578472700428,-.2113940409704085,-.2118354421194778,-.2117616583864707,-.21144034353733765,-.21065041897589543,-.20964133823583797,-.20819760506405796,-.20654942674211463,-.2044865671628084,-.20222882965133224,-.19956265024572842,-.19671585898216737,-.1934554354748515,-.1900418867904852,-.18620304005568794,-.18225666396858026,-.1778746901955229,-.17344903712785054,-.1685882581403308,-.16376106302475144,-.1585182181580078,-.15338994468075381,-.14788909660973193,-.1425734170781914,-.1369524127671582,-.13156019975813657,-.12595088243991756,-.12057363068577648,-.11507886749106253,-.10977668408930773,-.10444799095653572,-.09924087465127746,-.09406043433047424,-.08891198478435239
-.024243960583604295,-.000991077182729943,-.0039647785819061235,-.00868630841762839,-.015031049638058272,-.022741820273214176,-.03163623975281793,-.04145016101561648,-.051987293412883315,-.06300805672870093,-.07431966027342465,-.0857244571823735,-.09704415435087033,-.10813243678225454,-.11883091699286019,-.12905616438272327,-.13866426605057272,-.14764868294006178,-.15586382975547433,-.16339546170559188,-.17007257958863123,-.17608487796512495,-.18121185513709012,-.18575071531906054,-.1894138315645743,-.19259953358778245,-.1949461346034777,-.1969371899660343,-.19814172903104438,-.19910480276829384,-.19934115715789946,-.19942860931841241,-.19884941913433757,-.19818505305566622,-.19690861486627123,-.1955818422072606,-.19368670260928353,-.19175414897149282,-.18928092817395717,-.18677405710794556,-.18373409380238556,-.18067112526336299,-.17706088260747452,-.17346018776987573,-.16927894729526663,-.16517086452175742,-.16043825919886662,-.15587331404526886,-.15064287276060553,-.14569571271099938,-.14006114234972344,-.13482935517473832,-.12892162983340627,-.12351812676300465,-.11749353790285988,-.11203054691962008,-.10604850810701257,-.10061525650706825,-.09480559936980944,-.08944948168807781,-.08387686195532028,-.07859902043402586,-.07324058007230522,-.068005351641402,-.0627592228302123
.009521138818767486,-.0010934625654351428,-.004260174783333889,-.009332988632367051,-.016042259727282772,-.02417792644293484,-.0334347406559764,-.04360048913652441,-.054385664402337774,-.0655908631418552,-.07696631944191672,-.08833680267378093,-.0995074383282323,-.11033042760008338,-.12067378785477312,-.13041590722060908,-.13949315332339174,-.14780383742293252,-.15535610048885864,-.16205669381721033,-.16798623158035847,-.17304536330839787,-.17738415155292456,-.1808828241735377,-.1837538714913356,-.18584647444653882,-.18742469813850052,-.18830189838936404,-.1887798035112355,-.1886374864655287,-.1881983723970809,-.1872142007240619,-.18601375851194232,-.18433166887717167,-.18248809213643472,-.18021070978295772,-.17780266297511443,-.17499113717326034,-.1720625264612125,-.16874304493917683,-.16531324410088033,-.1614891779246082,-.15756655548181026,-.1532343361986595,-.14883049263570258,-.1439966505421903,-.13913915357802212,-.13383571537363737,-.1285776213574861,-.12287253459050361,-.11729655183629821,-.11129565472767322,-.10551044086590712,-.09934881559267741,-.09347568563023836,-.08729927375054443,-.08145134357167523,-.07539184730959328,-.06965254633459297,-.06380039158330206,-.058209508213517454,-.0525909224578406,-.047140126022618585,-.041704321128154566,-.03633754278883645
.043286238221056636,-.0012323727586585002,-.004688772068883332,-.01013014679846413,-.017339586448867884,-.02589483319337273,-.03563276920436334,-.04612121666870725,-.05723022743973985,-.06856971332195096,-.0800345830324155,-.09130978216029306,-.1023050621323219,-.1128021296141475,-.12271137686969505,-.13192294445782546,-.1403353052826413,-.14795399326923933,-.1546499220423061,-.1605485152203135,-.16547441147694594,-.16967361851680055,-.17290573418695926,-.17553338580775807,-.17723694527422543,-.17848525463814618,-.17887398322414688,-.1789605877848342,-.1782612782139305,-.17739785996027702,-.17582233950740944,-.1741923115466965,-.17191758952003575,-.16966302564181343,-.16681944431394927,-.16403661334969968,-.16070388316257847,-.15744682054803705,-.15365815036431296,-.14994916566646072,-.1457030222936035,-.14154778470553425,-.13682582276469102,-.13223005525363424,-.12701870795778514,-.12200334595564523,-.1163150868080017,-.11092669718569871,-.10481556547754954,-.09913044361652563,-.09269771489892485,-.0868191165082401,-.08020751888746311,-.07425525606141836,-.0676326538815433,-.06172325423277755,-.05525522199520396,-.04947478066204818,-.04328670679344049,-.037667636537638195,-.031805020544063804,-.026321325172388204,-.02072673249040228,-.015312691555523268,-.009828648656390689
.0032632093207314293,-.0013220130556750938,-.005077167954039804,-.01098500525358519,-.0186279485689084,-.02773830971274332,-.03787827629166907,-.048824054425035054,-.060171250337972444,-.07174992908887638,-.08322159962403686,-.09446206014709961,-.10521736396327966,-.11539685133811385,-.12483983812235619,-.1334768464628238,-.14124093299148954,-.148072321776156,-.15399349186252762,-.15894215488742774,-.16302292720897518,-.16615779767784858,-.16852429748981101,-.17001613917071648,-.17087310619895266,-.17095113908018675,-.17053998826525257,-.16945352777568445,-.1680172954716386,-.16600492001672534,-.16376217291941647,-.16102956372780286,-.15815777339481754,-.15486416597273528,-.15149155339369264,-.1477438738068247,-.14394911450384756,-.13980373027707374,-.13562314745570225,-.13109502322873987,-.12653551732240928,-.12161326870292592,-.11666869439353968,-.111333665270659,-.10600238119785006,-.10024924285190734,-.09454983534452784,-.08840481860459756,-.08238710159430822,-.07591927186884634,-.069668236762105,-.06299034705090159,-.05662082770284964,-.04987779075355303,-.04351800376739767,-.03686406785233019,-.030630188100379284,-.024198427629211327,-.018168062362401715,-.012038603100944784,-.006233650349862796,-.000408979057869713,.005206553371538074,.010810127768807418,.01631814029670983
-.036759819580074495,-.0014555245511129755,-.005665132938104532,-.012022863602496436,-.020304669056613458,-.029885682149161933,-.04062641604904421,-.05188511848475213,-.0636284292081271,-.07526786376875994,-.08684013422514651,-.09786403204714916,-.10839842455005233,-.11810379285518442,-.12702488750358024,-.1349774503736859,-.14196677706951016,-.147963069145463,-.15291585667056362,-.1569402190561638,-.15991748658158222,-.16209549493938516,-.16327590196812833,-.1638262089181103,-.1634594502844183,-.1626479135052491,-.16101308523550228,-.1591133447719646,-.15648456146771605,-.15374776585047065,-.15036815869577883,-.1470026834531573,-.1430668762601222,-.13922746922591847,-.13487191922047723,-.13065740649059787,-.12595860411969,-.12141771878284605,-.11639862583653783,-.11154279088463442,-.10618706684597683,-.10100794249128464,-.09528080365564448,-.08976987961805986,-.08364320319092133,-.07780975860595045,-.07128653953565202,-.06516986169567672,-.058301442739410736,-.05197542870726494,-.04486706344071635,-.038436577164155626,-.031239581619087808,-.024828277747693518,-.017720255617868986,-.011447895178351576,-.004600720640047906,.0014479927861122863,.007911147692919774,.013714439040830558,.01976336913999938,.025369918810199683,.031092822351105092,.036597916985475334,.04219623330638498
-.012783116215069721,-.0016092701227363273,-.006088667510934625,-.013001560250415973,-.02173919098484549,-.031961180048254205,-.0430728983556671,-.05484648222725192,-.06674282699743339,-.07864095773817056,-.09009362182396247,-.10105795405294321,-.11120135094398534,-.12052642086402822,-.12882322896390755,-.13611320704432114,-.14230408790940244,-.14741669718630035,-.15146272683934286,-.15444885261094182,-.1564738477920782,-.1575191268608214,-.1577546267550568,-.1571265297396068,-.15586177211793795,-.15386374741585238,-.15140321745028928,-.14833758306789582,-.14496815495054594,-.14110842520855457,-.1370764582930323,-.13264853953500008,-.12814608856319087,-.12331743118236928,-.11847680034910962,-.11335317252948708,-.10824926053892603,-.10287895067653569,-.09753841292195015,-.09192331148592678,-.08633936282443203,-.08045215495130996,-.07460332698177324,-.06840927049670373,-.06227935309587331,-.05575948506990841,-.0493551691269247,-.04252650124947962,-.03588980345748045,-.02881771838697868,-.022030442794985686,-.01482941924356462,-.008007311918377351,-.0008278051124872093,.005897474929646432,.012894771420677057,.019403950118442745,.0260829780374628,.032300299772681396,.03858640383290834,.04450153830778326,.05040993712711557,.056081855973250924,.06172507809028366,.06727098684783112
.011193587149746397,-.0018031717841948136,-.006770666744004744,-.014160067963535158,-.023620828908617737,-.03428246072132696,-.04604780574300617,-.05803205754127269,-.07033388964950457,-.08213081530220524,-.09364676886471343,-.10419264219051041,-.1140379365633023,-.12267329032487989,-.13034737497051463,-.13674763354747765,-.14206024018655108,-.14615903792025833,-.1491496069629248,-.15106715410477162,-.15193103866796587,-.15191105955815448,-.1509377993697259,-.14929309208491126,-.14681623676176506,-.14388240839892957,-.14023971601059826,-.13633845684747115,-.13184171712468645,-.12725444144449302,-.12216805415795141,-.11711939344000921,-.11164648533117238,-.10629663030878596,-.10057253122668901,-.09501799270701433,-.08911129346935862,-.08339306837046795,-.07731407245429296,-.07143199273168115,-.06514874626918701,-.05908070107609389,-.05254205212988526,-.04626525646418257,-.03942808611955517,-.0329383545789744,-.025793794764032926,-.01911884591142958,-.011710926873428434,-.004915657454930218,.002652770554752542,.0094696534728908,.01704556978197102,.023763401837607556,.031164775307759875,.03766417099356702,.04471471836529158,.05091073277623444,.057486538195931934,.0633612955953211,.06944016618241468,.07505569388589982,.08074638593682665,.08622391657055956,.09174536927534063
.01729055794880658,-.001913533998555064,-.007171343387695079,-.015103980265203903,-.024935318216369313,-.03622151056864351,-.04820752529978679,-.06066544556710375,-.0729177270264397,-.08490574800535214,-.09606777936412715,-.10646432133703561,-.11567541678735012,-.12382644011592396,-.1306454105231153,-.13627777215247389,-.14058740293161703,-.14371136437270257,-.14562503034678326,-.14644145223224836,-.1462205606297974,-.1450425806857595,-.1430290572277663,-.1402210068267557,-.13678467188860005,-.132716972394883,-.12821621361146263,-.12323323979947436,-.11798747289915676,-.11238574905018255,-.1066578986977762,-.10067247052890807,-.09465965705049224,-.08845734707730053,-.08228913014252248,-.07596859142680777,-.06971202573418579,-.06331019657853947,-.056980681373576064,-.05048533698666699,-.04406267591012072,-.0374309914264328,-.03087909738983448,-.0240605933428341,-.0173480941700518,-.010308726689040308,-.003427307697549186,.0038293080577812603,.010851629240265453,.018270743106003788,.0253640906223192,.032838279218629585,.03989531042141549,.04727693380703117,.054169652857846785,.061296756143961094,.06790512233254418,.07463840775311119,.08088452730238742,.08714843112277415,.09302395868257331,.09884082153202965,.10441803359934752,.1099194669057284,.11536046727043561
.023387528748003424,-.0021214410122907547,-.00783809242719433,-.016186625050601696,-.026688365972018235,-.038256492629596524,-.050817298070469044,-.06325339037969072,-.07579757220390836,-.08739945988395811,-.09848492109981725,-.10815417510337005,-.11691418006248172,-.12407339378144973,-.13012205755243494,-.13459357632885857,-.13790318340593194,-.13978801139899075,-.14056686762043724,-.1401400367690655,-.13873078145729273,-.13636093577778352,-.13316514684754982,-.1292553398010764,-.12468240224705335,-.1196273721834565,-.11406059652420118,-.10821656604228967,-.10199069083584791,-.09565566538324807,-.08904215202501298,-.08244506951413456,-.07564370947571467,-.06894145755355523,-.06207810626123203,-.05535957215912041,-.04848994080799465,-.04178616383696824,-.03490603861160528,-.028205671003197805,-.021268083310874042,-.014536835829126482,-.007475647854128253,-.0006772773071437229,.006565377097626877,.013450140000324955,.020897349767776383,.027857776719802413,.03547889664796003,.04246836882975365,.05017246586449323,.057109821825277275,.0647529601758389,.0715317968841992,.07893722124773757,.08544638473633724,.09243871205001973,.09859415346088274,.10504707325073727,.11082712964827256,.11671670408725275,.12218283881120719,.12762134717794074,.13291206822003088,.13809272951968155
-.008830857441384996,-.0021875951922672807,-.008094762973812751,-.016860746239155382,-.027518673857986436,-.03953557672651473,-.052020717662770916,-.06473102286343357,-.07687793723781138,-.08845749627251932,-.09882221184040134,-.10813214702857593,-.11590405655759004,-.12238619868039895,-.12726108328756303,-.130803584641986,-.13284042798074752,-.13363415612066967,-.13312049548277521,-.13153138052460456,-.12887476948754784,-.1253456654191439,-.12099526667111751,-.1159794104146135,-.1103740225578238,-.1042943652794019,-.09783035201285248,-.09105628863742737,-.08406889707408538,-.07690331163240705,-.069656806991987,-.06232946761362414,-.05501405475430896,-.047680417234806524,-.0404148944223458,-.03315975187109143,-.02599906017852143,-.018844894644867938,-.011792274587020141,-.004712739544925985,.0022642328497292723,.009325964526359391,.016276570554262258,.023385749007607072,.030356717200360015,.0375637778563552,.04458211686983103,.051901974556151934,.05896177388838131,.06635984245552677,.07341493275868342,.08080341142593137,.08776849397023083,.09501559796090607,.10177885428166261,.10873138468653681,.11517897875315387,.1216972854045381,.12774655802117924,.13374758944883092,.13938021243956264,.1448788820227535,.15016555061495748,.15529671545805598,.160447893080952
-.04104924363061077,-.00231851304162551,-.008617572425693474,-.017596954683050774,-.028713441090318648,-.04071079420131734,-.05349712770649277,-.06580924432716233,-.07794796790006366,-.0887241043891156,-.0987058899450688,-.10686925989967104,-.1139013083456658,-.11900333820354013,-.1228609357354073,-.12491062851749397,-.12576187279677992,-.12505340113020644,-.12329388758871304,-.12026793752510433,-.11639077240815535,-.1115381822124285,-.1060484143911202,-.09985006773510025,-.09321671022828845,-.08610834605788212,-.07874033740681378,-.07109293978202698,-.06332774275137719,-.05543755879683026,-.04753573590620465,-.03962104405969481,-.031764876213395965,-.023968574244835894,-.01626459661506042,-.008661776744454026,-.0011474671691680549,.0062428590094719735,.013587561085718923,.020787099943625518,.0280228683810349,.035076012924764796,.042281900582184846,.04923708391114881,.05648502655779372,.06337858475921815,.07070887184098884,.07755373480310249,.08495699085215803,.09173646885237254,.09914609587048426,.10581278085649341,.11310975685176454,.11958924140750492,.12661763411511628,.13282094435999578,.13941626869323254,.14526470354254178,.15129839482356397,.15675825835015136,.1621928416543273,.16730749223833408,.1722372669963989,.1771475128722158,.18168979012334793
-.0006398089856907687,-.0023456795712871238,-.008615574218748175,-.01776458259673652,-.028709052309956528,-.040807332256686576,-.053090668962131264,-.06527521164506213,-.07653530823853245,-.08687880923428791,-.09565152035284527,-.10306677601565815,-.10865515908654297,-.11274145641981394,-.11503084559200327,-.11588207023752922,-.11514141700122121,-.11315341969059835,-.1098589926158865,-.10556846856668421,-.10027200424383717,-.09424267334538153,-.08748671879552561,-.0802427067462089,-.07251455328242888,-.06450902074973482,-.056220084995634335,-.04782441293313698,-.03930374615171835,-.03080612965996557,-.022300680594221644,-.013908601618998526,-.005587417262352993,.0025674581237692534,.010605832825893908,.018460301808323747,.026177778410703508,.03372702031370522,.041133535595918924,.04841792693318659,.055556754300574884,.0626453460339263,.06957711175981725,.07654853281484506,.08333569950005329,.09025841478849003,.09695123226027147,.10386532340082139,.11049005751085848,.11739349568449269,.12394400026083185,.13078637808484667,.13722004538428625,.14390550359343082,.15014606678955109,.15654614989968324,.16249712135932265,.16847729523423255,.1740493498509402,.1795111048235468,.18466098129821648,.1895934303104984,.1943700297803073,.1988919033914879,.20354920895719372
.03976962565870921,-.0024488010822234685,-.008835448176686841,-.01792135193598705,-.028950706937347897,-.04061242677033255,-.05272392199214651,-.06401616325028893,-.07474220856560357,-.08376008803419852,-.09162465515879693,-.09738831361784973,-.1017567224194204,-.10401744420146534,-.10488818688144186,-.10388701885238052,-.1016592951691175,-.09790443203086781,-.09317117673474838,-.08726889637295368,-.08066490523646254,-.07321342694049297,-.06532709834869764,-.0568618774447969,-.048196113237056616,-.03916768079716816,-.030130400806422826,-.020899057273530242,-.01180574223436076,-.002643701851037931,.006276787107220208,.015179471170480291,.023778239558666814,.03230496239957708,.04050544789927222,.0486021738770798,.056390884881097385,.06405340183842428,.07146798187243507,.07872768599762729,.08584135423527021,.09275050350346437,.09965309206302474,.10627121238245744,.11304822028883008,.11943116886922475,.12614372556005776,.13233654920889973,.13900664443336602,.14503925455936933,.15164279025437682,.15752491703150373,.16399132762107788,.169705732898929,.17592252392736393,.1814221822831493,.18724991957517428,.19246788439559967,.19777453798241315,.20265400409499307,.20737216637009873,.2119143985267641,.21609554288550767,.22042241676992613,.22407382325344205
.014098001704755158,-.0023464640596750157,-.00856442255267832,-.017474313527162586,-.027948820461636492,-.039218353186733584,-.0503266394189679,-.0608985633117667,-.07018494099422903,-.07813985013186267,-.0842299360926579,-.0886442823997268,-.09105451595238714,-.09177524021270277,-.09065214683724605,-.08803384617524823,-.08389218515803537,-.07855586719528847,-.0720660157306023,-.0647127389585499,-.05655516645859198,-.047847503429145614,-.03863162675285094,-.02913543526592069,-.019366591287416246,-.009534657390199814,.0003901699599512764,.01021267039235142,.01999672361927031,.02956019459626101,.03899521894157872,.04813329221508742,.05708718140307468,.06570518883882003,.07410991234533207,.08217411248666824,.09001381085010136,.0975405025286834,.10483949206286718,.11188309624210761,.1186941263836668,.12533421025469266,.13172780662328404,.13805551046902517,.1441105622655633,.15021480286202654,.15601082623833462,.16196556008423404,.16757558619630564,.173429129131739,.17891031088135437,.18467563169047532,.1900562151144797,.19570168690749892,.20096725907596744,.20641126635245857,.21149812054320422,.216617615436053,.2214252328398792,.22609193213546505,.23052818050221816,.2346775007570522,.23874033146686455,.2424511724687089,.24642224373728044
-.011573622249405604,-.0023304640593117478,-.008448469788798938,-.016985449489415886,-.027055042372716376,-.03743887505086122,-.04772364081127885,-.056855876516864884,-.06486705817975039,-.07091239942627098,-.07534472991382957,-.07755951414426851,-.07806600534569777,-.07650390574380489,-.07339134630495432,-.06858269549448326,-.06251837322373373,-.055199994887961,-.046972656637235176,-.037901634010319804,-.02826438701764536,-.01811657447113243,-.007707854285424414,.002961454048164018,.013639654429455243,.02439915993280604,.03497241774478943,.04550287578036142,.05570540743766798,.06578376442992674,.07544037248557232,.08492396102666584,.09393512608279549,.10274677914144154,.11107628451392743,.11919042485704674,.1268540657221045,.134283934328801,.1413379551891132,.14812405347811117,.15465269909523896,.16085330644814225,.16695529978117063,.1726403248228218,.17841495574838237,.18366378242749498,.18919904108310398,.19410146097854408,.19946618329020765,.20412106672140576,.20935910936205882,.21386399170027293,.2189854025729624,.22341381373607777,.2283812209329393,.2327537963158238,.2374711714246148,.24173841147910163,.24606458360410688,.2501254295155858,.2539336049083208,.2577090810199549,.2609725941439341,.2645319821616391,.26714189685956075
-.01564741891033804,-.0022051470511829045,-.007951432188908593,-.01599110462141264,-.025171774769794434,-.034586342449060545,-.04338252970726351,-.05104424397856062,-.057032237289394036,-.061188627504652406,-.06325626259324489,-.06332228003952148,-.061352443369755726,-.057552861124032115,-.05204766702372945,-.045064465868876045,-.036819712896890754,-.02751011689581353,-.017381467766463165,-.006587326479191537,.004648428031886476,.01620473408366655,.027911730921134227,.03966395236109419,.051358417159685636,.06289147849627365,.07422615602765899,.08525294408969718,.09599241564686226,.10632739296700688,.11632408277829415,.12586066139503962,.135034758740596,.14372770080267802,.15205095372989808,.1599028245246867,.16738558913019977,.1744357893712743,.18111703549616792,.18743281181780647,.19337312684576297,.19904232473766983,.20432031013772,.20944567791388036,.21415834241141035,.21885373174070924,.22311892488253796,.22750585174150673,.23146160152380824,.23566273037766383,.23945806752808854,.24358310070081166,.24735406861488465,.25147333666123856,.25530372186015965,.259412458469872,.2632910221487724,.267283507087242,.27108776360319714,.27477945283097194,.2783279989797413,.2815526971484784,.28474302965651604,.28750247596809253,.2906069667569332
-.019721215571268835,-.002105091633476113,-.007542379215241228,-.01495105621412826,-.023227312749948475,-.03133283338387196,-.03854957374500468,-.04421355679249279,-.048014891632322976,-.04966310828990178,-.04913680078012157,-.04646051468025916,-.0417353888048335,-.035231900538492275,-.027038840844599708,-.017592416073040587,-.006900781863018539,.004521040681784254,.016746599356302475,.029268472730648885,.042202483969307154,.05511736217378079,.068122587289402,.08090263776288403,.09352335603055306,.10579810699342161,.11772953696620257,.12925420536549143,.14030848660343975,.15093386422395194,.16101076466384895,.17065868655941693,.1797227190670609,.18836615361488,.19642971645330634,.20407680578482432,.2111879747695269,.21787030044177075,.2241031070578955,.22986818534808723,.2353146849609067,.24022364326350548,.24498798146457812,.24911984977597776,.2533158032833815,.25677804470522336,.260530024947712,.26347057246573796,.2669151463903308,.26952712864407513,.2728095185532087,.27531591022727037,.2785705625471142,.2811797428631895,.2844865536490673,.28732326722427326,.29065116470306424,.2936905052666323,.29687515882051513,.2999378936195518,.30274197982763656,.30560591196251724,.30786609969576917,.31049311720106165,.31199968941410533
.010781005678608553,-.0019613951985690864,-.006963195749162341,-.013598856859244588,-.02075235770215363,-.027302795116766313,-.03259646330514943,-.03594715791445819,-.03717265655337079,-.03597426210671875,-.032523860904739854,-.026763299583501324,-.019089844078203706,-.009533933388361214,.0013850678874218216,.013651124892716616,.02670349966352875,.040583134405531116,.0547514871906711,.0693033414948491,.08376868030320919,.09827064948904195,.11243293981100064,.1263784632926697,.13982995110431742,.15288957496518027,.16537220026913005,.1773492952284628,.18871499108325895,.19950905838768115,.20968832081479583,.2192667787748026,.22824408108196279,.23662055678978075,.24441466707690296,.25163271565508993,.258282836239276,.26440534506173924,.2699636010902374,.2750674095746037,.2795972923374874,.28377261421748234,.2873550640126581,.29071129880908575,.2934591066851458,.29613611148917546,.2982110522959889,.30038988308689857,.30201492336534463,.30392097767750503,.30537432428919214,.3072600455496344,.3088358530902936,.31092827372638066,.31285842770093175,.3152730741063652,.31762744603070403,.3202852749905681,.3229074222498673,.3255281163976208,.32808577916377507,.33032202282845,.3325269385687572,.33423832481321786,.3362961371662846
.04128322692817217,-.001860578395264751,-.00634646818841809,-.012226468301682909,-.01797652731196973,-.022865338663962113,-.025740840284438682,-.02655802403547128,-.0245727252503234,-.020283966432448168,-.013208070312620121,-.004204517973487265,.007139992803715027,.019744851055905246,.03409285871072455,.04898936355353158,.06503811371104072,.0810316979621134,.09766770835754869,.1138185194601306,.13020587195715108,.1458501518421318,.1614253532464905,.1761334198474784,.19055176971268006,.20406583603797476,.21713628071684274,.22931625927217203,.24095176636453403,.25173890218304235,.26192492374537285,.2713162839567884,.28008869059282976,.2881152122098352,.2955412419494007,.3022494977219404,.30841191279123786,.31385212739872137,.3188399301038524,.3230618442341485,.326966894211602,.3300250631921908,.33294633452125705,.33491837528287244,.3369757746138993,.33799244224638536,.33934679198233747,.33962383437967303,.3404979714495138,.34035360573933754,.3410371200702867,.3408707872917699,.34168364884103225,.341898333568982,.3431003653210021,.3439732246438802,.34564042348855417,.3471905622132646,.3491280505781848,.3510654284473671,.3528503499282463,.3547111547695144,.35593473864167385,.3574713215296308,.35784295432354385
.0007960737950835978,-.0017305285283679046,-.005906030477550864,-.010813802827757811,-.015294936634691524,-.017970572878248745,-.01847119009808112,-.01599206012333446,-.010834972720447984,-.0026380444018596553,.007902712357689962,.0209455042879447,.03561265694853602,.052038409426915955,.06929308194810438,.08757944700618271,.10599526857751708,.12483860839666945,.1432862246994352,.16171377768500247,.1794060801957432,.19677550794690454,.2132252464124802,.22916143613179973,.24410236861251025,.25841586128903565,.27172463263464003,.28434232307779556,.295982240145887,.30690325697010207,.31689231540628615,.32616280806161424,.334553053095228,.34224716280941075,.3491066792485378,.3553097145179686,.3607076214368461,.3655038706997077,.36950107418844097,.3729681901837599,.37562037085917527,.3778365264687387,.3792133060651972,.38027959172368414,.38049663624695246,.3805684398886768,.3798277009201658,.3791497274278294,.37777303372788906,.3767003165856663,.37512876118245897,.374104065541196,.3728421229782076,.3723107534427253,.3718018898230647,.3720662075947271,.37252193740550515,.3735783588688291,.37482872437764486,.37628005376618595,.37777171267617116,.3789683524258263,.38007954004218003,.3806052597694079,.3813760046934544
-.03969107933867256,-.0016109369027555913,-.005257152509628571,-.009319899165403848,-.011844846728658175,-.012381781163794871,-.009454480272584173,-.00371649015423428,.005803400676049117,.017771225142648027,.032964345005143024,.049709970560043365,.06882466259658068,.0885093447057046,.10970656859865922,.1306196911635742,.15232873555434528,.17311833950280228,.19417660746376209,.2139202280691483,.23358030523996462,.2517388435180515,.2695925300925456,.28590669768571814,.3017778999205588,.31616077159962885,.330010036230956,.34246375896297854,.354325988197097,.3648970303492456,.374850096879981,.38361165476900705,.39175925347058255,.3987981088907455,.4052550235317302,.41065471590296415,.4155315810516654,.41935643084736607,.42274738041983606,.4250387499909188,.4270193230359237,.42781132958664325,.42845471306287,.42780861756347766,.427221085335276,.42527838666899254,.42364745947032467,.4206882873276136,.41833029965726565,.4148045149612584,.41218017746465063,.4086851037766322,.4063456353149876,.4035267491375853,.40197748598081345,.4003428109154244,.39985019966250146,.3995420710829654,.39994031326717144,.40056448716238163,.4011951051325783,.4019212521864573,.40195170924952,.4021430165850692,.4011485217212148
-.012451949232585201,-.0015979123411243442,-.005021256885219521,-.007823298000687005,-.008745951365277598,-.00605785577851752,7861531221925138e-20,.010434538738786176,.024011953504927394,.04107014072322293,.06031860153556328,.08193273525994531,.10458734055855812,.1285566511181068,.15257104358612794,.17705925864022848,.20083504209654748,.22448966625128988,.24692882629428128,.26887831941475326,.28934571526658154,.309129992203753,.32734544856071013,.3447976844477545,.36069888592474597,.3758170787124713,.38944765724550745,.4023036260756647,.4137522462271738,.4244498871531332,.43382641782226633,.442485952065025,.44990895424416616,.45665583897486667,.4622362994383226,.467185527878355,.4710094716581716,.4742507095283704,.47637357629379923,.4779698250633241,.4784260416920868,.4784278782500708,.47725741627384216,.47573575772850535,.47303627484753463,.4701378808498785,.4661336662938956,.46214552777331885,.45723957883859606,.45262955338554883,.4474102782210979,.44280761123246337,.4379905956490547,.43408548378427764,.4303712248004774,.4277331142840958,.42557903514549,.42440488191436543,.4237496898905124,.4236124856802032,.42369728798822465,.4235439290698761,.4232187483139012,.42210956089297774,.42105022378272966
.014787180873815357,-.0015610324231358683,-.004252587747924907,-.006055373638848695,-.0038533863154413786,.0019368096506547923,.013193500437416827,.028016589929891225,.047476134871369,.069163571129794,.0940419508097687,.11966494105831352,.14719865259448775,.17425111813721383,.20225450941238493,.22886322797048458,.25578321570307316,.28068683156517077,.3055328538769012,.32801917537364195,.3502666379674835,.37005570003625704,.38953422460308496,.40661285015900467,.4233709160924088,.4378475695449789,.45202708983242473,.4640538494364115,.4758157619694943,.4855542374784884,.495055641831135,.5026617935173022,.5100547646680682,.5156670626149004,.5210930311344243,.5248136657342731,.5283877432687022,.5302739042882162,.5320716620501974,.532141242903058,.5322038070997598,.5304522589393551,.5288112397422605,.5252626648345206,.5219860216929758,.5167746853508942,.5120365129453042,.5054765795611064,.4996310481794323,.4922513432721969,.48586971124342454,.4784005888239568,.4722195469771993,.46550524041460484,.46028947882891136,.45511131872511484,.45144807821815913,.44824905772048734,.44622136225768283,.44472820101565896,.44355149072966366,.4425570902957412,.4407488506508045,.43894240695394854,.4356472189766916
.015546339894951902,-.0017286446893698497,-.00445490265244341,-.004060827977840749,.0007908034452953886,.011875735345635682,.028132348123605388,.04953204417897271,.07447306499103398,.10239142379808892,.13198846003164547,.16275714307522354,.19376817886777772,.2247368370372956,.2549834917752452,.2844518870742414,.31259452325200526,.3395666630788092,.36487725332343357,.3888533876569696,.41104197852151053,.43186476391208073,.4509290828553398,.46866952839603554,.48476453616627463,.4996218762161817,.5129664465258894,.5251769864985044,.5359984955342648,.5457786011312236,.5542823462514536,.5618115889880816,.5681660205605109,.5735872532051252,.5779162751329097,.5813370778520317,.5837135992606862,.5852018309543434,.5856470737380349,.5852287612785011,.5837285574989871,.5814097559143182,.5779590374411714,.5737715393202578,.568441880578733,.562502463613751,.5555058286159026,.5480799600512636,.5398096903457806,.531359526569818,.5224091289100755,.513601964303658,.5047472592344601,.49640590244401656,.4885264522124104,.48151364093889515,.4754186251084381,.4703822979429234,.4664495304420961,.4633106440028088,.4609331564494768,.45837635522052683,.45579428137891836,.45198940738419363,.4480559552316438
.01630549891681376,-.0017358213674611629,-.003225289596258952,-.0007092615374098646,.009642887303776633,.02645743215406207,.05033936355289739,.07877457523694388,.11077086303256886,.14498646522504008,.17998613747112177,.21550469674833928,.25013431347392373,.2842477431343219,.31663574730070343,.34791474309666276,.3771567296222314,.4049711951290178,.43072851483117325,.4549315030073249,.4771440083407608,.49783232178156034,.5165811557068072,.5339527763942136,.5494589761494398,.5637790595769177,.5763798471313064,.5879631349224071,.5979986109550657,.6071518551081916,.6148703450822451,.6218329353628121,.6273875017473868,.632311584863844,.6357980574361058,.638754984089956,.6402371691728771,.6412242631323202,.6407320418478197,.6396889300533488,.6372183251424052,.6340761876920912,.6296269772002776,.6243868519265636,.6180038061050851,.6107963320597544,.6025967108198172,.5936867826660243,.583920957926576,.573714821689269,.5628341200093082,.5519242722517365,.5405978681336392,.5297709352078268,.5188787406499429,.5090727528695882,.49963834205957974,.4917940524681703,.4846217937873422,.4791701975325276,.4739751478969573,.4699697120365658,.46456647608248675,.45973414688524517,.4522638544659506
-.01343999369588036,-.0015839514587793568,-.0021847074753038975,.005772281679069809,.022024494775468282,.04803217806660721,.07995612860374868,.1166915527803798,.15592233266922134,.19605153400731992,.23650761129429265,.27567603710841965,.3139466686957613,.3499834229594315,.3844180917415864,.4164483753030351,.44648854894434886,.4743239715890618,.5000059485680723,.5237661025247402,.5454019018068079,.5653457489639158,.5833272938734224,.5997978429573796,.6145056193934278,.6278931445683993,.6396882460664421,.6503751049776239,.6596029777249101,.667904018577628,.6748669603646652,.6810024460866491,.6859136325823189,.6900134504861803,.6929725642447404,.6950875447734373,.6960976018325699,.6962178773810095,.6952209881969356,.693303573315271,.6902186715767843,.6862196582721353,.6809848842324071,.6748822493872565,.6675042563835352,.6593108006526709,.6499049652032511,.6397074920838483,.6285058319267842,.6165243043033811,.6038824850104875,.5905221384583901,.5769729548032018,.5629100806328875,.5492334854284511,.5354867751990969,.5227239783022535,.5105427859254417,.49986491829661256,.49026821719089164,.4822721875796824,.4746959620334413,.4678148464422915,.4592048523933872,.4503867868229336
-.043185486307473764,-.0011043199186229183,.0035920830067953436,.016513586834156206,.045311980767412385,.08071239202530421,.12383258539521164,.16914223399943,.21563408408476906,.2623221690793814,.3064297013768431,.35001175332652923,.38953693540956214,.427846772226085,.46232001955255414,.4948042096989978,.524421131610535,.5513865031429707,.5764635626249887,.5985559837955322,.619435354291726,.63739429308561,.6545224321246849,.6689860577194225,.6828874623648387,.6943153350019008,.7054743825618547,.7142366353621905,.72302776552149,.7294996323640874,.7361846707528689,.7406916788394512,.7454355545765408,.7481510760465293,.7510287110118886,.751981934379766,.7529782936419186,.7520968849950143,.7511405379199194,.7482815749989298,.7452970208968636,.7403100719472653,.735216323072792,.727990752939322,.720661708574347,.7111690596844396,.7014546842545649,.6897953013010859,.6776051850297526,.6639761040362829,.6493284689153168,.6339628490851485,.617089654546949,.600322383269026,.5819572104665074,.5644166456991725,.5459247307658672,.5287694935292906,.511875957348642,.4968871682004702,.4830128246143151,.4712954782463909,.4590450195608545,.44856441522910856,.4335098446563961
-.0005653291799348724,.0005921365689303062,.007822507183099472,.03863079315015153,.08048310703946007,.13097158569584105,.18507256667042538,.2394029878964254,.2928088223691248,.3437665745170119,.3918036527244757,.4364991695326439,.47770660061327547,.515422643455197,.54982668902495,.5808004590178047,.6091201729541476,.6341541481884692,.6573815203117552,.6775379718703024,.6964740628273415,.7126100327446909,.7277791478233491,.7404414256947257,.7523753885153487,.7620455983880557,.7713801198687683,.7785931384954713,.7858749897883146,.79110629236542,.7966475121475366,.8002042029867912,.804113571339228,.8061203630803115,.8083973020670232,.8088285268486555,.8094147720359361,.8081560026555596,.8069249556695036,.80380281620961,.8005657360570348,.7953547995797468,.7899375499997334,.7824537470716673,.7747251271217397,.7648848788557,.7546471543647607,.7423279443506731,.7292644955880162,.7142074451054308,.6980656631827391,.6800758287737628,.6608325498160124,.639968459262276,.6178298931685123,.5944939683650193,.5702033731086574,.5456077480225487,.5209440538198407,.4974861265379796,.4752203332135559,.4556868078910053,.43811249240337136,.42001864289402724,.4020826010332463
.04205482794878586,-.0024651513687270156,.035818823699131246,.08417212778905753,.14426281091041887,.21159898915592573,.27432001607126016,.3368091566012402,.394572286892782,.447772000799695,.49805272354942404,.5419478383003479,.5836649161052908,.6195145072064017,.6525036341908217,.681812152324456,.7066826277301127,.7309455035862226,.7491681013093769,.7692334990262409,.7826855539472858,.7987762187562671,.8087524058661197,.821334905151337,.8282943309636137,.8383658437185789,.8425961989786939,.8510597171221462,.8531342431261348,.8603372124432964,.8609175991711681,.8668293883505545,.8663428941820223,.8708549689918638,.8693864871010917,.8724100709384839,.8698023688558894,.8712350392765761,.8672315319651033,.8669055866854096,.8611344585502342,.8588662908551374,.8508744392998145,.8464578254464056,.8359829597413095,.8289262452102182,.8159643683764622,.8053742171223639,.789768365105085,.7747459484694822,.7559449773104788,.735945751676858,.7133884157741197,.6881452803162628,.6614385862767277,.6311223661403039,.6000242646047738,.5655774697564523,.5310869591304445,.49432904419323775,.46019778931700867,.42500518467324544,.3962798992788961,.36903542397902567,.33474030591263076
.02044854849979299,.01999084366803992,.08867785799092764,.17036173728980733,.2526708964411031,.3278314657627342,.3989970514708027,.4634289550499188,.5224114637723571,.5758091319084345,.6234393357244047,.6665160908301212,.7042629202722269,.7380800602223248,.7675771693208138,.7934418613298351,.8162379577556214,.8353723119183354,.8526103811326703,.866259080681432,.8788815051224086,.8884710820186252,.897576535347647,.9043468982685522,.9110336410651391,.9157044931160665,.9207168014617686,.9236915471367256,.927418351833299,.9290942518605618,.9317842603286258,.9325487453451279,.9343931036407179,.9344828298574911,.9355645431075155,.9349904358958129,.9352229819135865,.9337814485218027,.932919984925011,.93027981864677,.9280005115337416,.9237274453459892,.9195953614444351,.9130840270087974,.9064119028864862,.8969475254359726,.8868415229922325,.8737564828877973,.859339766824348,.8419302715945174,.8223412834850456,.7996427011825626,.7738626310554048,.7447876530633659,.7118584172476105,.6754849640550389,.6348282401764705,.590531444732543,.5420143444565493,.49026235018141445,.4351168529179232,.37954874770347835,.3239682083836617,.2749927507608055,.23823853192342434
-.0011577309612978114,.1198373610674567,.22983583471058003,.3272975125679119,.41513548087259383,.4937971311433973,.5641164534452903,.6261169259456238,.6809649247978306,.7296946508944602,.7723702304058917,.8104945476143258,.8435715180418171,.87246899437101,.8972343964842993,.9186428269325345,.9367429284592981,.9516336649615234,.9639482905708622,.97320576074922,.9805278108468108,.9859246483031507,.9899352292171826,.9932935471785419,.9957232448700373,.9978001074565446,.9993144587855741,1.0002974396566446,1.0009924910207515,1.001195303853278,1.0012932416976934,1.0011219672261662,1.0009373450394679,1.0007303094270483,1.0005099260978427,1.0003081675465368,1.0000015340056427,.9995432270508315,.9987969906033567,.9977432930207916,.9961270841901201,.9939670575637999,.9908784106665017,.9866529877513309,.9810413082765673,.9734040982724168,.9638314681791025,.951681437956372,.9369552968574155,.9194034064477304,.8985431871050614,.8740528737387514,.8454304861441738,.8122434703193447,.7740091077166077,.7310695924071889,.6820759305208095,.6261498892741599,.5630713743775339,.4926849755524209,.4139562487590548,.3240671832797532,.22455440824797357,.11952520737505622,.0034993881312254506
