-9146061881401376e-21,-8292218560887883e-21,-7438370581874845e-21,-10882926297269136e-22,5261792228311747e-21,-16481690142664128e-22,-8558121378794192e-21,-6857202083824932e-21,-5156284059003857e-21,21833976114284278e-23,5592959744217805e-21,-33715429259125086e-22,-1233605074228111e-20,-6528584360068303e-21,-7211165322888013e-22,-20108694532643655e-22,-33006194730333007e-22,-629460507337556e-20,-9288592792249005e-21,-7814148749484488e-21,-6339713334132424e-21,-58273249831986994e-24,6223160621061589e-21,3370894550911955e-21,5186352666747934e-22,-14924227710974666e-22,-3503480740849233e-21,-2765572617852685e-21,-20276730444148286e-22,-19447794942659026e-22,-18618841751326714e-22,4030815020790658e-21,9923508699772764e-21,6601817470487007e-21,32801238451037054e-22,-50063094693941475e-22,-13292746551848294e-21,-57665453417083735e-22,17596441869611457e-22,6767428715429328e-21,1177521914676645e-20,10187210439573954e-21,8599205566247017e-21,4999381525090977e-21,13995559798750996e-22,-36280751542336696e-22,-865570711591662e-20,-1010192960868607e-21,6635313063125118e-21,73409360895583584e-22,8046552705694091e-21,2637961310863936e-21,-27706289053431656e-22,-3372132862105668e-21,-3973629937826937e-21,27774198149471637e-24,40291807176251905e-22,23390372726835205e-22,648880738761456e-21,7625260668291439e-21,14601644897269577e-21,7118570582938362e-21,-36449398541941726e-23,-2636362691759426e-21,-4908238314387509e-21
-15404484354487125e-21,-.0004954146989085772,-.0003668021515360592,-9363760139435142e-20,751883817883593e-19,.00022418958357369272,.0003053539908533772,.000358783157643041,.0003693988813272076,.0003651802068156122,.0003840537328350832,.0004044950808834947,.0004324842607819486,.0004552989969040768,.0004560987757769,.00046742458313434303,.0005251424269594127,.0006109740106369385,.0007357856415762714,.0008538684288843711,.0009041991470373424,.0009142157147192827,.0008381400174155921,.0007426605605055143,.0006503307455463777,.0005722658930532019,.0005476363271310325,.0005420612994278909,.0005582304613042967,.0005791391647284464,.0005851993434340649,.000579348829284449,.000553786591564051,.0005134869375429071,.00046634775574329546,.00041913538867156385,.000377757754842316,.00033974592304680383,.00029938808003122605,.0002505844980089278,.00019343219473450687,.00013589338323981073,.00010192102966398583,8738223466287004e-20,.00011517866353611906,.0001502380028813177,.00017945925213008835,.0001855870051721156,.00015127829062982196,9837864153809126e-20,56175308652478084e-21,17408469519992215e-21,-5031361079992511e-22,-24422314654947928e-21,-8123830049926002e-20,-.0001435674319588099,-.00019434934819033425,-.0002298181429521172,-.0002474675132692358,-.0002588735672682556,-.00028576472091864014,-.00033517921921855814,-.0004894655186991286,-.0006014073437161505,-.0006372989439088223
-2166290963102859e-20,-.0007605688561091686,-.00022425207981037148,-.00027320970225336327,7192813675337095e-20,.00040123990470549955,.00025912682871326884,.0008691999374826968,.0006417372090203193,.0012186067446220937,.0012479397124271234,.0016515217165605552,.0019566749598055443,.0021073138791653807,.002507411806954496,.0024363224880665784,.002847045286616355,.0027976739806337297,.0030896071101065396,.0031533609086455026,.0031736584069253244,.003181524349514961,.0030079468027152077,.0028645254298076284,.0027301834129604507,.0025279626066123354,.0025227268981862657,.0023587662211760393,.0023711894465852277,.002266364545593988,.0021762057482366654,.002111605147449205,.0019239314759650144,.0018597190894321899,.0016608754916177574,.0015785116098345731,.0014223039196168874,.0013316236579118362,.0012001275382872631,.001073367673764111,.0009569481021656453,.0007690372567664399,.0006976879978589242,.0005372315996965395,.0004724541840614988,.0004433393288360923,.00027061878594474226,.00031343023073209615,23529038765535783e-21,3940227181775749e-20,-.00022177378127777412,-.0002005271552951524,-.0003606180326395683,-.00037231986976417336,-.00046821573674534975,-.0006299307760088336,-.0006069186671524711,-.0008237280963316997,-.000752587840599421,-.0009440351056121721,-.0009898555680665794,-.0012298571075380555,-.0013887705883403045,-.0018585679896733528,-.0014534114400549364
-912286559504755e-20,-.00018095796950551516,-.00017436614770025507,-3468647971860056e-20,.0001420466561873131,.0003632609160175405,.000681175107374562,.0010808925432976046,.0016144460400976252,.002223530761794824,.0029295682447692778,.003652975535325367,.004359717515047421,.005007987685706933,.005550934249393604,.005984360352767242,.006282090564652969,.006480013916300683,.006562456593507916,.006574482271909822,.006525170111996352,.006414123986989315,.006292535036427066,.006133833151207582,.0059696575433359576,.005806538005532572,.0056198399030672926,.005429673839592664,.005218689809692349,.004980752179514028,.004732737260728923,.004469270656984592,.004201483434948379,.003938187033988165,.0036882718517881607,.003436900371166058,.003211950330145068,.002978862092601765,.0027513601913227615,.002526744708741408,.0022772754494921423,.0020306164177495223,.0017589807022012466,.001471125961075339,.0011763287967430226,.0008674795935986429,.0005582795781962565,.0002607585554743844,-2725121722162214e-20,-.00029277077653853603,-.0005204593916900347,-.0007307604144268423,-.0008937538844630462,-.0010409115309985759,-.0011741019780169442,-.0012872981950274615,-.0014238529662363082,-.0015530335978588355,-.0017129691036412973,-.0019017012218561626,-.0021288460391881707,-.0023899152638392363,-.002692889282740362,-.002917662775540325,-.0030035172665108727
34171780532613897e-22,7346886736302295e-20,.00015114107669445331,.00033276698141239094,.0006045255030492176,.000966526357841367,.0016198154220070254,.0021349155027892133,.0031691844562564972,.003996114737269896,.005199395199176176,.00628465862816699,.007332939136027995,.008404006584525977,.009126789976560943,.009906476854142995,.010266662351519249,.010653786088917724,.01071711838780301,.010804832086041792,.010689289142107216,.010621830206890124,.010432082410348263,.010284411260351728,.010066461747467595,.009851716923906191,.00958835400647498,.009302175016743124,.008968877002791672,.008608483597183747,.008217486634642123,.007803805559019951,.007387128363709218,.00696450396654511,.0065555475171019065,.006152232459722876,.005770878585148619,.005378042472345073,.005010680235376451,.004601525051848081,.004213168829245734,.003762928842136475,.0033259205456915254,.0028162189555171807,.002333751101973898,.0017671987608888172,.001283846545289905,.0007012987837977066,.0002797665436550818,-.0002619326644695315,-.0005880662274405291,-.0010410917902519258,-.0012965486081685795,-.0016190044300948008,-.0018657614263390932,-.002071047871017129,-.002351449202176667,-.002549681504581285,-.0028376119484708794,-.0031185308218099647,-.003438947913812864,-.003756565345028739,-.004119463517209685,-.004305061532311652,-.004661310901192421
8347310072976066e-21,.00019650475201656806,.0005116534285347922,.0009209907666505375,.0014420211356412234,.002102587915797317,.002911852542505954,.0039016546130313037,.005097138792745065,.006455057576338905,.007925459122379656,.009424167438775914,.010864386412464474,.01217327470719386,.013276649323380473,.014155176272806727,.014797494468639606,.015222302180885607,.015468493145870121,.015564542072425476,.015555051060899449,.015463271769007192,.015319238770113744,.015127284021438678,.014903963413519392,.014634321055908499,.014323301264557407,.013956397048420761,.013533969464626773,.013056387005470224,.012532117834054094,.011971611540567787,.011392017691102577,.010802012682990875,.010219045238393827,.009639011958029442,.009073292858170955,.008506149525085101,.007935211365616647,.007349140175845718,.006733927921028425,.006089757033677748,.005406698509052525,.004690888877388941,.003941787549247445,.0031743479267433415,.0023907354618785976,.0016215015660692041,.0008707145951807401,.00017009627203402698,-.000475200383830985,-.001055732119414104,-.0015781267958801704,-.002047733757359466,-.0024844927478524267,-.0028910708840800083,-.0032816759424953074,-.0036622066690650294,-.004040630611153621,-.004420766261241744,-.00480840181581327,-.005186468472230563,-.005544833817914735,-.00584018686606871,-.005939419997489973
13277442106011121e-21,.0004895587034766165,.0011354846891442568,.0018570196099261982,.0026804469579485685,.0036257521611699713,.004818666651531118,.006104702620880071,.00772934199674615,.009402209484479344,.01127172618153403,.013082870528328606,.014848254290708287,.016435189619796994,.017769209291183842,.018871380492115692,.019652134187953894,.02024268554465846,.020569719604147503,.020779503074138225,.020832431169941493,.02081995826024935,.020722966669468715,.02058457651098208,.020366910722122517,.020110016452010902,.019748247965845907,.019334382638781435,.018813250596506376,.018230505578227904,.017575607352520405,.016868060138888006,.016136984020221366,.01537139474397852,.014617426413096936,.013840296103308456,.013081639743972024,.01230209939707401,.011519743812300951,.010710902950579481,.009867916892698439,.008987393627430913,.008056981199055908,.007079816942510043,.006068671121708141,.005009931440755776,.003961877066779784,.002885040526583792,.0018739509465744524,.0008709625553253191,-28922837967431178e-21,-.0008915874469436663,-.0016601534186866443,-.0023790616265970954,-.0030543703875411813,-.0036623719108625176,-.004277951446528663,-.004805897495934682,-.005366568194059808,-.0058326199787785225,-.006302628352552054,-.006694756069155849,-.007056796333699242,-.007238871809723822,-.007483178678125964
-13507772612973878e-21,.000912597475905473,.0019279608384989517,.003071380586955077,.004322112471318489,.005710805918618114,.007287001794205896,.009031032448469081,.010968109909144255,.013022973037001694,.01515151306633232,.017256314015960807,.019243018564591534,.021046432276348937,.02258242908769864,.023850401225841738,.024822081415537538,.02554545292765061,.0260434837232611,.026366972168201157,.02656123772587383,.026644845236230272,.026650852345859642,.026570240700492416,.026405789621142883,.0261467149785968,.02578028808149453,.02530646033859967,.024723512400039387,.02404071728606864,.023274031445510466,.022436985606510595,.021550886700138158,.02062520166583021,.019676316507477483,.01870404877028171,.01771778203908453,.016709766430778417,.01568105927343749,.014620759346994893,.013522237838161182,.01237677597806103,.011177719496335498,.00992648686803855,.008623506782101007,.00728584077822268,.005923264238246965,.004563407923800819,.003224969327477294,.0019301005775761674,.0006974512112725,-.00046660629010254013,-.0015566994431158699,-.002576629364606319,-.0035341937521716537,-.004429190840450743,-.005268430288244489,-.006041332701409071,-.006744462703653832,-.007365302429214149,-.007893540917914181,-.008324735216690981,-.008642277317644984,-.008849244994388572,-.008921217429492381
-40292987316926355e-21,.0012922146319920644,.002844648773404625,.004524686558786684,.006354172000120764,.00829510608312759,.010346321767067214,.012558044833417133,.014836081411103283,.01721376071934269,.01957433636887926,.021881833770172627,.024049368349735704,.025997274801242483,.02771309968970488,.029132929431165466,.030301568648754804,.031203205275916048,.03189525763892181,.032399335378316,.03275047509742041,.032977208278358976,.033082918945174226,.0330808567228125,.03295727387302006,.03271146268470331,.03233311728338077,.03182177900923186,.031180888743757882,.03041947288210101,.029551286144575552,.028592327160064792,.027557962727475467,.026462431822820084,.02531651523729105,.024128055542092047,.022901991206441267,.02163878482262106,.02033985944938916,.01899743429348639,.017611674820539675,.01617142305308986,.0146790565435296,.013128599602802507,.011529706872177697,.009887498867638034,.008218083653730375,.006543407454905874,.004874654749831685,.0032488960747577254,.0016622841958131497,.0001515048332393321,-.0012966184206466107,-.0026615843377288265,-.00394932066248579,-.005156674581674368,-.006268186100063459,-.007283238927905377,-.008172212899297966,-.008932953838237553,-.009550079534525373,-.010011027313562997,-.010329849510867826,-.010515737158789519,-.010547016686545077
-5036848545802334e-21,.00177394132260967,.003907966113601646,.0062551573990785635,.008717667782512274,.011266173313839237,.01387741216630843,.016532776332827473,.019215156117436866,.021881122593511926,.024488973320789538,.026982976886391653,.029305167009321037,.03141738354827633,.03327989123136546,.0348889332245317,.03623905268604356,.037351210822345986,.03824349630725584,.038941130704217335,.03946483071964401,.03982890829909741,.040043367782319456,.04010938844888442,.04002526259852847,.03978816223430248,.03939346598180655,.038843787366892375,.03814250914010102,.03729938297724606,.03632720391524602,.03523911666712416,.034051018540335584,.03277379627977032,.03142220610043666,.030000842981903454,.02852140498098471,.026982916520122392,.025391857259338544,.02374433727970173,.02204244509561673,.020281650097678953,.018464019827435327,.016589246013905275,.0146626162353308,.012693439545342796,.010691962774912184,.008677150599489727,.00666405869704602,.004675479127376762,.002727059318908248,.0008382650129893997,-.000979168079698095,-.0027098935959028792,-.004345455646934441,-.005869140945843314,-.007267475116226828,-.008520553031666682,-.009605910885305532,-.010512627966368092,-.011220568917862231,-.011739106023778461,-.012067309852928107,-.012235553159664453,-.012290395508242666
30219290224626293e-21,.002402917845708875,.005227999795319727,.008241907063046105,.011385180062677842,.014559091744812897,.017732927678473714,.020887382689303204,.023968954067392485,.02697734543956685,.029849043500939136,.03256370222690376,.035084225386597404,.037369965284063666,.039426354216460756,.041217561626584485,.04277510976876498,.04408363971330778,.04517575344568605,.04605231997006344,.04673375186387718,.04722396930545351,.04753135390103515,.047655532325162064,.04759867152744122,.047357352147553024,.04693535550919599,.04633169468877864,.045556597673279166,.04461608991372661,.0435239997767716,.04229267451293972,.04093451493866385,.03946358687055191,.03788908213137718,.03622319979902246,.03447135328155639,.03264285226163631,.03073894789438044,.028766277061148163,.02672381234223981,.024615868944205248,.02244300756914144,.0202106937363296,.01792274692938337,.015592040113335818,.013224579153420003,.01084399964979091,.008456199754823692,.006095651059499196,.0037645446659353454,.0015019324165525326,-.0006902378434274006,-.00277955769434932,-.004752929392776482,-.006588485859875504,-.008258663777015248,-.009745363626859812,-.011022083800778433,-.012071739994266778,-.01288963496250926,-.013471753578660898,-.013842135865211375,-.014027392442852515,-.014046706510259641
52142260519641545e-22,.003177035744952906,.0067294778778708,.010486236289481976,.01431096579948704,.018134995428829702,.0218952845697222,.02555867018405093,.029087433211974944,.0324597372795272,.035645959288854556,.03862619984889631,.0413780403776637,.043888269197883835,.04614857126498878,.0481548844786712,.04991149385579515,.05142183621806431,.05269432089327273,.053735511598295364,.054551631987572076,.0551479524622658,.055526439203124514,.055690966217447235,.055640229987151506,.05537908961894396,.054907642541623156,.05423350650472952,.05336260405838991,.05230545588923264,.051073352510082,.04967810263695702,.04813265332425704,.04644797879123955,.04463639127018421,.0427063674781665,.04066935194322826,.03853045330341415,.03629974067458413,.03397966894686528,.03157839224892116,.029097708871971117,.026545427656091865,.023925933351968784,.02124892483527631,.018525206394889176,.015766794733967214,.012992268758950903,.010216433708264626,.007463899945139547,.004752337562053874,.0021092527258681614,-.00044549050029170085,-.0028831916679543193,-.005180620901656286,-.00730902970245818,-.009239482509050627,-.010949030907467218,-.012407195445479637,-.013607023013505457,-.014531148698430939,-.015197433831378246,-.015615345687382303,-.015828714628217378,-.01589464929922409
-1979083812518518e-20,.004058857841968113,.008436749914014937,.012944129452786746,.01749767185057108,.021976952022699846,.026346319783811318,.03054170813999006,.034546651191544056,.03832693450919336,.04187272009860688,.04516447691634272,.04819764068994942,.050963009039669084,.05346078620219726,.055690365652715956,.05765293501078349,.059353165058721374,.06079136381800066,.061973678012193896,.06289988886303315,.06357520351947166,.06399961883334199,.06417773436765373,.06411074816962295,.06380396959418975,.06326181003666063,.062491969136518506,.06150268825350854,.060304626386013145,.058908509131629996,.05732682347434504,.05557073477309506,.05365275731717384,.05158337560803148,.049373686958820724,.04703326561167947,.04457102722205465,.04199571131839454,.039313948721330545,.03653450984980209,.03366268855467267,.030709242481646578,.02768030432451851,.024590928415365157,.02145077518640063,.01827970425630835,.015092670454794203,.011913384198358103,.008762204646679499,.005666064060237284,.002649139397046959,-.0002583428964676955,-.0030298516531525508,-.005632457529059874,-.00803704976817844,-.010212601385160723,-.012129658321042335,-.013768433428990586,-.01510802277345012,-.016151125737754277,-.01689898237458094,-.017380816299260925,-.01763042200643821,-.01768928609165078
-6844636041735249e-21,.005041471871695229,.01029414150120326,.01562502509253934,.020919018416836983,.026097279944634455,.031086926265474053,.03585284662797558,.04035876418868872,.04459027338129694,.04853169303589449,.05217817628686271,.05552762422699956,.05857764608477623,.06133353939506846,.06379287595793748,.06596146574784278,.06783787682981621,.06942525376491003,.07072428727772186,.07173565982359813,.07246302444170735,.07290642564520448,.07307225031745411,.07296221487560799,.07258500262133435,.0719455055417313,.07105450770250697,.06992021811297457,.06855476791620853,.06696886897058811,.06517504134036392,.06318513813902137,.061011067640817596,.058664673287623356,.05615632846593877,.05349714834619546,.050695724269304146,.04776237522463351,.04470473456724021,.04153309098156838,.038256139018378155,.03488535656955855,.03143291433697147,.02791324519440327,.024343792288527635,.020743085589270318,.017134533295121813,.013540181237319116,.009988849387037545,.006505292503861579,.0031223763954596685,-.00013209901452481765,-.003223559969465771,-.0061200676349406034,-.00878898796402181,-.011196225343959839,-.013317898271508961,-.015124845384766885,-.016612176285066033,-.01776691492126251,-.018610636539142158,-.01915698914215244,-.019452038196846235,-.019545314750192392
61015660385238365e-22,.006101067253258566,.012319493556105272,.01850453587832352,.02459524943034939,.030485120557956914,.03614074664761511,.041495096355628806,.046545086626337454,.05125500699260599,.055632344194259976,.059663931477129235,.06335736928850313,.06671443802585186,.0697357018477197,.07243085765532158,.07479366313152638,.07683597278928005,.07854898578424457,.07994346642243896,.08101249039615507,.08176600527376791,.08220094680126862,.08232761552377878,.0821474563987585,.0816724614349704,.08090777788409718,.07986755307704481,.07855948364550462,.07699866945988089,.07519506750647759,.07316305158584918,.07091442540104687,.06846172487577955,.06581750015349137,.06299187489427015,.05999738583473894,.05684170694579976,.05353783279989459,.050091810373991234,.04651877068768598,.04282503391059395,.039029916148831945,.035142047632416115,.031186783712295756,.027176291200465035,.02314279415563051,.01910288249992609,.01509383468063807,.011136884227123221,.007271570811146116,.003523086814327356,-6832010509928184e-20,-.003474148234406016,-.006655240550367928,-.00958011548659419,-.01221666056241319,-.014533478442324131,-.016515838934059036,-.018141485297769367,-.019420864341181194,-.020353698159561763,-.020973360755802865,-.02131185188971093,-.021406222085842412
1525573780653801e-21,.00723454342436104,.014457850142562718,.02157562872821556,.028494655847858222,.035153193487507575,.041494990806516294,.04748702905714931,.05310264445288241,.05833066021140597,.06316653082286863,.06760930565521567,.07166603291034875,.07533813701549023,.0786346610675806,.0815567200324686,.08411139077106988,.08629903992325107,.08812362210342753,.08958703861690322,.0906916229654266,.09144243994767248,.09184245660668892,.09190053350101897,.09162185858241954,.09101922264793816,.09010026822823028,.08888050992178517,.08736965213181386,.08558396047670573,.08353485682921032,.0812377555490041,.07870519043438795,.0759507258445221,.07298694068986386,.0698252517308665,.06647747913678903,.06295364783154467,.0592649365582579,.05542183603560323,.05143620897811997,.04732177980165581,.043093107169623605,.03876972140106073,.034370725616626116,.02992211850634839,.025449065713781343,.02098292672876826,.016554426917477577,.012198583713556971,.007949109639555266,.0038429131061080753,-8514240594382655e-20,-.003798160805971484,-.007260480774844402,-.01043863802651734,-.01329795678089478,-.01581536269515992,-.01796390001308154,-.019740299714736356,-.021134694577979934,-.02216921182971873,-.022858014103202918,-.02324318568857209,-.023366183476319514
-30504184806655135e-22,.008420567827991415,.016712040622764653,.02480693944166706,.032620670270735744,.040081743951982225,.047164675244696724,.05381959223714382,.060042788582397304,.06581013675427116,.07113105782739834,.07600157532300347,.08043101129825704,.08442695745620403,.08799362702424243,.09114219091487066,.09387249913450375,.09619476932623809,.09810773279681306,.09962009787487133,.1007328276374831,.10145432660477813,.10178964444812419,.10174883243117926,.10134080224035344,.10057897632871936,.09947458098964891,.09804408744295466,.09629988321977231,.09425959714143414,.0919362828956134,.08934685493067526,.08650463426309225,.08342444306470193,.08011945102863466,.07660161046649054,.07288399748572418,.06897611370827865,.06489186059736188,.060639968667116795,.05623721736374019,.051694188708069556,.04703306775216071,.04226924013440869,.03743168798157151,.03254236554471796,.02763702022379131,.022743864117807523,.017903616588510484,.013148970975492358,.008522099367949267,.004058582734732589,-.00020132036260371203,-.0042202902756225185,-.007962163598124699,-.011390053525979266,-.014475505000540019,-.017186643205292795,-.019510217861605086,-.021427970684429566,-.022948176247431958,-.024075642807613012,-.024837899170143955,-.025267900814270817,-.025389723116532138
-6930105677025966e-21,.009652818869130218,.019076266834373988,.0281971893506435,.03694279972683202,.045265403878797364,.05312127784185208,.0604856395369134,.06734058918714421,.07367945237032966,.0795042536248411,.08481764680889904,.0896313461434195,.09395073564707523,.09778969530418485,.10115238224810101,.10404979014395198,.10648598179364126,.10846866594938331,.11000394518941616,.11109820726289281,.11176123074713604,.11200041744808387,.11182985066085033,.11125933587235654,.11030657527071416,.10898390218011579,.10731110348075927,.10530217682902775,.10297714827059398,.10035063187283341,.09744133568461391,.09426363185335154,.09083397359631978,.08716574683343259,.0832730006341389,.07916783873509083,.07486301917331005,.07037002605065246,.06570273913256691,.06087396575689507,.05590178991909824,.05080325148857125,.04560319194056449,.04032537211234709,.035002242000887036,.02966518539683333,.02435271140641659,.019102627707163602,.013956125320964036,.00895437329845544,.004138375323503737,-.00045063561873482397,-.004773637203448007,-.008791556186948256,-.012470635249052935,-.015776166085036503,-.018686199537339812,-.021175615668841286,-.023242126723245264,-.024878058378923925,-.0261043340837819,-.026935049104104384,-.02740781599966429,-.02755894864541914
-10809792877013647e-21,.01092934561417881,.02153968816370968,.03172491843799223,.04146237684013753,.05067988672936453,.05935999979485144,.0674612928425748,.0749866025998819,.08191833729317566,.08826912011505922,.09403903422514136,.09924304888442251,.10389042628997684,.107993579301722,.11156373016264809,.11460990696636301,.1171425909121664,.11916962934555864,.12070186360004155,.12174789798844185,.122321000737435,.12243195400126358,.12209771125601374,.12133159637828107,.1201538523202035,.11857991213180454,.1166321580767957,.11432686128847404,.111686760487905,.10872791614741259,.10547145915446347,.10193277844342397,.09813008367389442,.09407790955320398,.08979084850719442,.08528336324337996,.08056646026690412,.07565665822361804,.07056297348694927,.06530666009842526,.0598984059967703,.05436624756517541,.04872702034820872,.04301598958054572,.03725961449993702,.03149854788334984,.025770037370132257,.020116384787392753,.014582860055112511,.009210405278533106,.004047029110437935,-.0008690343454340174,-.005491000046913258,-.00978544640201712,-.013709224781211424,-.017238374911900656,-.020337413530148483,-.022998405559880884,-.025200990706285707,-.02695770378010456,-.02827136364546064,-.029170701523372193,-.02968548676482037,-.029834860159315225
6220768249954392e-21,.012258476042113026,.024074832056886885,.03539140400366647,.046152141051805054,.05631764046307344,.06584995345058904,.07473165581786147,.08295094692104893,.09050427614908645,.09739740278278482,.1036363829354362,.10923786995348536,.11421059598824856,.11857399501971178,.12233677404693713,.12551632420309067,.12812209569401967,.13016881106230097,.13166888264674595,.13263569737208375,.13308642208743074,.13303499715416092,.13250317376997267,.13150660446581514,.1300701718080392,.12821134265626152,.12595629078542883,.12332348080260833,.12033836447101343,.11701922851101487,.113389171595639,.10946533852150724,.10526762135925226,.1008114420791917,.09611351812263493,.09118761860805058,.08604854012633763,.08070953343664106,.07518618503580655,.06949359187105376,.06365192907787565,.05768113779185227,.051609379823832645,.04546398130194801,.03928226053953771,.0330999260900557,.026961793053976828,.020910238270121347,.01499351365341217,.00925708372768638,.0037481818409795453,-.0014880953682303772,-.006408826902532325,-.010971997688571464,-.015142491905150206,-.018884680631222596,-.022176971531841023,-.024995468391562223,-.02733894299667185,-.029201597382989147,-.030605068798642214,-.031564205843607515,-.03211537864485052,-.03229362881519056
23251329378023108e-21,.01362029233110261,.026701359483428434,.03917745579041153,.051011615731365305,.062151902860065826,.07258304792993142,.08227081598807624,.09121829074937347,.09941187603932788,.1068662344012559,.1135845514016602,.11958593175418492,.12488332303091519,.1294951465736259,.13343799183263397,.13672870860405476,.1393844202371128,.14142176517453767,.14285869950051927,.14371343618015597,.1440064826128389,.1437581492889165,.14299229033777364,.14173082469859521,.1400004544837571,.13782375307825062,.13522897211327642,.13223815116438006,.12887930175804768,.12517280709963735,.12114458277715544,.11681281169603677,.11219982439954079,.10732190863121123,.10219707934769981,.09684082330313469,.09126737334462455,.08549349061542455,.07953175784417399,.07340324027928713,.06712269949584139,.060718314405738334,.05421181032409232,.04763950123367192,.041033572436837355,.0344372814365413,.027893770377871916,.021449634755019528,.015156123794541879,.009058599745604115,.0032116859326010083,-.002343849198001022,-.007554778161875253,-.012387320566081798,-.01679374020014593,-.020751277269313417,-.024222525639545835,-.0272018163287914,-.029669159361595296,-.03163972375268972,-.03311762349507907,-.034134386848591505,-.034719648310371345,-.03489411504782931
-10362412466664668e-21,.015020841156913493,.029395935185604165,.043076874882517976,.05601274251735325,.06817253124453174,.07952777018033846,.09005944925919494,.09975543429258882,.1086138206780297,.11664193524402866,.1238480347482232,.1302515314956452,.13586644443320142,.14071717817711638,.14482059779103204,.14820165736267096,.15087938098987216,.15287741322599951,.15421839871974624,.15492561625018988,.1550259544590158,.15454336782100875,.153508274001627,.1519455757395681,.1498875169949963,.14735961330542463,.14439403936295606,.14101600733704,.13725597466177214,.13313753997292052,.12868799036829004,.1239283098329644,.1188818005110807,.11356648010675385,.10800192959286703,.10220350904358683,.09618862012571437,.0899713225505883,.08356988190104048,.07699969853950658,.07028395685274658,.06344301731610093,.05650861514533455,.04950934279138876,.04248690957632937,.03547960155202562,.028537223643715914,.02170630181616559,.015040173648112833,.008589602717555026,.0024065795787695265,-.0034586101728124223,-.008959341942218296,-.01404977465781657,-.018692926328013764,-.02285121013492166,-.02650337735342805,-.02962559061901619,-.03221872683401575,-.03427896700406109,-.03583089474749876,-.03689264150578113,-.03750298976384907,-.037702537367447074
-4397615431226997e-20,.016453068056410704,.032152207139019576,.04706607378733394,.06114712832676694,.07435497494566791,.08667316203309751,.09806959917255115,.10854376879057559,.11808148476490246,.1266977234968656,.13439598255233565,.14119947216572895,.14712455648496908,.1521979536256164,.1564430237897663,.15988744495624221,.16255805013588195,.16448336236365446,.1656925605725589,.16621574194386296,.1660848424099656,.1653310894114437,.16398887359814718,.16208973047397185,.15966913844661285,.1567579935594469,.15339133827410115,.14959816193170072,.1454119369948816,.14085824633804636,.13596766534271382,.1307616870136993,.12526681494721084,.11950087870823019,.11348590434633021,.10723751743883385,.10077369868517051,.09411069471489202,.08726437213678999,.0802553255393257,.07310111593102514,.0658302122211047,.05846678651895541,.05104882862098377,.04361144336854304,.03620071404460613,.028864171015520888,.02165189749746905,.014620807773839888,.007820408020176736,.001311184427424772,-.004861955067927311,-.010640575541200617,-.015988271874102216,-.020853341458630204,-.025212945952973458,-.02902747089535872,-.03229389934753303,-.034991894386157414,-.0371418752326754,-.038749205867708185,-.03985274504186039,-.04048551052535538,-.04067078561393697
-4541757678144702e-22,.017908024554792876,.03496651328737074,.051140484144951495,.06639201444126042,.08068593668543902,.09399004045920123,.10628271752044881,.11755024778419614,.12778655717798712,.13699682448115252,.1451903937391417,.1523885799288869,.1586116096166517,.1638906292018751,.16825265957507157,.1717327989841509,.17436331258130403,.17618036764754638,.17722069897225484,.17752055155233362,.17712035108720808,.17605615871175856,.17437026718146845,.1720983021362497,.1692820381553578,.1659560928383773,.16215983528925462,.15792587319440363,.15328995707832008,.1482814313935611,.14293144137513825,.13726514542122853,.13130866557141915,.1250827746661284,.11860918456105207,.11190495008366017,.10498907390724384,.09787675240532913,.0905873188916097,.08313723114132616,.0755504896357141,.06784872331586624,.060064860459439345,.052229245573171997,.04438595035519571,.03657565879326402,.028852423732354048,.021265733900960482,.013874954338263896,.006734378388902279,-9748819074661489e-20,-.006566470569880709,-.012620620873525324,-.018210616967251403,-.023296526250290925,-.027838782965462525,-.03181603387385309,-.035204669275187436,-.03800842600638297,-.040226248806687855,-.04188837338646773,-.04301808493628232,-.04366189936227798,-.04387120351243011
4306780277490983e-20,.019377528139780005,.03782569047099021,.05528484672129115,.07174093311225253,.08714430950518395,.10146771207200553,.11467396158946849,.126758176985117,.13769961783109763,.1475125403685105,.156196745047168,.1637819849152069,.17028667583580617,.17574904380220577,.18020055669135307,.18368378123184895,.1862382154924196,.18790853729071905,.18873932091235843,.18877561016361852,.18806483058154796,.1866513579061671,.18458335312999405,.1819034028394661,.17865821958005398,.1748875178336397,.17063488300344085,.16593601421390686,.1608304915388553,.15534877203482605,.14952591112605415,.14338640939463915,.13696028028877288,.13026667315965162,.12333043904960875,.11616737612189838,.10879795059851644,.10123785918473671,.09350508445723196,.08561962096103205,.07760068221961994,.06947678975494945,.061273662634812584,.053030484154496675,.04478428847213064,.036583895161304274,.02847985918396773,.020526204660522365,.012784956401957875,.005309457139778365,-.0018326185800420208,-.008593756466088044,-.014907914540775667,-.02073773473429691,-.026025463329548,-.030749408088869765,-.0348666384129442,-.03837790704579125,-.04126288155175384,-.04354867098494304,-.04524449041521934,-.046398635705790364,-.047053574127726656,-.04723398465111308
6655361302927881e-21,.020866795001682766,.04070952104551099,.05949327048920762,.07717941208874698,.09372262371516261,.10908292393551222,.12322842949838594,.13613691741433176,.14779634843351436,.15820709235609864,.16737921916741116,.17533495653446904,.1821026697021227,.18772078212159596,.19223074447079588,.1956805209698548,.19812018793699948,.19960219201298182,.20018152586148658,.19991154673506956,.1988490436498093,.1970461504214476,.1945585886258357,.1914357309260082,.18772983230040327,.183486269377605,.17875202117396055,.17356765606393432,.16797384122558234,.16200567074311376,.1556972226657573,.14907756117512586,.14217436235382055,.13501085384474593,.12760929915049074,.11998825409611119,.11216692433451815,.10416118242893894,.09599074542001691,.0876721248734234,.0792301103088766,.0706862871727249,.06207515642669821,.05342741702855389,.044789908071095515,.036204698306437084,.027729963756154902,.019418154380880265,.011334110943388138,.003536320489292337,-.0039104611015038345,-.010947686016693874,-.017517813540853043,-.02356802699613901,-.02905504589378816,-.0339376021932642,-.03819429146501938,-.04180240450263341,-.04476955798941818,-.04709882629083999,-.048828748587569144,-.0499903950483425,-.05064234409271898,-.050853053757657536
-29757080176071955e-21,.022366289368534846,.04362383195806511,.0637609880017571,.08270429767140097,.10040852154126988,.11683213453459534,.1319272729241578,.1456762971575993,.1580497532362801,.1690594138180528,.17870188707875045,.18701275319052194,.19401407989008806,.19975824824847904,.20428793690376085,.20766491486186078,.2099454959572324,.2111951632745438,.21147726666398262,.21085699092948157,.2093995496043905,.20716681169198814,.2042221921854239,.20062205091329854,.19642548995637651,.19168194794635854,.18644445129113507,.18075493495938463,.17465938782782622,.16819207718806006,.1613918260186502,.15428532480786986,.14690447059423348,.13926938681839202,.13140572278275645,.12332924441111344,.1150610987940544,.1066159002125203,.09801310594178608,.08927065007137527,.08041025524449794,.07145817081374913,.06244339958370866,.05340379296873141,.04438028058055236,.03542228983944474,.026584857909022687,.017925082502756536,.009510096777658406,.0013980761993600981,-.006337485055315958,-.01364455807728726,-.020450831509572075,-.026716991164130857,-.032379565926468915,-.037418697199581005,-.04178764497904382,-.04549325519614639,-.04851442607464268,-.05088905105541645,-.052629546293667284,-.05380013454796608,-.05445308218302277,-.05462164639985053
-17696735891984354e-21,.023872652022971445,.04658690572639621,.06808687356029391,.08831317371215625,.10720336504655459,.12470399057000911,.14076571843017271,.15535196644212787,.16844356926615622,.18003353397701968,.19013416548293838,.19876827160191557,.2059759502201825,.21180465922777142,.21631523149823023,.21957221918586323,.22164842037610893,.22261698776988517,.2225553638505113,.22153855854931742,.21964278462124437,.2169399267817361,.2135009782887617,.20939146307118991,.2046747332108809,.19940819160892054,.19364621660727532,.18743748669136465,.18082688476877815,.17385452677706728,.16655598281674508,.15896334700084316,.15110389201278215,.14300253414161612,.13468025598414432,.12615621296601556,.11744826253107117,.10857211593614867,.0995468404278209,.090388237580975,.08112170874931415,.07176790086405586,.06236326330798124,.05293809979053734,.04354256817237645,.03421966323683704,.025032349198932668,.016035808237158566,.0073007259808840885,-.001109959627863677,-.009125580394561201,-.01668245553480136,-.023718257371745054,-.030176094202667644,-.03601022217072573,-.04117784495301039,-.04565847977452672,-.04943129245671872,-.05250906024483004,-.05490091743845778,-.05665544687420802,-.05781499510460122,-.058452370293696335,-.05865939531571698
-5636391608520285e-21,.02540156951651209,.04958182003244514,.07247863288371124,.09401352417689164,.11411135361040523,.13270796221580788,.14973559131467915,.1651654885360289,.17895570642397415,.19111643111348922,.20163993959564422,.2105715369853182,.21793887006384705,.22381337509270463,.2282523081958216,.2313420312131609,.23316007459287738,.23379746097610996,.23334146371398487,.23188034500776947,.22950225211556896,.2262877269113148,.22231944924226807,.21766759824688273,.21240576621685325,.20659267548315394,.20029129453509054,.19354886390885018,.18641739425870932,.17893346733458446,.17113841630205617,.16305960473034545,.1547289211364782,.14616616226054316,.1373959558649234,.1284328143157564,.11929685694767707,.11000095573457602,.10056424890273712,.09100284406170948,.08133948316846554,.0715988037417391,.061812191154436306,.05201695131297813,.04225744863291638,.03258451912204347,.023057804522340013,.013737684777132657,.004697316104290851,-.0040010021491002305,-.0122767871493978,-.020074541958973544,-.027315127838685102,-.03395818698382334,-.03993483935989889,-.0452280957047426,-.04978821844020525,-.05362977171594294,-.05673177406917548,-.05914546459632338,-.06088725215740034,-.06204120107815323,-.06267016642590517,-.06282025591830495
1750128705055539e-20,.026951874588102012,.052632612183367844,.07695172833080603,.09982228795683762,.12114754382426758,.14084422853530074,.1588461449122695,.17510067650381456,.18958156957188504,.2022744759670461,.2131967164281495,.22237393107560044,.22986283653433864,.23572442143444705,.24004380218981247,.24290664687633992,.24441405603459987,.24466436740124667,.2437626081777044,.24180876943121146,.23890264304562622,.23513791750944862,.2306033594261607,.22538173741982273,.21954802380837338,.21317212218551815,.20631468079117632,.19903248579146943,.19137261067278258,.18337951890238247,.17508808315597713,.16653193844324735,.15773600698371995,.14872487627601033,.13951673220731173,.1301293010048233,.12057799841111282,.110876818217865,.10104321344237673,.09109172624241146,.08104737664668189,.07093038751463165,.060778439006600626,.05062248644395503,.04051571305372152,.03050320534333794,.02065272611083945,.011023063183599816,.0016910519359422682,-.007275702709780675,-.01580031355638686,-.02381428535177273,-.03125084071802969,-.03804948309563048,-.044163340857782805,-.049548612811936586,-.054187797256801944,-.05806271521849102,-.061193550788285526,-.06359662579512268,-.06533278037390991,-.06645698468952313,-.06705831565592732,-.06725405355286629
406389657068047e-19,.028534618006274198,.05575613558027195,.08153656690914994,.10576754922013251,.12833190336157188,.14914067287237545,.16810104860480518,.18517434689229476,.20030482737494562,.2135061481005162,.22476809385216218,.23415239479505806,.2416954545545222,.24749427009280553,.2516254650792691,.2542054482195412,.25533858214070193,.25514544741128264,.25374340703320375,.25124546399760994,.24776828814785362,.24341096254699116,.23827959974342613,.23245699450192153,.22603328806098835,.21907502005562965,.21165480596303904,.20382398841596197,.19563868278506286,.18713646820938665,.17835917264532125,.16933256686942652,.16008700391482772,.1506391134622573,.1410111012844412,.13121391375623295,.12126533760361757,.11117516660718521,.10096085176385963,.09063672422885982,.08022475344396232,.06974960834913495,.059243329007517394,.048744952383618374,.038301509235729295,.02796695850324638,.017805747439898555,.007882419788492917,-.0017233157950614915,-.01094485462107216,-.01969431517127284,-.027913275521888617,-.03551599757261008,-.04246200142709387,-.048678494173080795,-.05415206414234326,-.0588328354145444,-.0627432978567783,-.06586620141686196,-.06826578166093303,-.06996620963050947,-.07107019107417921,-.07165493179386441,-.07177583623037027
-10399227603157875e-21,.030167242690385183,.058973094822782554,.0862578163216683,.1118768013908526,.13569818424541902,.15760983715953547,.1775256656540086,.19537672931644903,.21113392013570484,.22477932832492467,.23634221607565173,.2458571436647693,.2534034606158191,.2590609749567715,.26294576774236933,.26516999153465787,.265868822696686,.265170288939772,.2632115660667532,.2601209673660928,.25602476437931615,.2510404439293397,.24527583096774314,.2388315818520315,.23179417388316095,.22424545976758162,.2162509613695582,.2078743165988995,.1991624847523411,.19016260597441698,.18090643789018118,.17142690865900045,.16174438760438214,.15188061684289925,.1418489230074336,.13166353885136825,.12133575253898005,.11087649662715096,.10030054079154434,.0896205400547,.07886063402213125,.06804086900133566,.05720015943646544,.04637109794612275,.035610450204404454,.024966531617169278,.014512697112721533,.004312367600327052,-.005551176004624877,-.015004714533248406,-.02396571990811757,-.032360347262367785,-.04011878686784434,-.04717722266802391,-.053489769699042414,-.05901277876547527,-.06373426509590463,-.06764026477464176,-.07076092255991594,-.07312089650259238,-.07479540701040771,-.07585201437739097,-.07639754370743823,-.07657338625542501
-6143742091545062e-20,.031878351143744196,.06232001864412192,.09115738238990935,.11819837109889418,.14328172662280947,.16630035061884524,.1871341867742876,.20574128728320487,.22205600965561573,.23610497563536528,.24788219519785265,.2574736251822098,.2649313478815244,.27038523756084987,.27393764620008215,.27574098715013023,.27593256094501706,.2746661839716397,.2720941435572736,.2683564169806596,.2636014857119751,.257947536346474,.251526029243761,.2444312380430811,.23677081488125945,.22861645310175516,.2200505622437394,.21112504797949536,.20189936608036177,.1924085288237117,.18269316318056222,.1727744308458203,.16267865840731321,.15241714999117129,.14200668034197902,.1314535527278951,.1207701604965577,.1099631609139761,.09904598748383273,.08803163294413878,.07694031487246807,.06579732166785787,.0546356342098061,.04349681404754998,.03243165694301658,.021498113604928128,.010766888970301692,.0003073148495226331,-.009793216656350245,-.019463488367864677,-.028608060738909823,-.03716574634590378,-.0450450874875071,-.05220658940950194,-.05857520000074121,-.0641431490332219,-.06886287530076453,-.07276669349406305,-.07584440235207814,-.07817347652052052,-.07978947591298524,-.08081151117599748,-.08133409163525263,-.081418502046917
-69146200031833145e-22,.0336743408725017,.06584842971356317,.09628193431618251,.12476777372369463,.15113266040578266,.17523122249676407,.19696650583441377,.21626067680944547,.2330924879466739,.247450713526385,.25938572224244294,.2689493470828203,.2762531508602137,.28140337059293913,.2845545445087148,.2858513671766069,.2854683467588471,.28356768956019723,.2803218141722463,.2758905355316586,.2704277277650402,.26407637745001156,.2569629740403937,.24920615411136823,.24090254374618064,.23214462317042484,.2230009399642153,.21353951770122082,.20380504668117647,.19384428673608434,.18368327091706363,.17335135253154985,.16286147366550804,.15223015598261155,.14146322904901507,.1305695090074498,.11955411630087649,.10842357569614779,.09718890937252442,.08586018685814319,.07446081797725333,.06301055295537411,.05155062451689778,.040115785085339216,.028767725489232666,.01755922220235852,.006570269293298958,-.0041295132666955385,-.014449947935967152,-.02431102207712138,-.03362490708278552,-.0423121565658036,-.05030124039267772,-.05752588964846059,-.06394350033957416,-.06951253105594844,-.0742294116532771,-.07808689199238453,-.08112777433215852,-.08338704191944774,-.08495577588019361,-.08591451212715381,-.0863876306856905,-.08653734366091322
47608180909354055e-21,.03559734205504531,.06960271730012281,.10168705661031924,.13166283478375523,.15929564076330072,.18447017539267593,.2070411076408857,.22698308012235466,.24423076858928985,.258837518993107,.2708121189587848,.28027630717502444,.2873088657086726,.29208004878287336,.29472729993953173,.2954436805528909,.2944055847285057,.2918032536650466,.2878273751542481,.2826463931942661,.27644219008727794,.2693519282970403,.26153248383364264,.25308807014310053,.24414287986318317,.2347710869850156,.22506349807053574,.21506896457650382,.204848602178047,.19443090798083226,.183852874507563,.17312783638007995,.16227499892777483,.15129812966206602,.1402055490954253,.1289973137976199,.11767802051613947,.10625019641075951,.094721794340601,.08310426061333284,.07141581484542019,.059682751357622965,.0479399053666016,.036232179356760125,.024615550856998562,.013153301369747246,.0019237157060136888,-.008997699355988978,-.019514643355237324,-.029551004282352623,-.039002652814197986,-.04780701971702549,-.05586652416466079,-.06314520207444742,-.06956700495164961,-.07513258313144744,-.07979987002400615,-.08361312341590853,-.0865734283238065,-.08877190837754528,-.09025928022692997,-.0911687597526119,-.09161329087124444,-.09166018706518259
1294354464501433e-20,.037674933836119556,.07359647186471724,.10743432146057007,.1389143120168996,.1678347522982801,.19403039837237623,.21740799202807135,.23789660777744662,.25549907984181414,.2702264132988433,.2821648226660841,.2913968210198735,.2980775010171913,.30234955686821463,.3044136201568796,.3044533199179068,.3026869548575635,.29931482646739727,.2945462443663997,.28857442326771854,.2815804314243381,.27373304255943554,.26517559792059714,.2560436148475288,.24644132028249333,.2364695607525632,.22619721036334,.2156935275729942,.20499820555726425,.1941540924509069,.18317856456195042,.1720941795855727,.16090346931020144,.14961510165863456,.13822482490854035,.12673387750968865,.1151394233504106,.10344196069634287,.09164802853432959,.07976423186781037,.06781367794181833,.05581573592412601,.04381526989945178,.03184997238054747,.01998797360995634,.008288188555637597,-.0031616328336343726,-.014283604006115475,-.02498014760837856,-.035162916433969474,-.044739127788991806,-.05362326720857719,-.06174348275244824,-.06903202915779892,-.07545199967816614,-.08096639486267414,-.08558318011591257,-.08930517889630235,-.09219058889819898,-.09428779196285487,-.09570465474726078,-.09653593180806763,-.09692198398483713,-.0970406586086456
-2172109161914156e-20,.039937621588430006,.0779358194798641,.11357567069601378,.14662067353518046,.17679196911642656,.20399529886074289,.2280796785031568,.249055857058271,.26687633345539513,.28164179877176065,.29339390269164184,.3023043147187921,.30849216436381827,.3121772994395561,.3135416622231385,.3128237042584452,.31024468145472545,.30603280541126504,.3004196123125934,.29360165941616123,.28579409298559355,.27715133927303237,.26785418812392636,.2580139243784754,.24776915153114926,.237192809388916,.2263817362519002,.21537761332353045,.204240639274005,.19298888378612306,.18165288767442822,.170234866640504,.15874391899571216,.14717380155943158,.1355214014510004,.12377903687500494,.11194091301826845,.10000484401985174,.08797161762936477,.07585122392685305,.06365941199425698,.05142423393636038,.039182942973254996,.026985248848743027,.014893607779420472,.0029783465031738773,-.008672920147952817,-.019977227471451364,-.030827741349151554,-.04114293297722909,-.05080919061799427,-.05976308546078927,-.0679010780213789,-.07519289864249099,-.08156248984070907,-.08702278364680423,-.09153921605021635,-.09517216244356591,-.09793706206502409,-.09994092185943362,-.10125274542448297,-.10201800156900828,-.1023686690390934,-.1023793311109539
-18199716254658475e-21,.042417922878610965,.08261359361587425,.12017877067860487,.15478568178675933,.18623164301331213,.21435827650445852,.23910352141000585,.26042976147085756,.2783866656499936,.2930297666019572,.30450036844069606,.3129305229540651,.31853081830449936,.3214926879857718,.32206987807765547,.3204920714136845,.3170241960920196,.3119074957785944,.30538805032563426,.2976922952338871,.28902652218390734,.27958328463844057,.26951976285670515,.2589854346882786,.24808860958919945,.2369351303278465,.22559039114181356,.21412154576777145,.20255944794410524,.19093990455271112,.17926838876119286,.1675574275901536,.15579669548217656,.14398375101662345,.13210247221065755,.12014380020722326,.1080958574914941,.09595119258690003,.0837115154290125,.07137899916830397,.05897666955013174,.046523846165653374,.03406970849127833,.02165645476159633,.009359809791213263,-.002753116521604905,-.014585469617767683,-.026049156533669512,-.03703839661354897,-.04745482590327192,-.05720103836941093,-.0661844907489799,-.07433449896328777,-.08158220748071167,-.08789908426271074,-.09325463937949038,-.09767181094542234,-.10116686175327015,-.10381655389252223,-.10568613590340722,-.10690151636874985,-.10757360822352213,-.10785716926276964,-.10793961324370208
-14678340893737383e-21,.04515146400839948,.08774294492972472,.12727337391430077,.16351617881849145,.1961714629665697,.2251980262747877,.25046934189523035,.27206581375967076,.2899873470217971,.3044052131075552,.31541681929475435,.3232610292547104,.3281141513717033,.3302552844190882,.32992090226855963,.32739893812645565,.32296006791401743,.3168699503014244,.30940223092750496,.30077790493088136,.2912444735612347,.2809688044515867,.2701530678674383,.25891095427624794,.2473917930582914,.23566343588635874,.22382410153576143,.21190554422653982,.19996211899080216,.18799921465486882,.17603710750416066,.16406403054811824,.15207670425692596,.1400555117007001,.1279846376035284,.11584574250151439,.10362193089942928,.09130447774747576,.07888625870990298,.06637580965668631,.05378510240766669,.04114612726586389,.028497229198491007,.01589624275941436,.003411786135013752,-.008875823907495648,-.020868840370431775,-.03247492061773773,-.043575351256059144,-.05408247994790121,-.06387190596073275,-.07287998478897026,-.08099665688099253,-.08819917038909018,-.09441254262589124,-.09966453635896808,-.10393114845694823,-.10729157571102732,-.10978005387386332,-.11152110486655818,-.11260634432166801,-.1131919764352286,-.11343013394888128,-.11340726080835604
9642288405895976e-21,.048159451707785905,.09327704275350765,.13492315947530092,.1727708392163519,.20665703816335665,.23646390076080553,.2622003739036249,.28389664696927114,.3016815093064933,.3156857135271382,.32612650360332074,.333207303945073,.3372079108112658,.33838343217242445,.3370463466711233,.3334798656998299,.32799576071601416,.32087753307183525,.31240542414219047,.3028364734413882,.2923983213143554,.2813027404338071,.26971639918726353,.25779782173991084,.2456547557283133,.23339379491991516,.2210721981138049,.20875152965305604,.19644970716032586,.18419240258308317,.17197005583733407,.15978210151371064,.1476033332198343,.13541713880506384,.12319449440230949,.11091326898290256,.09855214792482803,.08609371356238615,.07353461709040952,.06087191627457043,.04812831891390994,.03532392269670039,.022512262666734922,.009741855399297809,-.00290343655611912,-.015346167698191433,-.027479528758743085,-.03920320371418338,-.05040231080112511,-.060967125118075526,-.0707949325049146,-.0797856447903493,-.08787013209205143,-.0949785399056849,-.10109263237630137,-.10618969539554833,-.11031064259894521,-.11348802463702963,-.11582021248299494,-.11739336997192254,-.11835287961022038,-.11882946601605171,-.1189914495505668,-.11903229625778021
3396291770280713e-20,.05144924153771322,.09934222662242718,.14311426641680655,.1826450587504913,.21765750859862287,.2482084772920351,.27424052126297677,.29593842102281837,.3133879755132081,.32685781989337187,.3365312384813647,.34273108625492016,.34571140027245983,.3458196155461908,.3433578250721934,.3386650855553413,.3320649174686332,.3238573981469741,.314356273833779,.30380183506024316,.2924695845427657,.28053273751036506,.2682097242634773,.2556109850585169,.2428912035907567,.23010868295705866,.2173580734004143,.2046576586247764,.19205199796976194,.17953074658318588,.16710071210800434,.15473375544848839,.14241170537780315,.13009971465752143,.1177676201734239,.1053848866538634,.09292218959274023,.0803636952953138,.06769278254009246,.05491739816440545,.04204421357255124,.029110984385281192,.016156196032232277,.0032480533759468985,-.009538975236528427,-.022112276310122324,-.03436349688675403,-.04618926092965132,-.05745767963826426,-.06807433530781187,-.07790253139279951,-.08687842492482556,-.09488463111428597,-.10190651111369209,-.10787046934856882,-.11282087261087997,-.11674568578159517,-.11974618429930395,-.12187780550933124,-.12328629781438662,-.12408871565036102,-.12445423814573396,-.12455574298186367,-.12450145188202325
-5097479712357295e-21,.05504725062311514,.10579663398892744,.151876050473024,.1930215640519936,.22917355411754345,.2603136713887533,.28656517198135123,.3080675451571429,.32506402518764826,.3377938463466496,.34657641592627264,.351711252236338,.3535619218942735,.35246216391800167,.3487878931767069,.3428820381301448,.3351005408770061,.3257689885041075,.3151949809302449,.3036622893064934,.29141197270191527,.2786695909661969,.26560398741901925,.2523770531831124,.23909004323476798,.22584515355615165,.21268711671588902,.19966752284580744,.18678834460117952,.17406141115533452,.16145991339686624,.1489674545769415,.13654225831975042,.12415170545590987,.1117527329347446,.09930872347294485,.0867881686466691,.07416269414862735,.06142355532587581,.048562119938986015,.03560115000525123,.0225610951147154,.00950085625723515,-.0035249076072147467,-.016422912286369697,-.02910500842612588,-.04145315193561401,-.05335397586580543,-.06468252881344148,-.07531637169828341,-.08514727968456126,-.09406570792607377,-.10200447874813953,-.10889146391354862,-.1147193394305328,-.11947343651906613,-.12321396264523102,-.12599200911811043,-.12792941474711506,-.12913752459153743,-.1297828142900528,-.13002137303086983,-.1300359406271055,-.13002926360900216
-44157877128965526e-21,.0589166374824791,.11276666930162897,.1611212149551387,.20394908732790606,.24110072030516852,.2727762967506221,.2990495401990719,.32024165279838895,.33657001889880245,.34842681659107044,.3561180773160315,.3600656754655839,.360626758757657,.35822085240134144,.35322943875250906,.3460393319585815,.33702957866357214,.3265280568471776,.314883701769664,.3023489339649253,.28921838290763313,.27566557204549474,.2619159196239658,.2480715429459472,.23428503207484008,.2206006767440413,.20710444839509776,.19379731993341293,.18071073115781233,.16781566912714826,.15510301923085165,.1425266316131851,.1300513455378728,.1176266078319057,.10520594310710107,.09274686781322034,.08020588023018199,.06756043377431813,.0547835255244536,.04188236776391339,.0288585951955763,.0157550326461282,.0026111929784741767,-.010494990976583803,-.023482224440500916,-.036245641410805725,-.048665771837991,-.06062694877385628,-.07198482483595696,-.08263516751700113,-.09243062560590688,-.10130338020803309,-.10912994346525368,-.11590114093427824,-.12154492149571905,-.12612174963207,-.12963159670116395,-.13219947056231135,-.13390305340670625,-.13491300851673135,-.135373994529697,-.13547358041386087,-.13540741814917157,-.13531557452570064
-8818517173659263e-21,.06305094567697928,.12006213616247124,.17082505598593334,.21522492897396334,.2533689848749087,.2853967089582296,.3115958337924145,.3322631205322177,.3477933968448946,.358570075687607,.36504156817260713,.36762984492284917,.3667955808889887,.3629653725788647,.3565809023112529,.34804880841125085,.3377635356999737,.32608948204595817,.31335183830438357,.29985418097847105,.2858403346500834,.27154206418819427,.25712115202790736,.24273613871710903,.2284751208296065,.2144302336580851,.20062955338182248,.18711021145607712,.1738557184856495,.16086098421602907,.14808056239451547,.13548030353027055,.12300115036499591,.11059345847740606,.09819954468967977,.08576801008141273,.07325673049808543,.060626188708210065,.047862262313559965,.03495002431719273,.02191275662608633,.008770262523542108,-.004412582306134891,-.017575914399276613,-.030616724487711713,-.043436519163061564,-.05590617569918621,-.06789866895422719,-.07927931844982379,-.08991147112516804,-.09968098206470616,-.1084674722133683,-.11620398711717962,-.12281494926795396,-.1283019387976015,-.13265732549439363,-.13595935443880497,-.13827794298128457,-.13975901843914507,-.14054141415029395,-.14081579317526857,-.14076835768365512,-.14060121512752505,-.14053638930373222
26520842782402175e-21,.06738294932434602,.12773604342227468,.1808206132057921,.22682386190907347,.2657844183417174,.29808748538824026,.32399541213148453,.34400693489528644,.3585213199613033,.3680786667002708,.37314560265855373,.3742557462241883,.3718946199799436,.36655491746638025,.35870942553513935,.34878473772172996,.3372169591892856,.3243490849499883,.31055993175428387,.2961008802562149,.2812772948549253,.266251985895189,.25124890594886784,.23635377908951202,.22171050702209133,.20734370415869408,.19332635296804662,.17963837598446714,.16629528119046885,.15324752167565922,.14046835795366702,.12789311749214904,.11546852311304538,.10312888125003676,.09081010887034498,.0784592844837779,.06601723927141223,.05345648854785011,.04073787017618128,.02786962306288087,.014846123092486844,.0017168338918533226,-.01148019286025722,-.024655990819865276,-.03772536291623765,-.05056949928897194,-.06306110538284655,-.07507003929357063,-.08644162749002703,-.09706016324546339,-.10676731053900504,-.11549003571124071,-.12309665783972244,-.12958120344514185,-.13487080628743806,-.13903877254050437,-.14209551951436838,-.14418756354115195,-.14541524753887666,-.1459748383007459,-.1460424368509584,-.14582840046728635,-.1455596473372969,-.14540504233030607
8668423500203282e-21,.07188109709247785,.13553767620398147,.19102744868893143,.2384728467131397,.2782025023732832,.31056568992785705,.3360647792920096,.3551995086417803,.36855696586612147,.37670270921204446,.3802379519930656,.37973082461656094,.37574990670848263,.368826718583567,.3594663229801513,.3481398722973854,.335270131857188,.3212534518118737,.3064196413496699,.29108136999645,.2754734598440474,.2598227726038301,.24427518817136248,.2289766565886206,.21399629313111534,.1994097187567915,.18522497168732696,.1714606410943935,.15808029722199543,.1450596927944647,.13233444201371866,.11985187414648689,.10753598924488245,.09532020865111045,.08313280827802232,.07090820729398248,.05859385231787841,.04614007781741223,.03352667399522596,.020733580831623768,.007782809307882928,-.0053054455948898325,-.018463072798891898,-.03162449455420866,-.044679750233530366,-.057520440232754586,-.070008085481492,-.08200324262460641,-.09336138382544727,-.10393315826934398,-.11359644474023316,-.12222002868492676,-.12973388371047845,-.13605639259260646,-.14119355669683623,-.14514113334603856,-.14799105008137264,-.14982904466085967,-.15082370220273628,-.1511414583045491,-.15100071443368104,-.15062146209144467,-.1502337831531105,-.15009491119220628
-9183995792061437e-21,.07642589146213241,.14347954442289726,.20121804473641597,.2500756422064482,.29034953258974605,.32265859440860606,.34751133397558454,.3656198006745548,.37761298607330246,.3842043213619777,.38605728702492903,.38382536331141603,.37814526973528073,.36957650897000943,.3586926247925838,.34594465585111767,.331824737658014,.3166722369611054,.3008884673625753,.28470624230831915,.2684323761925577,.2522050000445769,.23623825197725862,.22059204687961065,.20539507309475033,.19064723539713158,.17640389867751152,.16262207362199244,.14929863945365576,.1363636062396267,.12377130597148206,.1114398790364357,.0992975914751666,.08726535063902235,.07526186738699947,.06322541572603539,.05108130211456558,.038798930563179984,.026325911880280464,.013673439269917573,.0008259745979735414,-.012158602277530708,-.02524818909317589,-.038341178827220136,-.051353680830258146,-.0641525151589063,-.07660647354346954,-.08857187659820195,-.09988607085053097,-.11042155923842724,-.12001074826971173,-.12857125517088208,-.13596321626763103,-.14217690198121932,-.14713491046811214,-.15091690473034755,-.1535367908932395,-.15516000753105358,-.15590269472219198,-.15599121271920346,-.1556301453335269,-.15506519693233384,-.15456175570258862,-.15430738979872563
-38881109689514646e-22,.08098775948941778,.15129307341105142,.21127090676863766,.26131187846617343,.30202496683918945,.33402562230092625,.35807928402603867,.3749345716552724,.38540846487839536,.39028125559117477,.3903305700362365,.386289207689704,.37883849515660206,.36861800675848794,.3561889685783258,.3420799769752206,.32672790279629466,.3105481904484317,.2938593049676213,.27696946515758736,.260089898257912,.24343148581834367,.2271129002179578,.21126004902085446,.19591563206071505,.18113453433954238,.16690060404230128,.15321227979882063,.1400115938622147,.1272551782878674,.1148601097624459,.10275604119475544,.09085151260015932,.07906431653042043,.06731055403459583,.05551154598269012,.0436064502765713,.03153543533154274,.019274247536802167,.006796283762687184,-.0058767763822041436,-.018726832496164456,-.03168315151967205,-.04467760976830229,-.057595664501863264,-.07032203627062932,-.08271284796882687,-.09461823455011398,-.10588785696989182,-.11635944723285906,-.1259046709995667,-.13437857313885102,-.14170479205598197,-.14779040356040377,-.15263815441388373,-.15623890676111235,-.158690296521855,-.16008563359834468,-.16061247593509886,-.1604621467622294,-.15988549478341432,-.15914164361717503,-.15849937176456683,-.15827479246193446
14077738618872285e-22,.08544271260413838,.1589538028705104,.22092334672203323,.27203957763399117,.31290488270317396,.34442633871526324,.3674144257023736,.3828345867078237,.3915948806933239,.39460203583773484,.3927496684358734,.3868097556675022,.37758418187517456,.36568376748232284,.35178283876784977,.33633480611623334,.3198786105663634,.30272806711765937,.28529358538668964,.2677719967564246,.25045714407431574,.23345168100559455,.21694693036690973,.20097203103711103,.18563106814982192,.17089776967239675,.15680438012652564,.1432857692540554,.1303177449247015,.11781202526204285,.10570390399197366,.093897013783515,.0823022791878763,.07083016459298598,.059383665801756566,.047894576305423354,.03627502251101206,.024491152556204893,.012480834300997216,.00025485115355070156,-.012208854635837985,-.02484977216160598,-.037639410364962496,-.050470935485074746,-.06326176833444838,-.07587104866927949,-.08816768858267089,-.09999756968250774,-.1111961055197248,-.12162367940385273,-.13110565152495124,-.1395479510608699,-.14679736614907563,-.1528347862218608,-.15756712201206582,-.16107096329306744,-.16334969940729455,-.16458080554901588,-.16488453795055855,-.1645214944199858,-.1637209174219454,-.16278280652726512,-.16201909019152683,-.16163563870292158
-6931544460931994e-21,.08976561592383892,.16624005887817386,.2300717421462561,.2819374072136214,.3227696097297023,.35349628893011154,.3752077861126708,.3889535423484117,.39582188640844607,.39683971018750297,.3929724024023609,.3851254433186608,.37408425403472967,.36058904023233684,.34523722667741485,.32859936157068403,.31110354504935517,.2931669760389135,.2750765654002481,.2571200076886631,.2394702122207127,.22230915341338028,.2057193113441227,.18979747408075606,.17455588160884758,.1600231938386214,.14615883251687659,.13293852440454507,.12028469370805893,.10813500891410543,.09639057933257841,.08496552293182337,.0737556494908229,.0626660789743958,.05160323343550126,.04047844760813892,.029223935375541223,.017772645353036985,.00609558791793877,-.005838386536176733,-.01801038612575873,-.0304047111386101,-.042951955010162246,-.05558450127945895,-.06818867029923266,-.08064758915141512,-.09281753217824877,-.10454464612815748,-.1156761071532438,-.12604208077836948,-.13550637677486518,-.14391124550835,-.15116645333748574,-.15716021792682333,-.16187896116486622,-.1652940615961066,-.16749320640419266,-.16856293105484133,-.16870184325665807,-.16812020262404342,-.16710960704465672,-.16597712092525727,-.16504878751122667,-.16472866412746948
-15270862776336656e-21,.09384449138356227,.1731433009657347,.23846112458575847,.2908718469105854,.33127411627277475,.36095101687894565,.38106707523651656,.3929068667391672,.39770641767554127,.396579275483077,.3906706139173637,.380853297177674,.3680919055480943,.3530189935364536,.33639235466979495,.3186386454571512,.30032165104533387,.2817059721134716,.2631911653893772,.2449200288488043,.22715966953878153,.20996370365128586,.19349358876369177,.17773836518658126,.16277491348352602,.14854617210905505,.13506134228138345,.12223255703856233,.11001614633032418,.09830772995190014,.08702599195063734,.0760635438059933,.06531731395413264,.05469054533181928,.04407435002626465,.03339685305408678,.02255914458260458,.011527551468938933,.00022864329034732195,-.011323497183807407,-.02316219086711543,-.035222727202143055,-.04748735770146877,-.05984580419158423,-.0722252615936995,-.08448283742524305,-.09649392935485568,-.10810377075849507,-.11914788969971636,-.12948348041430244,-.13892715933214622,-.14737343807028075,-.15464870873608388,-.16071433644940164,-.16544240513766226,-.1688940425321966,-.17103069897349513,-.17203810853840107,-.1720107348827934,-.17125620817145035,-.17001823298796373,-.16868207865898158,-.16762407278317867,-.16707508146557998
1074808225506789e-21,.09771512524780501,.17942852616796898,.24604490632196419,.2985284761665491,.3382159741993044,.3664269129268799,.3846597074205894,.3943364995868806,.3968528080724269,.39351002783736266,.3854543303467316,.3737548838817767,.3592714646501384,.3428168662109686,.3249907724987187,.30637396862539906,.2873568396497392,.2683320853770197,.24953275498056193,.23120785348362435,.21347704658937044,.19648259517041136,.1802626998599036,.16487965516823,.15031193959458478,.13656068761717932,.1235604880863163,.11126606715845316,.09958192036402119,.08842990915380743,.07769862015476948,.06729032865903593,.05709250326648034,.04700121611153947,.03691771886491106,.02674620307160856,.016415720225155483,.005853445355944569,-.004972006783350297,-.01609691782387871,-.027505631875279487,-.03918785615498706,-.05107999567549929,-.06312062872242735,-.07520426055749366,-.08722092614601225,-.09903564982108694,-.11050013760095714,-.12146654797631598,-.1317644459930022,-.14125168489553133,-.14975708890549408,-.15716769073629644,-.16334070813657522,-.16822457366255508,-.1717477789519026,-.17396311144644197,-.17492276543312324,-.1748231893388128,-.17388140818679798,-.1724420104441296,-.1708781588279806,-.16960855758300794,-.16916940840691133
17420479236421047e-21,.10126004596155994,.1852227256611889,.25257115764319465,.30482394894968035,.3432353412903634,.36961701196930347,.3855788906076256,.39279558032962164,.3928808593996458,.38715485215571915,.377018332923124,.36340128441870245,.34741148766493063,.32964359407367216,.31091457550056983,.29156809910903736,.2721731940246306,.25290140587085014,.2341281773974505,.21591372056041305,.1984907604954239,.18184902902380856,.16611792235604317,.1512404863230528,.13726811184867524,.12411158451770637,.11176049793092069,.10010493883264511,.08908630058725327,.07858598588505641,.06851092859859291,.058746777365297334,.0491802496919659,.03971366276391049,.030228471958600168,.02065561945063782,.010886711980029778,.0008922800857244018,-.00941057873179248,-.020004668556799624,-.03093473381558934,-.04213522311799766,-.053605180567806464,-.06523545371753536,-.0769754959898166,-.08868526239574659,-.10026633126261167,-.11156350083295431,-.12243788960280451,-.13273484810725025,-.14228359101037616,-.15095000550251264,-.15854352044925785,-.16498151395705654,-.17007992836906854,-.17385751313463677,-.17619185581437227,-.1772615432718392,-.1770851977956238,-.1760374907712573,-.17434859886239099,-.1725525079154523,-.17111846674509454,-.17034571948686372
1002276074889938e-20,.10460910171206438,.19025733864690483,.258085215772734,.30940157490312226,.34612708156085586,.370127922998338,.383436931974854,.3879343992137394,.38534725734078484,.3772594781935058,.36495875704502645,.34964505811163177,.33219285742550414,.31344287092073914,.29394046732357976,.27423484492770894,.25463572124553235,.23547760692011613,.21691392467505807,.19913303551662168,.18218942447218273,.16617543122570175,.15108291216171035,.1369382066604371,.12368921296555424,.1113123326354615,.09972158773229362,.08885425332978522,.07860119519324424,.06887152720210742,.05954655759925894,.050519827368344525,.041676296642164955,.03290742575291969,.02411400586529733,.015198633429857302,.00609057345195781,-.003284164193383855,-.012957591524314837,-.022969493971826224,-.03330912522908573,-.043974160287692556,-.054912812427262,-.066077853697343,-.07738193280699601,-.08873641404569452,-.1000269387815044,-.11112883712938904,-.12190845148504996,-.13221017024091503,-.14188637864248918,-.15075704031199208,-.15867194387087544,-.16544324005748642,-.17095305322555676,-.17505027042327306,-.1777166504600361,-.17892019498775671,-.17882823497700157,-.17763185475581927,-.17574812942600504,-.17364202974747456,-.1719035344948358,-.17129493556622663
2625042261842307e-21,.10766021518856708,.194849761338768,.2622633652660159,.3122014737696547,.34642925530662944,.3675427956401548,.3777559856621164,.37919055483709263,.3738789086233148,.36329132724701885,.34905596335260847,.332066108039995,.3135351827362759,.29392749679251967,.2740895762601806,.25420800443237296,.23483094732139376,.215989181263733,.19801429873307294,.18086016726803064,.16471499606943601,.14949726879079508,.13530311721486082,.12203120005161393,.10971364691641544,.09823304031281403,.08756813089386574,.07759109940181816,.06823434516699592,.05937009355866183,.05089759112730561,.042700152091035455,.03465938830126668,.02668090593357508,.018642236107374224,.01048231431411366,.0020885390503014396,-.0065593622479905266,-.015551684336746743,-.02486470807105701,-.03455852932994078,-.04456657806031291,-.05491395889680554,-.06549811355316634,-.07630802750662997,-.08721411118693766,-.09817183851785462,-.10902794910035536,-.11970297958062051,-.13002194601527456,-.1398587585414497,-.14902764783942365,-.15733543612426043,-.1646238237194056,-.17063167001459262,-.17530119105928035,-.178359659086317,-.17995155306882113,-.17992490778101655,-.1787377012349412,-.17654569941900333,-.17413623561177274,-.1721277772497337,-.1710156815073526
-29659447860648285e-21,.11063450672693702,.19850346069878708,.26518558406650583,.3126427208293566,.34378202569186783,.36131511137348815,.3679732407174604,.36618084933520756,.3579501109169245,.34509320161701035,.3289274303377384,.3107046548189976,.29121488915527677,.2712642821552238,.251273226059778,.23171307617976813,.21276727279536664,.1946787969824748,.17749772358535792,.1613318924728848,.1461642756054196,.13203057332002965,.11888079298195879,.10670778010286053,.09543881453255722,.0850321252698322,.07539122870692767,.06644267882600016,.05807102907002515,.05017827613011118,.042643545336982114,.03535642360222437,.028204534387221744,.021079221731835483,.013887403956920336,.006534967738422601,-.001042412272183275,-.008915189597263853,-.01711286246207013,-.025675991614763694,-.034600343545567035,-.04389316389187042,-.053521751978397106,-.06346233564105432,-.07365893688389696,-.0840613674230592,-.09459120607706176,-.1051699519697431,-.115688746507983,-.1260309423478975,-.1360442723726508,-.14555657732160032,-.1543687761394299,-.16224511501244637,-.16897261784119513,-.17428296921679848,-.17803460479399688,-.18003062221861926,-.18035285765871803,-.17907800294955492,-.17671113993017373,-.17382351087980985,-.1713326726004621,-.17044320073885394
-6194393797687774e-20,.1133143571293808,.2018280739486724,.26622272086784093,.3104730267216863,.33739697469294505,.3506648633820487,.3534272022138893,.34810975184561227,.33721052469024326,.3220923057233342,.3045394231396881,.2852392970833827,.26542107255353586,.24533814903506349,.22579210571850686,.2067803433276215,.1887764791841709,.1716620458913096,.15568480394015174,.1407002292580142,.1268268318189769,.11393111342774906,.10206596557462194,.09111015460719941,.08107312354225478,.07183279449432903,.06335655627002108,.05551467811530202,.04823414358804857,.04138666458319498,.0348674924305086,.028565567735981543,.022360167815608786,.016168965268962516,.009870465063494906,.003417387107867532,-.0033006619886222404,-.01029376461168404,-.017650960844632677,-.025347147560064395,-.03344726961265569,-.0418974917840529,-.05074277973562448,-.0599084920911059,-.06942583238824641,-.07919892468140402,-.0892472907098899,-.09944232552695156,-.10977819922691395,-.12007800410637712,-.13027548120230897,-.14014123872100293,-.1494961124581611,-.15809180447367993,-.1655977984979631,-.17183123822076912,-.17632221884757307,-.17911728261771143,-.17973405763582426,-.17871070066522574,-.17593529412327105,-.17264468468223554,-.16964135727781612,-.16787403221651173
28322519329262148e-21,.1162036944214995,.20368993050022513,.2652820771434327,.30460039110024223,.3263883351958721,.334754483377265,.33317571637029114,.32459923097383686,.3110394010451042,.2943530918654649,.275647929428086,.25607621019535665,.23620667007923796,.21673373895460674,.19788265319446566,.1800198393890255,.1631718534587437,.1474814731519265,.13289008209757844,.11941687551953215,.10698703774550478,.09557423766464053,.08510814206283217,.07555100887933203,.06682657808471458,.05888430524162572,.051627531593327364,.044984023669511014,.0388393206200196,.03309699698253012,.027642981217166518,.022366324649597445,.017167779058391768,.011942067819698567,.006609557347101814,.001084655135876936,-.004686327399743416,-.01076650211621411,-.01717996784003859,-.02396495856537596,-.03112683936054913,-.038679485906182226,-.04662109351457824,-.05495319050467713,-.06366254806355214,-.07275013510628284,-.08217798221492832,-.0919381700618371,-.10194996861444143,-.11216398386213215,-.12242912720054312,-.1326132790380521,-.14247710527548121,-.15177137318639722,-.16018596093950824,-.16734171705360132,-.1729237041159862,-.17648341567697115,-.1779057262418512,-.1769494665078809,-.1741530401069556,-.17010605580588853,-.16631764670165175,-.1649294626834734
.00011858897662864677,.1188262867076156,.20507783737612906,.2609804834421936,.2939420418874719,.30942185229192765,.3119868125011412,.30647411742203934,.2945231500719224,.27932478238751596,.2613792205164492,.24262188903440812,.22319875458124183,.20422628153495084,.18573928006413742,.16829661625281386,.15186732128472916,.13665974080159013,.12258964884295866,.10970570043979566,.09788084556604115,.08712592069477632,.07730098730136593,.06840565863989151,.06032518426749667,.053024853288189344,.046426164409171654,.040447835332668006,.035020570737953824,.03003990127218598,.025410735563697037,.02103930651849009,.016803270737465008,.01263006059508962,.00840185480241058,.004056835909932909,-.0004841065437276868,-.005284701697592187,-.010368806223226345,-.015809877256655083,-.021580805469527054,-.027768975574028052,-.034315008782972556,-.041311368202620734,-.04869958942486833,-.05654638489348467,-.0648247849356218,-.07355442922907492,-.08272212338045935,-.0923052580194199,-.10223952584660029,-.11244767985261857,-.12275700185754242,-.13300830492204846,-.14289483695458993,-.15214172172608922,-.1603393891150066,-.16699530106796062,-.1717971530177528,-.17394552178055397,-.17380296166006604,-.17058291782957855,-.16619511651236699,-.1615502545973342,-.15833043381625544
5429499565500965e-21,.12160959140580362,.2032436916259126,.25223263083819203,.27669396043246347,.28450324138708155,.2818056422228415,.27198652134180573,.2581333214733837,.2415613930814414,.22383186761099605,.20550473845601738,.187428184622314,.16983611193832826,.1531966481509575,.13755371235332098,.12311467426196204,.10981974136821956,.0977133542168967,.08669369492600933,.07673683466038068,.06773373420162268,.05963829305455384,.05235517449352852,.04582715132358368,.0399777168277865,.03474313580689513,.03005024089238148,.025829399516487925,.021992912160917526,.018461452649468375,.01513752199182362,.011932621316315364,.008758188919692468,.005527215028306956,.0021714688230589953,-.001379580902143266,-.005171105233060403,-.009252533059385726,-.013649909073826511,-.018401057799925184,-.023521472852317357,-.029048182198623974,-.03499196729161182,-.04139245077851294,-.04825806695697547,-.055629489163296235,-.06350671032434435,-.07192769374594686,-.08085456302163777,-.09030066483712063,-.1001484041223623,-.11033829086727225,-.12065002923376224,-.13090191120087155,-.14075137095026913,-.14983233761379983,-.1576728346273518,-.1636174576352404,-.16721959398341835,-.167608386859187,-.16508530031122362,-.15969659704467812,-.15388162871902647,-.1516528431830234
-.00010772997745602705,.12258261276594565,.19842458788880085,.23593321394416628,.24935951816465302,.25038592796534687,.24176945976493094,.23001246898909586,.2144893266659007,.19867219963752433,.18167138615949976,.16530006216439014,.14918224605631702,.13394691723462554,.11970300290957005,.10644464514085632,.09440752225182111,.08337547388531717,.07350267874338175,.06455625158242603,.056594506647573935,.04944272875259037,.04309430750993862,.037440174297751774,.03243765986638293,.028016074192509424,.02411050985112615,.020672082476161695,.01760816262840095,.014879298001188404,.012380976226627522,.010054108390513926,.007819074265736447,.005589242857963963,.0033098632741980567,.0009053962888269641,-.0016752330570607196,-.004480629256978404,-.007544657341137595,-.010917502006108247,-.014607967283105776,-.01866308437178359,-.023104227648955034,-.027949652307577455,-.033256927191304804,-.03902545305924701,-.045339864816196326,-.05216700108687832,-.05963495317402188,-.06760698396816262,-.07626283520083849,-.08535430211913343,-.0949939956244193,-.10495711775744626,-.11505312567894262,-.1251755405297724,-.13473491985565242,-.14351430744800553,-.15082403960637822,-.15566629218694644,-.15801230683874556,-.15553519627014512,-.15097082467275866,-.1436155895284465,-.13774332756129054
-22754571281551906e-21,.1233421788015734,.18420591111984483,.20660835052830395,.21051756992513976,.20360284698108744,.19292837450154035,.17946104414553174,.1653748270113243,.15080839687073794,.13662703712711327,.12282575238436025,.10983694787302652,.09761174940708887,.08637960791312606,.07603304263849528,.06670869450726395,.05825596644737931,.05072516204665552,.04400459823310097,.038058183998058076,.03281065383387008,.02820664220522921,.02416770228159742,.020651939356203727,.017588364065460858,.01493942796739207,.012632485808570468,.010640667603586708,.008877924934362872,.007308612502143611,.005870541795161745,.004486282528947259,.003125180264060545,.0017008728455484808,.00017308890310537548,-.0015049846705727254,-.0033791430713216368,-.005486759747816872,-.007835895486085497,-.010493742419225204,-.013452576857064703,-.016768244970492993,-.02047491942208996,-.024596597114644632,-.02917014902370879,-.03426133299318436,-.039834047786286526,-.04601709334690574,-.05273371846098179,-.06008602780185474,-.06799292531219284,-.07649071579068582,-.0854188889745533,-.09477592879325462,-.10425671050755574,-.11374738495755463,-.12278029347356824,-.1309023571814366,-.13742726296680582,-.14108605295044319,-.1414257784633297,-.13613881054258942,-.12836106090694172,-.12499963099393807
6222083416742449e-20,.11709114789407937,.14968944019832509,.16206428004551227,.15276412477356502,.14487550275882136,.13347096978254186,.12220500292341045,.111018939531238,.0999798507038145,.0896558259193412,.07986049175868135,.07062484962645758,.06237589421656056,.05444230471940799,.04772455460984235,.041094520128210126,.03561281625850113,.030293012771965513,.025828264757921333,.021856738747526236,.018415939110058767,.015565006777024612,.013115428682181053,.010974056329402973,.009278828364871898,.007615401442547221,.006387774089218309,.005169580846826991,.00422936847231641,.0033888873697285357,.002623251199469197,.0019941294272022253,.0012691373697491027,.0006434959493560038,-.00019828116155415278,-.0010295509568764346,-.002111556388571811,-.0032988174206925185,-.004701156706375733,-.0063417616483652265,-.008192117075770187,-.010400856645113343,-.012917558649780607,-.015792886997103097,-.019159227138102475,-.022731292384876218,-.02699781474566598,-.03134411700943916,-.03655121318402278,-.04188130754424189,-.04812634800646928,-.05455949854551966,-.06176103435561465,-.06917905494642175,-.07704967911891229,-.08515956617790639,-.0933052030224415,-.10121249864709617,-.10839200063622428,-.11407387830602572,-.11612998171077189,-.11621306848564063,-.10502812800256665,-.09565662591494327
26537387070296717e-21,.08821775157025712,.09993473968452471,.08795631546041734,.08198329048545962,.07457847868866711,.06780994924529898,.06089141962994312,.05464015679086964,.04865522537776199,.04317741249293074,.038050427265628683,.03338511345798373,.02909526675799672,.025246379735238078,.021744124465069518,.01857007350945731,.01569384883917814,.013107563837544002,.010814649473781324,.008872856568139293,.007224213420878265,.005901874691882616,.004811522427624955,.003918851134580241,.003170066770472473,.0025295806653429513,.0019860217695955432,.0015347027125722048,.0011653725648938208,.0008759261924904388,.0006394366902429865,.00044681749629657904,.00026289523590624676,6455930809540476e-20,-.0001661927952731785,-.00047294838672245137,-.0008496947187004542,-.001331315781505788,-.0019196064908346177,-.002642771642630016,-.0035118195715229876,-.004593337934423175,-.00586108719436012,-.007404679766504828,-.009157156748014449,-.011179020721484188,-.013417699096012143,-.01593423518695155,-.018697859467482477,-.02183160575998136,-.025249193561413644,-.029083546364410018,-.03319203891407484,-.03768930155927882,-.042420156201054264,-.04758974671503121,-.052876359944112335,-.058548277098037775,-.06398974161210273,-.0695345825781797,-.0737268178352238,-.07474408302616083,-.07347232818121323,-.07184586573145732
-9146061881401376e-21,-8292218560887883e-21,-7438370581874845e-21,-10882926297269136e-22,5261792228311747e-21,-16481690142664128e-22,-8558121378794192e-21,-6857202083824932e-21,-5156284059003857e-21,21833976114284278e-23,5592959744217805e-21,-33715429259125086e-22,-1233605074228111e-20,-6528584360068303e-21,-7211165322888013e-22,-20108694532643655e-22,-33006194730333007e-22,-629460507337556e-20,-9288592792249005e-21,-7814148749484488e-21,-6339713334132424e-21,-58273249831986994e-24,6223160621061589e-21,3370894550911955e-21,5186352666747934e-22,-14924227710974666e-22,-3503480740849233e-21,-2765572617852685e-21,-20276730444148286e-22,-19447794942659026e-22,-18618841751326714e-22,4030815020790658e-21,9923508699772764e-21,6601817470487007e-21,32801238451037054e-22,-50063094693941475e-22,-13292746551848294e-21,-57665453417083735e-22,17596441869611457e-22,6767428715429328e-21,1177521914676645e-20,10187210439573954e-21,8599205566247017e-21,4999381525090977e-21,13995559798750996e-22,-36280751542336696e-22,-865570711591662e-20,-1010192960868607e-21,6635313063125118e-21,73409360895583584e-22,8046552705694091e-21,2637961310863936e-21,-27706289053431656e-22,-3372132862105668e-21,-3973629937826937e-21,27774198149471637e-24,40291807176251905e-22,23390372726835205e-22,648880738761456e-21,7625260668291439e-21,14601644897269577e-21,7118570582938362e-21,-36449398541941726e-23,-2636362691759426e-21,-4908238314387509e-21
