-1230701045591737e-20,-14509017858413142e-22,9405211579230362e-21,-10316479374323707e-22,-11468504754089158e-21,-6827936728091209e-21,-2187366257221804e-21,-5252507489063979e-22,11368676014062628e-22,3651056765208045e-21,61652456363504555e-22,-21881331764028695e-22,-10541510025604764e-21,-5026255869272514e-21,488995769471288e-21,-20930274657576724e-22,-4675054033910626e-21,-1271760833487485e-22,4420697768452789e-21,25504288838940416e-22,6801558149239473e-22,-18264330046075986e-22,-4333018732770086e-21,-17004938755676457e-22,932032651833196e-21,2960247944761704e-21,4988463373252243e-21,34736294027718408e-22,19587956351906745e-22,-3370363838468072e-22,-26328665977722964e-22,1246420887461758e-21,5125708412769463e-21,5333947245889967e-21,5542188336458774e-21,-5852273829926456e-22,-6712641352510126e-21,-429601731301345e-20,-18793940108081281e-22,17359257920658902e-22,5351245848308633e-21,4088460108377378e-21,28256757925066987e-22,17329191894711456e-22,6401639189932425e-22,6126829762128397e-22,5852009250376872e-22,30939250211894785e-22,56026498886339526e-22,-16293716019019078e-22,-8861393335451765e-21,-6306949765607723e-21,-3752506074529063e-21,-8504429998038511e-22,2051621569072681e-21,-3213067951816201e-21,-8477754534183621e-21,-9280314746903126e-21,-10082872244577368e-21,561105102303871e-20,2130497350353422e-20,12215842074024307e-21,31267072382916274e-22,-25487979862207785e-22,-822430130812476e-20
-1803842032119451e-20,-.0004969911442871685,-.000371123019604831,-9686622981022703e-20,7716145763352182e-20,.0002218156003954317,.0003027597009068412,.00035724156545692684,.0003709158650866912,.0003658937744632506,.0003904610136820161,.0004080898942537852,.0004394263372190805,.00046177402445949273,.00046267885137651253,.00047474333717620126,.000535181028477262,.0006176136612339356,.0007460990400139733,.0008598928784406456,.000909523439074591,.0009193482361605973,.0008421977202198361,.0007473557942528529,.0006547370777498518,.0005763608769199472,.0005490618177688493,.000544689874449787,.0005593045906921816,.0005813341183189573,.0005868793049779732,.0005818439464804452,.0005541462841879551,.0005161933226511821,.00046920937498271876,.0004236227147403098,.00038403692926134564,.00034800637368956707,.00030571206329135456,.0002617905022984858,.00020159148631317974,.00014787921241150655,.00011565917176945009,.00010133690773346455,.00013261108978745436,.00016537186224899433,.00019276399868556145,.00019726430409112454,.00016006829340107893,.00010983974450872319,7042839211482439e-20,3294471929510669e-20,1697963330989894e-20,-10441286586832e-18,-7024895490287857e-20,-.00013225089035182313,-.00018283894850090873,-.0002152829192058782,-.0002305886086760531,-.0002436706985526418,-.0002720842108105986,-.0003237372574818795,-.0004795865447390468,-.0005864714181416993,-.000619145352202877
-23769826988877974e-21,-.0007669992752882235,-.00023617400652793202,-.00027649940305556715,6123320672140277e-20,.00039622175445714946,.00025892316049128453,.0008662276272127929,.0006452905445996373,.0012233231488967618,.0012544672194265962,.001665661709975095,.001974788704428615,.0021280176148179538,.00252942777633032,.002460277864842419,.002867868461665453,.0028238725614323427,.003112944958072758,.0031769544859539057,.003193895936864203,.003200272485201867,.0030230735959131685,.002881887301103259,.002744476112146447,.0025420824632352425,.002532678101507893,.0023687285729063843,.002377970262401986,.0022776456891289015,.002188104397031315,.002125420487353966,.001941255025279456,.0018772964662425184,.001680600894384152,.0016046832923819442,.0014491996719459758,.0013664591885651158,.0012418719242335888,.001114098680103848,.0010081432691744548,.0008163852548122576,.0007465826581590815,.0005940927587900911,.0005237742414843948,.0005017645322251408,.00033038483638924923,.000361616659728598,8132532302176531e-20,8862942285708418e-20,-.00017188374241665336,-.00014165471546445708,-.00031073233575562657,-.00032107707629634827,-.00041206033935378987,-.0005862491463405746,-.0005524614744004944,-.0007723938982283932,-.000707590251296869,-.0008937903424769578,-.0009472183988971997,-.0011891445895483947,-.0013409917135555043,-.001812339656551779,-.0014063643374674021
3048522012915884e-20,-.000192245290282761,-.00018628718879147647,-42225654266611744e-21,.0001258742588980763,.0003560473240518572,.0006815374019044656,.0010803169535629359,.001619803423301644,.00223125779433147,.0029402461675369623,.003675122072748784,.0043901389025945165,.005042505865632442,.005590745755110327,.006024465843857469,.006321556442636679,.0065235081772889204,.006606388911580726,.006615899111057298,.006567102905322074,.006451673457288138,.006325861758156228,.006168651416830204,.00600006085196464,.00583535784161474,.0056477385279480085,.00545570359680378,.005244270557248023,.005011984918746406,.004767228315396603,.004509439467233657,.00425003005901473,.00399131669810026,.003746221703964722,.0035057180811023064,.003283204951065922,.0030632455486547063,.002845041978356004,.002625625252725974,.0023888780544031435,.0021414812540381826,.001874311502328018,.001592878706314761,.0012932032014975595,.0009928369141509387,.0006852056536563084,.0003796854935086597,.00010153019492893565,-.00017522824284506677,-.00040798246564622317,-.0006131346111119945,-.0007876243300998878,-.000933232016430626,-.001057020772913437,-.0011843931074222974,-.001314696163602922,-.0014509152688541884,-.0016243715414893947,-.0018103046166488216,-.0020423478352972124,-.002306362084654882,-.0026044613259766924,-.0028354769566065956,-.002921474773525303
8474026737548152e-20,6264463991155139e-20,.00014297442236735328,.00032184437977949437,.0005965051674191768,.0009590770183368059,.0016155287047677786,.0021359724815185168,.003173279157079429,.004006897023985318,.005218397769894914,.0063109100225207885,.007368867628756091,.008446615421507112,.009174831925000158,.009959058826125293,.010321646179991636,.010710198781322683,.010775105999644005,.01086222370140187,.01074600440212884,.010679123471696932,.010487159523899654,.01033937718624378,.010119976807913536,.009904868991897945,.009640909485822026,.009359129462033482,.009028461201897976,.00867599709011811,.00829261765859414,.007889610445749332,.007482034339596028,.007073330823625989,.006674252743981558,.006284337923488307,.005915746060359225,.005535588913388377,.005180588273462802,.00478454773831868,.00440480175533788,.0039649407591348124,.003535587663996586,.0030290599933499025,.002554114453285251,.0019846985288750865,.001501470206722633,.0009182921154456996,.0004894215750862929,-53636176200881095e-21,-.00038245499334601727,-.0008468818365626845,-.0011020127000906789,-.0014345840810155506,-.0016882590923930937,-.00189542155792731,-.0021842507656475788,-.0023907627013463884,-.002683336839205438,-.002976745145520086,-.003301663835637207,-.0036247521339022705,-.003992437058127147,-.004179715639090778,-.004538745511014068
-8258217218252421e-21,.0001890012996268047,.0005043516993490506,.0009171600693806339,.0014367511940967667,.0020982402411550425,.0029079865466756474,.0039012275629718416,.0051013195876829735,.006467141864048625,.007943615379101912,.009450416309440763,.010897983417410448,.01221423770494519,.013325458318685889,.01420982717677293,.014856554156260849,.015284834993199627,.01553342402793304,.015632524388543192,.0156258119438571,.015536690406765903,.015395083363026921,.015206086908747632,.014985570592200447,.014720475435958655,.014415030774051462,.014055527531791465,.013642422308228635,.013177646437899662,.012666165194156578,.012122544266988262,.011558357539386546,.01098619263199531,.010419571384905067,.009859110174157632,.009310119557359385,.008762482217071866,.008208566705954476,.007638196758888583,.00703783290859092,.006405547616588318,.005732713054666411,.005023364385087613,.004279450557264442,.003511857573734453,.0027274310812632017,.0019531833195743265,.0011966703572582,.00048677067997500564,-.00016583302470094474,-.0007578182251825864,-.0012897669733883082,-.0017716402371959004,-.0022204200070203343,-.002640918703657267,-.003043182777010643,-.003437267704063794,-.0038275241597067505,-.004219359175195848,-.0046186542344082435,-.0050075416531717805,-.005372226427058949,-.005674220539367221,-.005773890031729132
-.00010125670179583799,.00048750878064911224,.0011357354861674422,.0018590231207673419,.002683155399596152,.003626482589353474,.00481850860348648,.006104572512815241,.007731583489436143,.009408418683937015,.011283272517343809,.01309901307948712,.014871038192624012,.01646420013543371,.01780641863349672,.01891525132724596,.01970365990097269,.020300002640301174,.020633633011398186,.02085058801122246,.020910899706960657,.020907163265660132,.020818592785485326,.020690489976713213,.020481684975987558,.020237577758505078,.019886734862700716,.019489697336045286,.01898353911859127,.018422491029978633,.017786553272862046,.01710336260683744,.016394019325198,.015653513483363423,.01492191396874565,.014170559475487569,.013433862468818555,.012679188085733793,.011917963802992662,.011130405442326484,.010305036332003723,.009440149478324663,.008520888278697595,.0075527352191995184,.006545658967480052,.005488294927095109,.0044384833609222045,.003353189579430848,.0023345936126081763,.001316397421041785,.00040293925362656967,-.0004764991990269735,-.001261625191944664,-.0020008692175747457,-.0026939513181319812,-.0033254322711925586,-.0039605162854634505,-.0045096250629245455,-.005089519655509729,-.005574017576878409,-.006061333918587877,-.0064682084115536866,-.006842184580164931,-.0070310542205175445,-.007278138575504941
-27642380390913918e-21,.0009182997249070618,.0019367505213787484,.003081642646619641,.004331307502939459,.005717965951282156,.0072889564070277935,.009029820163055069,.010962624019273219,.013016850957876127,.015145341867572328,.0172525178576144,.019242966169488857,.021051686381307142,.022595201252334468,.023871097208585535,.02485302199424221,.025586501663891047,.026096900236852752,.0264333475289446,.026642650775291172,.02674255662958193,.02676622112437907,.026704470570937375,.026559660705067954,.026321889386450564,.025977584725871132,.02552889247650034,.024971241802705244,.02431762437411626,.023579197211607523,.022773728742244,.021917626465822355,.021023724903757972,.02010479736932489,.019163332840072753,.018205910675851224,.017227068991470685,.016224708766710175,.015189594517340605,.014112133983749263,.012985078221267914,.011799319954657292,.010558117817591427,.009259945414456726,.007922297334641362,.0065561122794327055,.005185828492017615,.0038346205577219797,.0025206934771777423,.0012674608523218825,7825824310083274e-20,-.0010365542916250723,-.0020853680937838485,-.003070909331216602,-.003996734506221384,-.004865847011411802,-.005669357614563381,-.0064008764360195605,-.007048546517391303,-.007600416089648288,-.008051274742020997,-.00838481560264685,-.00860133083154895,-.008676726837961874
4597194102613749e-20,.0013054542955334585,.0028651338587828176,.004545058489405394,.00637165217922661,.008305581132614875,.010347936245979673,.012548724333513454,.014817883718623357,.017186003089869405,.01954207894839899,.021845542436561328,.024015174153419704,.025965221527031294,.027689680571481422,.029117792644859357,.03030109036544447,.031217293772328902,.0319290652566238,.03245397028584307,.03282934406619019,.03308263163639389,.03321643578321902,.033245361449979194,.03315231107195051,.03294120057050925,.032595418455362846,.032122040226054104,.03151580828194938,.03079502394413651,.029962904887454206,.029046126045812633,.02804775525682266,.02699374394132317,.02588269080587673,.02473358376765933,.023540470230903957,.022313326636689636,.021043576650683515,.019731337055676524,.018369107793984023,.016950258696790583,.015473640377276398,.01393372285558122,.01234023625548502,.010696422921910283,.009021180545026352,.007332815391485416,.005647073272356027,.0039963834185734425,.0023826685583707794,.0008380116211425865,-.0006441835456727043,-.002048438403139859,-.0033746629540189503,-.004623739782672536,-.005775581784554048,-.006831933109276127,-.00775908908888368,-.008555845269900445,-.009203822320322023,-.00969081548428758,-.010029797487362694,-.010227991292618494,-.010267324577333993
3146746885060755e-20,.0017953873695157668,.003938480764633645,.006285281156986296,.008739944845113586,.011276010048629737,.013870198584665056,.016508086047656467,.019172580704666334,.021822707570777627,.024418163875182846,.026903722026031317,.02922322179774141,.03133691234570284,.03320741181130898,.034828060465827544,.0361963824289278,.03733027430322784,.038249888813291895,.03897831183321527,.039537010497653825,.03993951265782874,.04019472270595918,.04030479456485177,.040265335029204874,.0400757060323833,.039728106295849525,.039227782758886894,.038574609607904584,.03778182248604557,.03685763833830843,.03581944758337355,.03467779570362616,.03344826053766459,.03214041726567956,.03076346714885709,.029324124370548935,.02782520093802955,.026268902606504198,.02465386538316757,.022979324583811436,.021241690734348496,.019441535952566036,.017578037389976445,.0156566693103682,.013685052221996159,.011675091533340605,.00964361043845334,.00760806475442423,.005588968233088481,.003605672514847532,.0016747816948865049,-.0001870796423908279,-.001967639685881996,-.0036538580268271714,-.005230752986640659,-.0066818559772140905,-.007986983106489529,-.009121615389534961,-.010073445020042161,-.01082096282714949,-.011371786843257478,-.011725422057193848,-.011909786620560974,-.01197301812361099
16962996676750274e-21,.0024316695438683427,.005267013759090023,.00827825712132693,.011407029341680374,.014560248670754249,.017708936009284706,.020836749612929827,.023892131005144576,.02687685865715539,.02972979181521118,.032430446774351876,.034945048564362126,.037230750306417086,.039296408509119043,.04110226872104684,.042683568825501624,.04402106514683676,.045149785490474145,.04606783837590583,.04679614400091718,.047338009282998396,.04769947091477545,.04788246315046982,.04788386950140971,.04770546242711904,.04734324397952379,.04680411999771131,.0460882862159154,.04521182064965572,.044177000166238684,.04300716907464656,.041702903864198025,.04028946480296828,.038764658275867496,.03715101900207843,.035443614794362324,.033660519614432914,.03179444109356401,.02985855635450264,.02784562810974417,.02576342967670179,.023609129710204322,.02138889946210512,.01910624750741305,.016771785061119548,.014394461480219634,.011992805093246661,.009578896320404944,.007180261599200023,.004807891949039499,.002493030683761681,.0002472484819915054,-.001904232180991378,-.003939363395835712,-.005841769248524596,-.0075765497179839415,-.009128022548460372,-.010465547377466288,-.011570062733062264,-.012436710286979348,-.013057562584840598,-.013459712609361333,-.01366293781545718,-.013694488605390047
-32196361956532016e-21,.003210677597064198,.006772993184383856,.010521914370982056,.014324504466827124,.018118237713747723,.02184421462283743,.025471784734550428,.02896587521257787,.0323068708625397,.035468064911302964,.03842981656940635,.04117308694618045,.04368300741497685,.04595390338063471,.04797952436501497,.04976568040585175,.051313559721708306,.05263232410899472,.053726655185156735,.05460225535790568,.05526368124588518,.05571091406779918,.05594831927567773,.05597147900652902,.05578707325584835,.05539100416451627,.0547940753848739,.05399702830509795,.053014760438013356,.0518527012308217,.05052767594350776,.04904706010609882,.04742652953882029,.04567352267003742,.04380061629527642,.041814810014416434,.039724789581192105,.037536922088344145,.035256019177285415,.03288761246222242,.03043409791339526,.027902211102684944,.025295128546928954,.022623471374974075,.019894927665160794,.017124111331681544,.014325650824175605,.011517977610260514,.0087222392366304,.005960523482654185,.003257299103433326,.0006374790263174133,-.0018726574306459033,-.004245305909643258,-.006452139580075047,-.008461170827034483,-.010247042135974015,-.011778568976749339,-.013044130171365314,-.014025925916272377,-.014738001054330867,-.015191468304488849,-.015427035108183577,-.015504772087763338
-8135572058604225e-20,.004094052216907646,.008476826336045313,.012969242318467702,.017491929026225157,.021932332502814886,.026257312440957734,.030408069894528815,.03437006353314535,.038112471596623725,.04162779036572116,.04489804620150562,.04792092697675496,.05068673476764674,.053197882433057786,.05545159846802657,.05745068842405469,.05919718551971342,.06069193726741393,.061939108913162004,.06293738591146111,.0636915467639152,.06419838366099626,.0644644266223994,.0644851619404562,.06427054116215106,.06381703793888337,.06313917390535433,.06223559250752229,.061125877606526616,.05980961645227066,.058310009818266346,.05662630733562884,.054782464572177364,.0527771433025025,.05063252493122668,.04834741080380375,.04593998273147313,.043410515030587724,.040772052368715235,.03802753473514638,.03518544709675449,.032253748939774625,.029238018747044042,.026154177599442555,.023007725919422333,.019822850967093734,.016607515700079,.013393014153780435,.010191172750694416,.007038689764163661,.003951451924384339,.000969806526647108,-.001886402010135443,-.004575343608955374,-.007071953415258458,-.00933847187453215,-.011345276284410332,-.013069207061439329,-.014484858546496063,-.015595862465528512,-.016395895889170897,-.016917552109823198,-.01719325345927502,-.01726654851016367
7036782017895592e-21,.005072853210344602,.010323165686555537,.01562902609902248,.020883648968293124,.026013668349270828,.030949998352479833,.035662390145942274,.040118497494296676,.044306431968937784,.0482137123914078,.05183648821564753,.05517537790034752,.05822774087178619,.06100049466785795,.06348976556665697,.06570216017194012,.06763395671077811,.0692882729244123,.0706635854548771,.07175977498406146,.07257863026270757,.07311870054295308,.07338551014321613,.07337818000104854,.07310590110167665,.07256986073548703,.07178269394678731,.07074799824901332,.06948119481117054,.06798765413889354,.06628434692208687,.06437751342172461,.06228398831805488,.06001037812454829,.05757170327765278,.054974603415632366,.05223142143657299,.04934882480229491,.04633704174822732,.043203573503628086,.039958219426629436,.036610763407120654,.033172568447632333,.02965796149694118,.026081751878039634,.022464246448232306,.018824922270263406,.015189562677212241,.011582752852167373,.008034374903260451,.004573814249425031,.0012343991450220455,-.0019513187578354642,-.00494653994675106,-.007718764931514094,-.010229993999162827,-.01245369327249933,-.014357425619797049,-.015931714301715836,-.017163057914915115,-.018066800375036416,-.018659156531985598,-.018982194922870402,-.01909011104656861
9542928462288723e-20,.006122224450088632,.012327284644223205,.018477515639689197,.02451824799220315,.030351271032383435,.03594511410696408,.0412394531518386,.04623349382404086,.05089625381595652,.05523666515731053,.05924447908062968,.06292832488449261,.06629091040054982,.06933350366173315,.07206495456180285,.0744791912243351,.07658589518817983,.07837582556308208,.07985774266302118,.08102297749662195,.0818805616135525,.08242420218004506,.08266517972555676,.08259979039610942,.08224325885984624,.0815934896964748,.08067026109077803,.07947219119285645,.07802223952377657,.07631996959299303,.0743893159143564,.07223102846944386,.06986805320234823,.0673021291598922,.06455361329299061,.06162528490033352,.05853359062105432,.055283669944087815,.0518875525042565,.048355330958014406,.04469555984680198,.04092572723657219,.03705258893064324,.03310310520313549,.02908399327318146,.025032519123305674,.020957270389983025,.016903700954222035,.012884090197887398,.008948152676779616,.005112866747992961,.001428774796262184,-.002081803989388406,-.00537114605109762,-.0084107974604985,-.01116233383671202,-.013592729612576246,-.015683994488544944,-.017406980111782645,-.01877414245671727,-.019772849055231658,-.020445438081990928,-.020814751227059135,-.020926188539970737
2133915180879823e-20,.007239290593197038,.01443635430260981,.021507372072281695,.028366579303815906,.0349587579613158,.04123210257256575,.047158706730732775,.05271481860490528,.05789294172603766,.06269160202406399,.06711147255834754,.0711613137714888,.07484285612424384,.07816632030105425,.08113130874602777,.0837452033468534,.08600598442261154,.0879172135814144,.08947803974302258,.090689869119106,.09155531105109171,.09207588482582921,.09225880717620448,.09210718228695694,.0916331384401068,.09084136984690375,.0897480450063938,.08835900965964412,.08669264492746181,.08475577140477805,.082567269390039,.08013462616683056,.07747575280750163,.07459827891106305,.07151820152446257,.06824292388327424,.0647865081958386,.06115647848353517,.05736603939960474,.053424415978806546,.049346102353625965,.045144226551584815,.040836819102548765,.03644302862595647,.03198552542464037,.027491210007286413,.022987355870651746,.01850822073144921,.014085180819211252,.00975701879123288,.005558013412823016,.0015285302485622777,-.0022963499380578823,-.00587620873716237,-.009177866132714034,-.012162428926884962,-.014804068032752887,-.017071777222826955,-.01895684077451127,-.020446818378625626,-.021557578377031997,-.02230439639268408,-.022724754292965364,-.022864835092752504
-52750981004667204e-21,.008403527005626176,.01665134348032168,.024688600086074715,.03243150657013085,.039818688601164644,.046826377224820186,.05341332666809934,.05957450922931656,.0652927432041569,.0705770150248694,.0754277810279678,.07985392053378153,.0838648479148991,.08746436213978297,.09066299004446318,.0934601979955856,.09586393345134654,.0978723032561057,.09949119833654313,.10072032306350301,.10156610059633797,.10203104520250757,.10212509119497346,.10185284918676711,.1012297374682949,.10026089768999355,.09896685779948362,.09735236874746069,.09544104807166894,.09323711734184133,.09076523713201283,.08802909762244004,.08505245712356464,.08183879576713249,.07840925211121239,.07476807251571121,.07093286377334912,.06691045637783392,.0627150051115761,.05835884191465697,.05385415168443002,.04922169061011376,.04447431396458152,.039642621922708385,.0347425899187263,.02981457892875575,.02487910890683687,.019984331412877854,.015155563203490334,.01044455067081776,.005880694114415522,.0015140075213866818,-.0026238540622247385,-.00648876579950116,-.010048010423159217,-.013266532304340137,-.016111402295301187,-.01856471714954124,-.020600562228351767,-.022227514593642896,-.023438280504669708,-.02426747710478167,-.02473541974843658,-.024877176989115807
-43902923393456507e-21,.009609822114331807,.018972028908761963,.02802037533977344,.03668561162313689,.044927225903145226,.05270462168224245,.05999820317980372,.06679188639421985,.07308307069402525,.0788746568730158,.08417208522519654,.08898811250443775,.09332833029390535,.09720691585205835,.10062668897795841,.10359851091907644,.10612376991779524,.10820973095313692,.10985920891330556,.1110778533041343,.11187247853239984,.11224938828565124,.11222052552296195,.11179394759962497,.11098636298355254,.1098075222848534,.10827736757793181,.1064065221422968,.10421634935687575,.10171747930628253,.09893111456540588,.09586729435450225,.0925458517439199,.08897588501231722,.0851752345467777,.08115223449531232,.07692303382662352,.07249621394766759,.06788768204689016,.06310832641599806,.05817632697361225,.05310765158931503,.047925242118139734,.04265253118465077,.03731854689229702,.031955474136334795,.02659821445363999,.02128740089504206,.0160619769089628,.010968620301757298,.006047418931189904,.0013459275738437761,-.0030987805282611924,-.007244008524730428,-.011058177525575598,-.014503390216520827,-.017555202844818176,-.02018322992972603,-.022378904714766536,-.024129874095682433,-.025450280912075008,-.026352849145070356,-.02686977051758261,-.027041105730766825
-3505486578255474e-20,.010857895268120995,.021386816661273234,.03148386784615437,.04113105832995188,.05026355093933105,.05886270051890673,.06689345483411523,.07435889167286787,.08124698865687917,.0875690975849375,.09332952913319481,.09854176694664127,.10321733562053001,.10736660474349938,.11100141762148887,.11412840990402934,.11675744108353944,.11889386620887386,.12054687253590403,.12172289516095056,.12243352597106484,.1226872840522592,.12250025565412344,.12188274148575605,.12085571328439305,.11943007815211926,.11763085941681375,.11546813414886195,.11296916226435993,.11014251783104297,.10701536588247779,.10359503816315145,.09990657566082417,.09595677837960294,.09176704918409755,.08734516906319054,.08270805717117267,.07786706750594456,.07283511936331497,.06763026019540132,.062263826936236714,.056763175145625094,.05114158678442984,.04543676243755776,.039667193669889945,.033879823305728356,.028101059751471296,.022383663245736953,.01676321960788778,.011293710829545618,.0060189807500729735,.0009871330152723423,-.0037571771819569144,-.008178396620213026,-.012239114219357566,-.01591170952223623,-.01915944010734699,-.021968818102372233,-.024309245296113422,-.026192874609476228,-.027608090679389127,-.028589640207383523,-.029151895629894408,-.029324999244366767
4397881247232491e-20,.012157526780784743,.023869910489692683,.035084177169358695,.04574728065283339,.05582280263608226,.06527355073491933,.07408624044053157,.08224988946021645,.08976434920845641,.09663589918361722,.10287221807382974,.10848977707714359,.11349773585257503,.11791473918587132,.12174861326964656,.12501556844391126,.12772314005884533,.1298844924984194,.13150968642539582,.13261061695646753,.13320215312111544,.1332969161014828,.13291479808779263,.1320700968636191,.13078648982139962,.1290796290564005,.1269753125694005,.12448941717870497,.12164800051726753,.11846604182675241,.11496821254045,.11116796962717715,.10708753422315692,.1027387307764403,.09814094759588136,.09330491272537883,.08824783389988848,.08298079459576635,.0775207251563279,.07188151968072289,.06608281442417868,.06014421705352994,.05409104788229724,.04795098116365035,.04175656624322107,.035544716870981576,.029355159841890573,.023233371471257567,.01722509080142766,.01138340316728591,.005757376812352574,.00040344857756899544,-.004636852345248357,-.009322500017898487,-.013626511026355556,-.017515671628826397,-.02096251004590403,-.023937529491169666,-.026429479426371708,-.0284274799904152,-.02994447806784709,-.030992000405353107,-.03159855900320323,-.03180039876450945
.00012301249072744412,.013488106279332219,.026444616214559215,.038806400382690245,.05053521481255385,.061582144130289736,.07193150165382062,.08155444864864082,.09045115965714697,.0986139759699096,.10605374402555218,.1127785668411268,.11880341492469096,.12414448593736936,.1288165369184049,.1328371481726483,.1362204138862247,.13898244787004482,.14113790260913148,.1427025639249585,.1436933210292542,.14412834107123054,.14402688157474963,.1434112316985175,.14230171162761818,.14072477830661376,.1387001841931791,.1362574296931103,.13341425891711423,.1302013561853092,.12663356427737157,.12274067694821099,.11853465307751541,.11404252954608893,.10927441420471541,.10425316930493127,.09898899178212144,.09350023710855068,.08779994910359533,.08190308843272025,.07582901058752516,.06959202861693761,.06322072436346457,.056732632520985316,.05016665007864918,.043546855992881085,.03692178622648571,.030323475792264885,.023807829310573448,.017414549071846162,.011205074711291908,.005233080487590708,-.00044674135594362013,-.005766870021367446,-.010708082933231151,-.015247395668085102,-.01935077233060504,-.02298404637105362,-.02612893071425795,-.028752087514028295,-.030868713447331643,-.03246902800728535,-.03358744343653785,-.03423219065853778,-.03443497732846839
-18593760439924978e-21,.014858563198525031,.02909078850909247,.04264601559065773,.05546994591432769,.06753453658868969,.07881038307989419,.08928154662516417,.09893456942730505,.10776997747077158,.11579310961032283,.12301408325706904,.12945025159233647,.1351161067451193,.14003421751415,.1442205874163476,.1476985914300464,.15048547731322956,.15260358033266058,.15407299491351434,.1549160614474965,.15515729952729004,.15482014294612265,.153933136608426,.15252064012245797,.15061364689396795,.1482366088888884,.14542113631700354,.1421906037372402,.13857549199419159,.13459690132509822,.13028269296207828,.1256509629295156,.1207261130422133,.11552328525990832,.11006340116187671,.10435950117858664,.09843015389526873,.09228797506004591,.08595166146341858,.0794362988414755,.07276416731544749,.06595603014785191,.05904073461164006,.052047268042046985,.045012811999840814,.03797581346891473,.030981279232555402,.024075626439162775,.017310028537402797,.010736423865000287,.0044124349002808505,-.0015785200499548269,-.007181114136306537,-.012361947230217203,-.017123014268091236,-.0214377433340843,-.025259401942256236,-.028552149334155046,-.03130787818223508,-.03351934103761003,-.035206490662683894,-.036380075089715094,-.03706267994211625,-.03729041274512962
-.00016020001161133246,.016264749442690733,.03180284523559777,.046580626534544554,.06054568974579769,.07365916815992768,.08590092140243995,.09724403694338939,.1076825429331176,.11720712015928704,.12582746287434063,.13355083386565553,.1403952765725245,.14637947498915135,.15152584828118823,.15585860549889294,.15940246412316403,.16218399993494498,.1642296095589363,.1655660519875955,.16622302584823564,.1662296833602924,.1656176910624321,.16441932796823197,.16266605219553226,.1603923935685638,.1576278860072755,.15440809368120667,.15075901357522625,.14671583451163445,.14229992568056793,.13754423309640948,.1324655772900847,.12709292817170764,.12143988900633529,.11553048229751094,.10937726401293352,.1029996040054902,.09641206287207259,.08963038833802378,.08267573382322649,.07556415833552488,.06832585710945326,.060980929894610916,.05357016304359881,.04612102972514073,.03868455468861215,.031297328822806086,.024017809308597003,.01688458154846832,.00997181062789532,.0032964956089954664,-.0030553090845075606,-.008892147809328078,-.014277289293222105,-.019293380094193836,-.02381698012842933,-.027798824197115195,-.03124546490530251,-.03410061273647921,-.03639933068021947,-.038155956307335426,-.03939608337227375,-.04010315324262372,-.04032247578717271
-1769083726513569e-20,.01769778037176431,.03458044113978437,.05060953369360144,.06574293381663643,.07994451438192193,.09317829294137553,.10542413755644162,.11666558423366921,.12689786215080537,.13612312910032895,.14435091476195921,.15159912230684408,.15788814140611573,.16324549821383272,.16769800313990926,.17127903329153615,.17402043216140903,.17595654776672867,.1771215464060671,.17755076478970425,.17728311595177618,.1763548911090755,.17480673040200873,.17267449462618875,.16999870499406353,.1668137969270074,.16315837544081807,.15906405456858794,.15456626092088077,.14969268011213238,.14447423641967574,.13893393349505562,.13309780776154556,.12698450124483368,.12061545277403993,.11400631954108709,.10717594898163332,.10013843772894894,.09291234202478026,.08551485009538515,.07796913620091883,.07029846271533527,.06253288529648846,.05470419034414583,.0468517522010253,.039017850838958194,.03125145806611905,.023603249389523677,.016127041836636203,.008866430556153005,.001882700633298735,-.004750006738291237,-.01094921774072945,-.01659639943059933,-.021750446102785887,-.026473306751289873,-.030645374675228598,-.034199317373431536,-.03715446185261231,-.039513132841233506,-.041320939509128046,-.04260800612290348,-.043366467073046894,-.04361360043292494
.00012481833708053003,.019149200436720998,.03741263992420669,.0547209366023652,.07105756498615608,.08637213963459621,.10063097992595332,.11379930479653325,.12586609220933245,.13681544521785538,.14665288421332418,.1553809626085297,.16302358880123433,.16960099815745813,.1751465075710965,.17968990064736132,.18327244578802346,.18593801205003047,.18772510722226474,.18867560998902164,.18883516827911456,.18825036741218112,.18696506833538024,.1850272826254945,.1824788090056031,.17936642401568473,.17572851031130132,.1716098199402256,.167043027592833,.16207020067701727,.15671739252770636,.15102214280493767,.14500462388019209,.1386959479980289,.13211300917796673,.12527888955473943,.11820872635596624,.11092379543742734,.10343767723073444,.0957646965176026,.08792964502128346,.07994867356712983,.07185401383246283,.06366748433021406,.05543194586386481,.04717675479469893,.03895710277332512,.030815453551100762,.022812186328286087,.015007131750762525,.007447962180127394,.00024726003858853153,-.006709139857842956,-.013285750768533576,-.019232162153335633,-.024662518818186527,-.02952943209900121,-.03379030215083248,-.03744156358872972,-.04046209456091695,-.04285465394884609,-.044704624069600414,-.04605548926962764,-.04680873866598558,-.04704439336098866
49468374343763264e-21,.0206265005964573,.04027676555545687,.058909272525214204,.07647817107026188,.09293578179521234,.10823884104011973,.1223541503274028,.13525728903145132,.14693419756453496,.15737942474605088,.1666028023566595,.17462348607558376,.18146929807939713,.18717315335955395,.191776863076917,.19532647967937983,.19787283439293155,.19946756997692242,.2001615395426355,.20000705702877516,.1990614049311012,.1973785890887334,.1950117686558898,.1920114452098724,.18842826392570255,.1843092264347416,.17969940516010544,.17463954202791596,.16916953850815794,.16332448818666914,.15713668976880762,.15063364187814218,.14384220517698498,.13678548919350134,.12948321531773363,.12195293772496964,.11421257622367174,.10627658347582238,.09816322615220116,.08989093798579449,.08148370832601895,.0729661041298403,.064369354506788,.05572703567995161,.047081536486567294,.038477972440075385,.029970538868023748,.021617469590935957,.013479519780810887,.005633261859232465,-.0018813614207494206,-.009052079582520911,-.015826915713384022,-.022144190648310757,-.027866972309255316,-.032864174666465816,-.037215461388380264,-.04093938969244987,-.04401935876572204,-.046470252613773466,-.04833197127351132,-.04963239768347306,-.05038502597003008,-.05062996640614557
-25881588390890947e-21,.02211975789285763,.04318005325102981,.06317049504574493,.08199864331933997,.09962627919374265,.11599646388029829,.13107450121513686,.14482229047765516,.1572273156386066,.16827839636640088,.1779797748299909,.18636008708611154,.19344300318489055,.19927756140173983,.2039034035435791,.20737704776661522,.2097629126315189,.21111868546886464,.21150820953750998,.2109895597247759,.20964674742639203,.20751744313347817,.204689423527615,.20119593229082303,.19711631256128842,.19248190102670687,.18736346006227944,.18178377847173574,.17580896026239545,.1694523112470351,.16276926513741422,.1557709323427193,.14849532020211087,.14096152857412708,.13319142616341367,.12519940402469856,.11700924297195658,.10862960316942286,.10007710762383669,.0913785262047027,.08254849376909418,.07361975404460352,.06461479120241248,.05557844072532989,.04654399641194297,.03756834670371033,.028698526313278048,.019998965100534796,.011529893627948037,.003354312956203697,-.004503953093643746,-.011800916423235032,-.01877803987306026,-.025385212747916597,-.031200495619414202,-.036384825277974236,-.040879565526788335,-.04469003229200216,-.04782020611260029,-.05029982143882203,-.052159752967799136,-.053441688983953704,-.05415704128114505,-.054356421666497796
-5239249558433213e-20,.023624568148910542,.04614656963619139,.06750120715999453,.08762129738720567,.10644005595307902,.12390011708341171,.13994923220767058,.15454744200262513,.1676727526288903,.17931274437750386,.18947757781157976,.19818518580556085,.20547683528586275,.21139752079900856,.21600562869830645,.21936040843241783,.22153607637588266,.222603417016857,.2226398324444602,.22172199561137879,.2199251049827458,.21732183737904395,.21398211545869153,.20997354128804188,.20535770424030386,.20019397181255522,.19453513939885314,.1884319719878862,.1819270542464133,.17506089750817963,.16786670057574743,.16037550382723592,.15261317295726023,.14460468532081344,.13636863755678844,.1279238671107804,.11928510340453999,.11046701108846263,.1014877027214412,.09236680991843654,.0831266965101695,.07379027851796681,.06439153344958977,.054964308510639576,.045555668204192504,.03621243138561892,.026993284107032868,.01795611750608316,.00916736471389847,.0006897099848743067,-.007396195950215705,-.01502682429617719,-.0221917098778594,-.02885006741266926,-.03487809965754515,-.04019129321863446,-.04479628456114553,-.048678900650101935,-.05185805646551821,-.05435133086706054,-.05620173428834248,-.05744518871179983,-.05813869731088042,-.05836742749310171
-7890340277855564e-20,.02515960290599833,.049153856486081254,.07191164235860323,.09334811023466874,.1133838274287417,.13194779644053198,.14897146166240668,.1644194039690672,.17824982758901037,.19046517433839885,.2010568969289842,.2100651650543103,.2175187578120443,.223483651317912,.22801898412752775,.2312053065127379,.23311792815808216,.23384857208466847,.23348444112957034,.23211336151990108,.22982555236017854,.22670024568971883,.22282153840677582,.2182597039287904,.21308848149837611,.20736744285528186,.2011590923546327,.1945109147094081,.1874748169166736,.18008608772258294,.17238503042065367,.16439805956050904,.15615494105482758,.14767575598856633,.13898299032895212,.13009102210767928,.12101384602144097,.11176887880603074,.1023701910952329,.09283981260692822,.08319441251024531,.07346607840761969,.06367802626606457,.05387692938484964,.04409990779374175,.0344054973095636,.024845232365601193,.015486751728973933,.006394189069990386,-.0023644964681516626,-.010703990978870702,-.018573476535075097,-.025933688449106415,-.03272283558648017,-.03885394216723161,-.04429158892636891,-.04897035201496702,-.052918750838012056,-.05611759605267702,-.05862197272632176,-.060445729974063965,-.06166947545375478,-.062341598126977,-.06251451573931353
3180054395394502e-20,.02672197881624257,.05222645784920125,.07641548044096248,.09919696159056016,.12046843739148119,.14014056390977989,.15814448715948454,.17442363579021827,.18894845541166302,.201699381481855,.2126920390897666,.2219475131819967,.22952250430417354,.23547403894024982,.23988706106883204,.2428428585994754,.24444223729522058,.24478135087155525,.24396565641639073,.24209527051791044,.23927027745153093,.23558580109956673,.23113061970268806,.22598931860503388,.22023622013849026,.21394259783608655,.20716789130866675,.1999699041752813,.19239406247231744,.18448527548476404,.17627636298054175,.16780097591811302,.15908181049337375,.1501435574967301,.14100171928971253,.13167369810437082,.1221718183139337,.1125109548776719,.10270663210955111,.09277598132499058,.0827418749871338,.0726277913049976,.062469104511432186,.052300816742638104,.0421735918033186,.03213623060779011,.022253183928053404,.012586009076158007,.003208065451368018,-.005809561996407207,-.0143938927083669,-.022480556652166563,-.030011583123152195,-.03692655185966365,-.04316508666374275,-.04866999504106549,-.05341852908341219,-.05739163742391371,-.06061135397778184,-.06309601813971259,-.06490304736347134,-.06608550517766029,-.06672558041762011,-.06693716583154567
.00014250449068229135,.028321536734582424,.05538127912272939,.08104243151576714,.1051933009645532,.12771093728367286,.14850189750187948,.16747004898972304,.18457166003017259,.1997486972316913,.213009299562591,.2243420473241893,.2338042225543886,.24143243930066385,.24731947392512774,.251542249164656,.2542132062422592,.2554358329830952,.2553286409624634,.25400780275563173,.2515870454221176,.24818274760636028,.2438968460006488,.23883552259338273,.2330844282186653,.22673246100580993,.21984810377365535,.21250148590657086,.2047455294221475,.19663363324376565,.18820481406360212,.17949802011726126,.17054044794906628,.1613589644844445,.1519719248762546,.1423968534848715,.1326473160741726,.12273491810865468,.11267443883803961,.10247704403272183,.09216404135894748,.08175105151418008,.07127095337604661,.06074918578321542,.050233528593725346,.03976440535083032,.02940370281537811,.019209096470863992,.009251658247184666,-.0003951337679689167,-.009660553700570122,-.018462843167990267,-.02674252207140476,-.034423867685013924,-.04145884326442823,-.04777368640418217,-.05334546343867697,-.05811825430155273,-.062115343937942914,-.06531638529336745,-.06778791633209871,-.06954945259376938,-.07070415190267962,-.07132071637952381,-.07145984780138429
5520442926121719e-21,.029974973281150265,.05863485220590549,.08581366197869224,.1113613621173413,.13514240590411003,.1570419692826499,.17696918643072915,.1948508997982062,.21065492770578467,.22435910807839957,.23599120685238723,.24558224461783518,.25321156895220026,.25895571192499695,.26293080550608156,.26524538688333554,.266033260001354,.265418765153122,.2635380519910592,.2605184002661857,.25648742840346334,.2515654355041372,.24586228822785328,.23948148081379636,.2325088668991053,.2250270148507689,.21709917377320984,.20878908567003626,.20014152698652754,.1912042786078284,.182007041898601,.17258370209077856,.16295220273513952,.15313502942568716,.14314266815128768,.1329898943656802,.122685303266316,.11224113466644198,.10167022252498956,.09098792525454369,.08021687772448112,.0693809646304349,.058517566306531384,.047663602678160805,.03687385858856512,.02620059154908104,.015714529651919253,.005482041514026602,-.004416759582199906,-.013907363256565938,-.022911116148176845,-.031355291086942225,-.03917284829214394,-.04629940631709501,-.0526861529352296,-.058285450784463164,-.06308173783761817,-.06705937461220153,-.07024650580282145,-.07266773588663578,-.0743948317570173,-.07549469896785836,-.07606927159631202,-.07625727094209848
-.0001314636048339684,.03170971249537735,.062022803397569645,.09076767334570492,.11774674211941373,.14279632400647793,.1658063412685574,.18665296018916697,.20529059102014688,.22165028089033367,.23575563627127913,.24759844656968377,.25726256292730826,.2648005150526086,.27033934855258746,.273982527751118,.2758776668439803,.2761600023258749,.2749790244959023,.27248221609953377,.26881092034751053,.2641121976945534,.2585110883326827,.2521429168422684,.24510463190743423,.23750413125695433,.22941241674876023,.22090798962095506,.21204349892254734,.20287377606254547,.19343645611753446,.18376822910676455,.17389336256657012,.16383420049733802,.15360503296706973,.14321783699980362,.13268249024935033,.12200579873802768,.11119974913613095,.10027196567687856,.08924282697358112,.07812683844959054,.06695794907277085,.055763586225153976,.04459393347799079,.03349424553033074,.02252992238205715,.011766151566490574,.0012777623424488265,-.008853170908952995,-.018552441746280877,-.02773003676880081,-.03632336061758505,-.044245704226816035,-.05145499385843689,-.05787725315826755,-.06350137875750743,-.06827791746389997,-.07223831534757924,-.07536926204616723,-.07774909187039854,-.07940844395463112,-.08046753154331247,-.08101366165267072,-.08111278721785992
-40898666191585967e-21,.033530911722088066,.06559518010931953,.09594873046751336,.12438185555491171,.1507178625549225,.1748102061759759,.19655778653296185,.21588024641649728,.23275325293730445,.2471629814877252,.25915862281304136,.2687901470802571,.2761702143913582,.28140447301340293,.2846472910111552,.28604006975270846,.2857529104766835,.283940595656385,.2807715677394184,.27640068799120954,.27098521698068656,.264675938084117,.25760720164373463,.2499028561355595,.24165651829246704,.23295963880786605,.2238756794530802,.21447083706195988,.2047868028029847,.19487056001455672,.18474648054823903,.17444544082801436,.16397848505201262,.15336360335952334,.14260432143589744,.13171076912170054,.12068610883355559,.10953879934694317,.09827873525810985,.08691915136785289,.07548292203042331,.0639940344887933,.0524931238139938,.041019368099480924,.02963313043486719,.018390962673021476,.00737069216817373,-.0033555432820367485,-.013700438911281641,-.023583225534312625,-.0329192877259313,-.04162987030562943,-.04964564063194257,-.05690092489896136,-.0633529580762226,-.06895988582961712,-.07371639956500177,-.07761506968036666,-.08069618299523829,-.0829947746044189,-.08459830078128164,-.08558709235702548,-.08608104110178241,-.08624005791910751
4966627245220927e-20,.035480718660778746,.0693945130133549,.10141039232294717,.13134105991043826,.15894896396744448,.1841179023781724,.20669873742044237,.22666526316881533,.24394797489275027,.2586000165661921,.27062797475282757,.28015394933088533,.28725800848326427,.29211046703103616,.29485284117836336,.29567020950111844,.294736734192717,.2922314973872791,.2883341944950704,.2832153909964641,.2770427610630426,.2699788085990065,.2622010834497475,.2538056945320715,.24491981578347857,.23561125004914057,.22596309950953353,.2160243866022541,.2058489392751735,.19546914939960408,.1849175245752447,.17421180669906744,.1633673964815039,.15239202665994078,.14128958641568548,.1300647200146715,.11871726210781075,.10725581088019477,.09568391800779436,.08402055520159257,.07228013040844482,.06049710459588724,.04870291534166327,.03694982693177532,.025290079950076903,.013792797455633372,.0025322616791376997,-.00841225637256957,-.01894849982318777,-.028998811464038037,-.03846305611873669,-.047278538658514724,-.05535092689503239,-.06264433301141416,-.06908413166568492,-.07467091853565508,-.0793618302807959,-.08320168975055478,-.08618906702807042,-.08841594940394411,-.08992880542634842,-.09086189962034597,-.09132203347652589,-.09138029451203133
41716550472280516e-21,.037584531355638134,.0734315424611485,.10721153976777449,.13865328085694353,.16755150182165152,.19374020874919276,.2171235204630854,.23763057488982947,.2552613631481819,.27002599895674995,.2820099027389641,.29129539656373915,.2980403427780267,.3023912804377394,.3045496917413153,.3046998373382826,.30304837417259745,.2997835831055488,.29510897636438876,.2891936224769128,.2822190724451567,.27438324302275835,.2658589410864158,.25678483549274184,.24724605202539018,.23734140836135711,.22713215650508325,.21668223311605433,.20602915293174778,.19521520580569876,.18425753379128057,.1731803453434441,.16198514692214458,.15068225464615942,.13926598437984922,.1277394508603632,.1160991317647341,.10434836180728109,.09249404422092881,.08054668426530216,.06853026781031547,.056469001765702374,.04440828574464455,.03239007541872388,.020481576981690158,.008744800286299714,-.002734446277697606,-.013876649779123814,-.02458693857754066,-.03477679601754382,-.04435635231653163,-.05324117771331631,-.06136158992845048,-.0686514906216819,-.07507468145300285,-.08059563823832248,-.08522130617362077,-.08895615884288402,-.09185625226979294,-.09397078121639921,-.0954043223980423,-.09625205032300117,-.09665035798972078,-.09677532681923379
3376682849141915e-20,.03987130443756954,.07781073903677561,.11340349562463622,.14641534116558141,.17656464175629197,.20375873189394492,.2278426537234712,.24883050870114043,.2666706438618296,.2814655198085562,.29325316017714226,.30220924915684144,.30845033326625054,.3122068282757742,.313669115818255,.31305843501917663,.31061087484473004,.3065077507756376,.30101286580080633,.29430127459900296,.2864608046188315,.27778229528896414,.26856084655960716,.25879223767524,.24861204226132785,.23811191070819168,.22736059708423073,.2164125944281557,.20531130034402661,.19408400882666205,.1827562710218055,.17133526684957925,.15982656939932013,.14822793391056158,.13653219046120343,.12473694698166045,.11283327149375759,.10082542358757228,.08871270880791618,.07651242050405198,.06423882312932158,.051927902080197826,.03961686199955749,.0273601838593909,.015218373411556588,.0032654721649510825,-.008413842113551534,-.01973491590403996,-.030594158472311225,-.040910095440994956,-.05057170759984764,-.059517214509015884,-.06764489847150451,-.07492647560079249,-.08128701480642313,-.08674172047301408,-.09125317394654478,-.09488665724729929,-.09765444303489083,-.09966554165411382,-.10098494117009933,-.10175969321533242,-.10211794421915733,-.10213542616060377
-29619746585495065e-21,.0423722408071322,.08252499063182987,.12005186117771229,.15462862615950496,.18605151717935392,.21416438436039115,.23890328549776343,.2602327885933105,.2782005008660787,.29286364948442917,.3043616843470087,.31282463777273994,.31846875833152277,.32148957054370497,.32214575787179456,.32070102224262514,.3173770405097403,.31237619683443135,.30596494625765114,.29834032728261856,.2897096987135384,.2802959836157343,.2702779318817031,.2598068069637981,.2489761613974728,.23790265377591194,.2266298740661909,.2152085775123309,.2036781000932322,.19207460090168574,.18040386855024815,.1686794812071394,.15689009205945764,.1450341487119712,.13309474264362028,.1210647485069934,.10893344355296437,.0966971127318812,.08436016218895788,.07192956497655381,.05943088707423236,.04688976086092286,.034357153836379384,.021879023700683606,.009529923666150164,-.002620917022666249,-.014479006473899117,-.025956060234691748,-.03694912673421322,-.04736042960085691,-.05709513666507918,-.06606285468571903,-.0741941089689282,-.08142225822855022,-.08771998199508774,-.09305830911375564,-.09745931637221408,-.1009435237662456,-.10358611426187822,-.10545293992198064,-.10666747571764476,-.10734258453254406,-.10762972814814382,-.10771525713635567
-9300632166553471e-20,.04512324364394331,.08768468376878152,.12718500116594791,.163399887900342,.1960290463306935,.22503721816027228,.250294713508211,.27188573625279333,.28980780700301967,.3042358654763943,.3152659769532238,.3231367910135929,.32802380395363645,.33022148460637407,.3299735990388133,.32750144200813414,.323197975436916,.317190326995411,.3098803428025147,.3013793982491175,.2919128514478078,.28176318473858436,.2710041625207863,.25984381490415326,.24839261500181598,.23672487662024186,.22493312692828718,.21305115531979002,.2011296923045773,.1891760658411506,.1772069985250346,.1652127977709689,.15318611786068106,.14111158777528787,.12896641335243625,.11674091154003675,.10441502627384958,.09198701285418058,.07945328678306961,.06682863351101231,.05412652545321159,.04138522402338464,.0286523284909258,.01598105293971546,.003443082794346697,-.008881727423176505,-.020897347378177455,-.03251295852851951,-.04361214483641556,-.05411019221358617,-.0638819006292888,-.07286862224773343,-.08095985250580796,-.08813509641709912,-.09432160019647438,-.09955309030627595,-.10378719542753907,-.10712868388477588,-.10960079756667325,-.11132969697529517,-.1124076250705837,-.11298688187886347,-.11322743122411669,-.11320610430290165
-14434512259881677e-21,.04814653828946496,.09324387875801383,.1348651166869047,.17268570827873655,.20654357088940165,.2363262955759807,.26204149117798387,.2837222322730824,.30149748536374954,.3155016689247912,.32595127533837603,.33305107371334813,.33708517180713754,.338321130375,.3370504819104287,.3335206243943333,.3280896928461999,.321091252839397,.3127580819480771,.30333894171058845,.29306191774799145,.2821222150529794,.2706605540469796,.25883005279628757,.24675974154643007,.2345388101003157,.22224234897904852,.20994746988301366,.1976602222084759,.18540635633456565,.1731721571512436,.16095641184372034,.14873143649216747,.1364800880018725,.12417275809900148,.11178892079237006,.09930998889136732,.08672315141288582,.07403064025408054,.06123625992478948,.048367873241736366,.03545263708516722,.022547578164114894,.009704302665697636,-.002994752966780835,-.015472271807808994,-.027624467289482656,-.03935319165817966,-.05054653784987789,-.06109733678448547,-.07090411105936435,-.07986878137157784,-.08792310598689458,-.09500022400462528,-.10108178836841988,-.10614563421478812,-.11023300523093976,-.11338137873645614,-.1156888027155596,-.11724278955344668,-.11818722180917664,-.11865495794505591,-.11881251593125006,-.11885352298798343
6413729714434892e-20,.05144902525780714,.09932796801982563,.1430795803291445,.1825843066045247,.21756496273241113,.2480859756259693,.27408722938217556,.2957609291895269,.31319058477876116,.3266510496155298,.33632431422335507,.34253721577951046,.34554874805283214,.3457000386882104,.3432870582180594,.3386518519860329,.3321288977790886,.3240266788206366,.31464572182481365,.30421404776724825,.29311037568084297,.281402956821206,.2691694028349896,.25665492134354395,.24401015771516354,.23127372411644745,.21856191624853802,.20588286890821644,.19329131357759058,.18077099882887196,.16832673011881225,.15592888104686234,.14355500341757843,.1311715357173313,.11874412242637689,.10624730685246042,.09365136760226818,.0809483239243319,.06812708583744968,.0552037487824635,.042193328316665626,.029138557747680368,.016086518494844857,.0031028395756090657,-.009735157211901227,-.022340082938377033,-.03460471689284931,-.04643104070308644,-.05768911289251338,-.06828825694399626,-.07809199748273743,-.08703967255208071,-.09501293199947906,-.10200018975640114,-.10792671325064218,-.11284054328330115,-.11672555830704061,-.11969051355177929,-.12179040245753693,-.12317318409253057,-.12395501927760966,-.12430692184890514,-.1244014942368525,-.12434637361651887
27440823379723443e-21,.05505632836738066,.10579816051779803,.1518582417066325,.1929772961150484,.22909560682756502,.2601982475022637,.28641105748185736,.30787958177570557,.3248478233155547,.3375595116460089,.34633508137684715,.3514780761092961,.35335222851562903,.35229101742984636,.34866791112347423,.3428244266601267,.3351246234253731,.3259013715799319,.31545689585309084,.3040856935060581,.2920210643084352,.2794568229249663,.26653193810328346,.253405479801595,.2401966561617845,.22700908484714516,.21389133752227354,.20090026862140456,.18803634664379973,.1753122719249513,.16269722814549178,.15017306543258482,.13769475289615712,.12522769555445218,.1127280998209984,.10015953840389383,.08749430856109068,.07470903594311486,.06180381272634376,.048779488358436776,.035668575175355426,.022500222837337214,.009337907363523348,-.0037615723208731465,-.016707218483145606,-.029414672769654336,-.0417703911409821,-.05366636402769258,-.06498037170764463,-.07559378873832928,-.08539856859754902,-.09428744502171638,-.10219239450150316,-.10904303151634472,-.11483142770217397,-.11954446827379178,-.1232427487031857,-.12598054450710344,-.12788084299691127,-.12905784230011064,-.12967800353424833,-.12989954420713082,-.12990416909433034,-.12989503648596176
-9255650384036817e-21,.05893249189571371,.11277749811688181,.1611155778418575,.20391610243982006,.2410295058115166,.2726635348656865,.2988903976737743,.3200411067127447,.33633278665482125,.34816414038204085,.35584194238154176,.35979221532401345,.3603730297835288,.3580042703626857,.3530655335364654,.34594553049535964,.3370265417136413,.3266363185222466,.3151292816983038,.3027464399827335,.289786167588306,.2763989295217979,.26278216967124685,.24905063336831715,.23534901409091602,.22173055830820879,.2082834434021668,.19501092385740554,.18194576751470182,.16905750900656294,.15633478188370936,.14372936552516832,.13120176827889118,.11870103701881214,.10617625300549302,.09358810315146612,.08089219719739857,.06807465043282819,.055116820146541165,.042037105880281235,.028853585464662358,.015612858148583202,.0023682882321491563,-.010809920013071557,-.023836176099894524,-.03661788280540611,-.04903756042159528,-.060988492700305354,-.07232800445412865,-.0829562749717592,-.0927248805909596,-.10156863755659115,-.1093613802758775,-.11609666038428691,-.1216996432327508,-.12623442012061628,-.12969943766677763,-.13222418601070887,-.13388707601890962,-.13486185838558717,-.13529471429685322,-.13537411066885002,-.13529658209792156,-.13520097235724693
-45263761463278957e-21,.06306983706796128,.1200813728595586,.1708281084822037,.2151976685475313,.2533007520562589,.28528136743794297,.3114301029445048,.33204908288704443,.34753621409325886,.3582805482322039,.3647329191482401,.367319929501163,.36650266128031017,.362709441313685,.3563810672232512,.34792490254513236,.33773518743398423,.3261772378231226,.31357263817677217,.30022216660485046,.2863608258061503,.2722092885679041,.2579195492989545,.24364497222080658,.22947478300701904,.21550261616756217,.2017584089126198,.1882816221116913,.1750547394488347,.1620729043064338,.1492876342750021,.1366628417667289,.12413645850581964,.11165551480216479,.09916084583166324,.08659793818666046,.0739277376233191,.06111369374465868,.04815460227721871,.03504991434630807,.021839813334952957,.008557490697780378,-.004726820480750232,-.017952817694584716,-.03102358863665349,-.04385043542481803,-.05631113679688685,-.0682879289556425,-.07964725821292398,-.09025697883165194,-.10000058347372617,-.10875933144145293,-.1164640575469917,-.12303976785048928,-.12848724083226212,-.13279976121025783,-.13605671174043177,-.13833023007421022,-.13976858771380118,-.14051354341075253,-.14075734827624653,-.14068816030393558,-.14050798636003867,-.14043869308415324
-8127187254028063e-20,.06740300141527834,.127759546030411,.18082704477673556,.22680039304786767,.2657169334717307,.29797024452758153,.323823288794504,.34378206085292345,.35824726219809844,.36776720404779023,.37281028080135326,.3739153991810134,.3715696118256152,.36626659381542215,.3584797718101691,.34863406946145276,.33716575903606405,.3244131480359314,.3107532455051829,.29643027765039587,.28174424918075264,.26685171242842265,.2519686364710268,.23718112865629107,.22262883764654223,.20833944004689187,.19438451465916046,.1807453767419834,.1674363961976835,.15440733400252238,.1416293906004483,.1290360076135372,.11657109593535141,.1041666259908162,.09175388584270569,.0792790751055232,.06667597607260595,.053926388071291034,.040996593902636366,.027917175607345888,.014712572153361,.0014354660314897028,-.011853631515819234,-.025083339785265633,-.038166212581095024,-.05100415586211622,-.06347762145237058,-.07546560510257579,-.08681530469784945,-.09741284533533026,-.10709619830684364,-.11579432067281677,-.12337092769844057,-.1298231429248346,-.13507395866803962,-.13920089238053673,-.1422122150098001,-.1442593270647596,-.14544341847074255,-.14596430335382038,-.1460007356423103,-.14576345562418588,-.14548171322753775,-.14532188269805904
10845612057025923e-21,.07190210886850261,.13556100534789794,.1910354005363772,.23844964812440456,.27813565475941215,.3104468325813941,.33588883224566446,.35496670456550156,.36827140495249494,.37637550727742725,.3798831211739867,.3793681797432571,.3754002484274371,.3685135855852972,.35921233606724773,.3479671296432931,.33519725516527493,.321294377860539,.3065828692095602,.29136893284752136,.2758832310744254,.26034882272952525,.24490989473900063,.22971135683960667,.21482067268161434,.20031323250972374,.18619491146182401,.1724843649818857,.15914296034470565,.14614624013567212,.1334277310090101,.1209337790373395,.10858654123582955,.0963169160543599,.08405056588930461,.07171360882983296,.059250400306398464,.046601105682597906,.03376080620072209,.02073701669321145,.007588063292363833,-.005643790804744682,-.018889744930999163,-.032084968479617594,-.04513587335338901,-.0579544450177088,-.07041386185171156,-.08238618177074188,-.0937239050326637,-.10427838637036443,-.1139219046686734,-.12252364462930797,-.13001085111173294,-.13630293530516674,-.14140432950268508,-.1453120042558018,-.14811855124578213,-.14991211633562918,-.1508638122598626,-.15114315956366453,-.1509708938324447,-.1505688625112149,-.15016763844157516,-.15002354834700857
.0001029630966622532,.07644649302265111,.1435031662511587,.2012251961497162,.25005322437527405,.290282819228124,.32254056422217314,.3473342568545796,.36538504072154715,.3773227414311989,.38386974305713306,.38569239829759844,.3834494105029136,.37778030382802374,.36924565977860174,.3584211496058057,.3457536359081453,.3317334864999476,.3166920225612079,.3010224127818392,.284952487386581,.2687823971244851,.2526533622497194,.23678112335900128,.22122554626395236,.20611518162704615,.1914464657793127,.17727180813056267,.16354645070531135,.15026495194418685,.13735673925290293,.12477526670844462,.1124378276966008,.10027335953403448,.08820001610546634,.07613762529637425,.06401634643577553,.05173832920203457,.0392840381040297,.026547447086184457,.013624803906484989,.0005823014823375621,-.012551309344108195,-.025710781799402345,-.03882239469168413,-.051805773012687996,-.06456133720056521,-.07698230280965838,-.08892486277226531,-.10022513182320256,-.11075125359291813,-.12032320608252761,-.128865906696059,-.13623266661655958,-.1424193967982648,-.14734320400089265,-.15108873503688977,-.15366675539820496,-.15524781731330276,-.15594909709578947,-.15599993169340476,-.15560893304909568,-.1550207843272707,-.15450485325094285,-.15424517123569045
19509585025465e-18,.08100750397602718,.15131432760384558,.21127788766194294,.26128952612150375,.3019606873129903,.33390973443068356,.3579058708887575,.3747022522042366,.38512091899587286,.38994787962086247,.38996480121130533,.3859097467558997,.37846629860536285,.36827791406608784,.3559048352456404,.3418755782458423,.32662129709321924,.31054998971714487,.29396949433442376,.27717628888268125,.2603806598447855,.24379877899215374,.2275571947230994,.21178645136583465,.19652412513009257,.1818218304836514,.16765711057143573,.15402585207839237,.14086747952080036,.1281384162122423,.11575523874037924,.103648638063018,.09172770723476437,.07991220322332146,.06811852994779964,.05626707629404361,.04428985947328384,.03204816527649534,.019504917230331882,.006718609313803972,-.0061707046182889885,-.019142052274054855,-.03216978542296458,-.04515780942639918,-.05801671140908691,-.0706883043962025,-.0830395470840883,-.09493211698668061,-.10619925992392495,-.11666796405923258,-.12620156055655696,-.1346565604291211,-.14196027583797557,-.1480200434092929,-.1528377006067033,-.15640357137471003,-.15881714435269717,-.16017228320951624,-.1606605621745912,-.16047469579617465,-.15986914673650796,-.15910382713739285,-.15844888669752755,-.15821861542548143
-6394392661098761e-20,.0854607677633636,.15897246086868477,.22092971134235004,.27201893201974686,.3128439821165984,.34431686342191403,.36724817508871266,.3826116276081949,.39131765211083697,.3942788442175563,.39239290493579776,.38643599339140017,.37721452156903795,.3653405858087078,.35149157572166306,.33611803163091125,.31975926946295496,.30271647932956663,.2853837915830404,.26795135615780613,.25068994455886773,.23373077152587798,.2172900951434031,.20138592922377946,.1861259339014919,.17147110581122404,.1574455391920936,.14398266331057594,.13105399094194078,.11857305283931804,.10647475195879892,.09466426376260711,.08305586901976694,.07156007643372883,.06008806798751638,.048574269982380354,.03694002950703308,.025212910260962527,.012732152967740551,3663073111831762e-20,-.012490260072811264,-.025192397202594488,-.038094191411337804,-.05094566019224948,-.06365195183873056,-.07617761517540682,-.08843773077192045,-.10027531325374218,-.11147868317270851,-.12192827657516933,-.13138394488778846,-.13980635322331453,-.14703416628334065,-.15304812327584202,-.15775215358013267,-.16122479743611637,-.1634684446116482,-.16466282500858803,-.16493118118933348,-.16453457671193816,-.16370790635340654,-.16274828202913652,-.16197327612940982,-.1615833905992053
-5100381624866388e-20,.08978212045473867,.16625798674882297,.23007732041782367,.28191790582874743,.322713884786409,.3533941967304937,.3750532977956513,.3887454644418861,.3955620260269945,.39653461706141585,.39263274637022394,.3847666396125925,.3737244834244012,.36024962134557736,.3449406197420661,.3283707658616219,.310964944054228,.2931396621601462,.27516128892438363,.25727372840443663,.23964951157976633,.22250234356234333,.20595208901873527,.19010455172555615,.17494342067625107,.16048739047194333,.1466886959309462,.1335183664522289,.12089880145985336,.10876767449279955,.09702778535252941,.08559496071855882,.07436773923251995,.06325392396849763,.05216336964852573,.041004090716445105,.029722369312789723,.018217259785048918,.006421902589814539,-.005719768251215878,-.01806717162067123,-.030678520927631337,-.04342778127654462,-.05600017870089211,-.06842849562258693,-.0808645865834136,-.09304481961395905,-.10479044189946617,-.11594953200963634,-.12632468874237784,-.13577442176582252,-.14415038178405223,-.1513835247125581,-.15735422625687487,-.16204755048877897,-.1654336259149972,-.16760152807088052,-.16863802884012666,-.16874478635244258,-.16813318603115227,-.1670978228341469,-.16594609096553053,-.16500597183675364,-.16467962355882854
-38063705885293615e-21,.09385950390906046,.173161559338941,.2384657188394598,.2908537857052274,.33122310087868484,.3608589158757878,.38092817538276397,.39271864662821127,.3974693504371197,.3962991316190465,.39035601772261924,.3805170668813098,.3677501271752238,.352689014667593,.33609193040159185,.31839315010943753,.3001608657463496,.2816391591540623,.26325441081194395,.2450948226042657,.22728700275425204,.21003399000690065,.19363583076907437,.17795808577205796,.16306952554056325,.14891851110060628,.13548924571867071,.12270304880241044,.11051109355966653,.09881327429515832,.08752790132884568,.07655098882909547,.06578128622642121,.05512517420987952,.04447704876524533,.03376854548468643,.022907219771493403,.011857916082079107,.0005140222710329006,-.010788872230437084,-.023004787560587558,-.0349249481988385,-.04756661638510169,-.06019709938278953,-.072726438963296,-.08471714824524355,-.09677522723969674,-.1083685938735179,-.11940030239472256,-.12984155886743665,-.13916223945631415,-.14759775476703096,-.1548457526458135,-.16089031767326487,-.1655932358164727,-.16901893596780684,-.1711271462918699,-.1721050065625547,-.17204941413947578,-.17126736343533727,-.17000783890807905,-.16865250579449395,-.16758412389989108,-.1670273265769302
361745862657226e-19,.09772896583742863,.17944380996271883,.24604999367236371,.29851250778379207,.3381708932543911,.36634614089681256,.38453844991371,.3941708388612881,.396642661791428,.3932595686951141,.38517039581154544,.3734477605222397,.3589536766139934,.34250143909046427,.32469197624241936,.30609896893639593,.2871249025637794,.26823020417998644,.24957547798185112,.2312900035193754,.21355503248796695,.19654785545833942,.18033510630684907,.1650303414503141,.15054999631244118,.13685840970861032,.12390370800099015,.11163746684727142,.09996747297246862,.08881527132180501,.0780723180265862,.06764170898913072,.05741451979899619,.047288239324968215,.037168802506314026,.026968616518433346,.01661601278485469,.006084962787657694,-.004634546239822423,-.015606583587068951,-.026970658616085427,-.03869521719475964,-.05073438052747297,-.06329554607762167,-.07578227203296413,-.08770975395731391,-.09935653878045518,-.11078592842224765,-.12174114350724011,-.13203123480893375,-.14149275723752877,-.14996320810998975,-.15734853647318753,-.16349822301428252,-.16835882728580895,-.17185760146407664,-.17404782904884197,-.1749816663589755,-.17485710839136928,-.1738916526000754,-.17243225788625663,-.17085139889179884,-.16957065212946215,-.16912475648873734
.00011041287841613775,.1012706471250937,.18523690788575603,.2525763426420758,.30481219128021503,.34319755069482677,.3695484284059529,.38547501616619456,.392653631201978,.3927001711690995,.38693697491626383,.3767693427870412,.3631275912286885,.3471229991243367,.32934975160468966,.3106282356225433,.29129589995018434,.27193522437381173,.25263661971258045,.23399017567217634,.21584067517288077,.19848718899940876,.18197047555884932,.16623941547408244,.15141555478794658,.13748321981050488,.12436147686441437,.11203424337393139,.10039217651638774,.08937453201746125,.07886488802292309,.0687698109542008,.05897832305614169,.04937781236292932,.03987517219215825,.030351184311780365,.02073925828382774,.010928585402833136,.0008556380562551071,-.009046305324626344,-.01918509916537624,-.030270668311354252,-.04158916738272025,-.05331986397383434,-.06527221349458988,-.07722010082231782,-.08899304729480884,-.10059231238724141,-.11183701175999337,-.1226987575665375,-.13299187709023114,-.1425025923450704,-.15113915613095255,-.15870785123266745,-.16512235932290473,-.17019817201812593,-.17395325335593742,-.17626558429039293,-.1773122676849108,-.17711530362342545,-.1760460735950581,-.17434028254382639,-.17252717014840024,-.1710835549824145,-.17030100887587393
-4585432286926668e-21,.10461768038406823,.19026817564675885,.25809074820479516,.30939205683472176,.3460967820796115,.3700716689998477,.383351042395345,.3878162501135189,.38519630134731636,.3770764624701549,.364746172278887,.3494075300653199,.33193605780026286,.3131749723372393,.2936692088259702,.2739733067884968,.254374613156549,.23516452342990277,.21658027794238688,.19891246652135922,.18212981961710523,.1662697720895468,.1512808670100512,.13714497268229744,.12389260446212584,.11152447240709873,.09993815499569392,.08906930132735172,.0788070143431814,.06905930728248247,.05970970818358907,.050652452291531716,.04177634688056687,.03297513056127579,.02415508235007237,.01522534764845054,.006127989142846121,-.003137421218438276,-.012597892483374952,-.022408986709485584,-.03268613657232324,-.043451929024111234,-.05457321825916378,-.06598230922220123,-.07749301118859471,-.08894600707849375,-.10026927230821217,-.1113722826894472,-.12214010315797086,-.13242792614811116,-.1420823172033858,-.15092787436684466,-.15881840067079997,-.16556755083833855,-.17105599181653636,-.17513342479331437,-.17778001514956404,-.17896471704620842,-.1788550078376063,-.17764052853082973,-.17574129121885473,-.1736199783393203,-.17187095181505996,-.17125485085482395
-.00011958374298779889,.10766942429735289,.19485796982437661,.2622660363351611,.31219264829472465,.34640535894450364,.36749844047612623,.37768777161109174,.37909608916409754,.37375736707688173,.3631420764915126,.34887991158944154,.3318644924099792,.31331156194396026,.29368468741518455,.2738327817335508,.2539339227763705,.2345272978416333,.21565933332564727,.19769225956328834,.18056877384879733,.16461856788626336,.1496108043143257,.13544669744359364,.12219446842602251,.10988991483179766,.09840251249853171,.08773366585097445,.07774496889585225,.06837174510336635,.059484888629104435,.050985107685357425,.04275851260086526,.03468922245181225,.02668852805154859,.018639657202206682,.010488980206039451,.0021575098949593524,-.006395585596612025,-.015223697522826707,-.024384911503122476,-.03404659724542393,-.04409196915834128,-.054578414967114484,-.06533735411624181,-.07630007720073431,-.08732195160261069,-.09833445806267732,-.10921355164120385,-.11989168257591189,-.1302043667583193,-.14002556092262636,-.14917559553677165,-.1574631708876496,-.16473106992807687,-.17072047854033992,-.17537183440364656,-.17841463289789045,-.17999011121311023,-.17994974296696498,-.17874658506034077,-.17654161429795315,-.17411692637871679,-.1720989967524557,-.17097579337071978
-4027192864284061e-20,.11064314060924513,.19850936716050185,.26518490790334504,.3126345331197614,.3437640003562119,.36128105538067123,.36792166816404986,.36610908093575284,.3578570113169617,.3449763338718652,.32878661583101526,.3105390170639518,.29102491794151336,.2710507107242058,.25103557982811825,.23144872014213058,.21247612942824595,.1943677167678465,.17719317304489668,.16109695016222692,.14604807021679986,.13203709163516997,.11896942606957622,.10682673626376658,.09556790921957814,.08515933449705591,.07550831575258905,.0665449656054285,.05815355007706883,.050236598211184494,.04267560926218612,.035362322963312265,.02818895786245858,.02105179926606419,.013864357381783802,.006542837319800401,-.0009720748946492941,-.008745375374117103,-.01682555518500069,-.02528972373389812,-.03416740927447758,-.04348867861719462,-.05320257276700719,-.06326663690763841,-.07358691544754956,-.08408671378833618,-.09468198525582731,-.10529683938016637,-.11583112206300554,-.12617523327649433,-.1361810923119966,-.14568009662020204,-.15447639960570886,-.1623363054861802,-.16904767727354766,-.17434351702106568,-.17808221711824648,-.18006549449647222,-.18037660384417917,-.1790889720219707,-.1767107086126256,-.17380926690128215,-.17130764512654156,-.17041049728203403
3903988570467104e-20,.1133174273193391,.2018314121450296,.2662219143184588,.3104663378591211,.3373831144576039,.3506408559985761,.35339101667838696,.34805940899421467,.33714286554644607,.3220063673163766,.3044313632030586,.28510918030492105,.26526533946779457,.24515744264275577,.22558224087372444,.20654358310585436,.18851363489957712,.17138647230407056,.15542745936791785,.14048827425548882,.12670126734141818,.11389766149833946,.10209261537801251,.09117773795056631,.08115504290005582,.0719148849441279,.06343054942635194,.05557362513136382,.04827443784679115,.041404292244643315,.0348620926818393,.028538483875757633,.022318957210253818,.016123256539273368,.00984059676918285,.003421475250649129,-.0032311489444546673,-.010143030193504028,-.017407325719083554,-.025026204986561683,-.03309145503001044,-.04155019969498063,-.050454897627056475,-.05970634118093308,-.06931556178677911,-.0791738777930309,-.08928174053836435,-.09952029251567197,-.1098775739056937,-.1201876257977051,-.13038301259354823,-.14024168007263585,-.14958444917278713,-.1581676732387621,-.16566107808286004,-.17188263851500926,-.1763642220191829,-.17914921765373099,-.17975844580647218,-.17872390572442984,-.1759399789153705,-.17263620081331807,-.16962364265033492,-.16784283834190464
5614230381846228e-20,.116200870984116,.20368780722701954,.2652812374132013,.30459488550988867,.32637839344990105,.33473812929215685,.33315390446249055,.3245660662685926,.31099508933275205,.29429300711251605,.2755709572682957,.2559784187170106,.23608623448797522,.21658703296458548,.19770856017925104,.17981927754899288,.16294999752296074,.1472520038356138,.13267210776257024,.11923676351213715,.10686300965307485,.09551193286698596,.08509737294755844,.07557383179548392,.06686628268377205,.05892741903542451,.05166497500444762,.04500937414253341,.038848891815001785,.03308764162710279,.0276150663522244,.02232245711655465,.017114502987152374,.011891697597123854,.006576624196780993,.0010892643641853556,-.004626411085382989,-.010636791899767755,-.016978229366784493,-.023704737703779292,-.030833834025053443,-.03839128885784515,-.04636801756625197,-.05476093580203893,-.06353946648697321,-.07269300978876513,-.08217656069586365,-.09197687150253127,-.1020152494210903,-.11224248311401283,-.12251158939435204,-.13269193635603402,-.1425484756162039,-.15183309334481243,-.16023859914706653,-.1673854121258702,-.1729609166407292,-.1765143588076762,-.17793145442442676,-.17696764959242442,-.17416346845065925,-.1701053954438815,-.16630674637534537,-.1649103680975736
7324472192232844e-20,.11881992749046948,.20507142935761521,.26097647698220167,.29393687130968027,.3094152844202171,.31197847047475175,.30646248175666474,.2945057800680922,.2792995977374772,.26134207185637226,.24257163121911085,.2231318226575838,.20413830419969792,.18562833099652506,.16816088721964945,.15170798399929356,.13648319306075266,.12240532378465808,.10953011607341862,.09772906515144465,.08701279225790819,.07723025674888996,.06837163728634561,.06031894852905397,.05303297585666201,.04643882168073262,.04045835849964762,.03502186216504375,.030029682665598124,.025386436691283307,.021000788179867363,.016754099876515702,.0125760193007183,.00835307350287186,.004026765102288838,-.0004817710857924329,-.005234457646541273,-.010263363217992507,-.015648120099182154,-.021372401696614016,-.027535043814824006,-.034079625177423224,-.04109827697710326,-.048529340670810495,-.056426114191143614,-.0647572229772196,-.07353272308964373,-.08273657615561776,-.09234452099819568,-.10229410758273982,-.1125081802258573,-.12281832936150727,-.13306530987201848,-.1429447337316804,-.15218559680348276,-.16037528290884256,-.16702857579711364,-.17182714310946054,-.17397269667248533,-.1738257761665492,-.17059936848321897,-.16620125881314382,-.16154786977724167,-.15831738556311636
-3098348576968145e-20,.12160205134772316,.20323425363086803,.25222553935732017,.2766870291987905,.2844996567146637,.2818016523288161,.2719832745131082,.2581261324257834,.2415507612971237,.2238129947375427,.20547679948476086,.18738624037662496,.1697779861611548,.1531191164891759,.137455575876739,.12299725685411668,.109688136860787,.09757416731759452,.08655872739540896,.07661740479060164,.06763797521464128,.05957052366120598,.052313240964708095,.04580423289948702,.03996666788060934,.034737379623984044,.030042903783240146,.025817179652666746,.021972846418502844,.018430934071824986,.015098120755880432,.011886321760258627,.008710345520850126,.005485319290128402,.002146622380196074,-.001377952458238741,-.0051320218228441015,-.0091700945498024,-.013525501756267107,-.018241328866682262,-.023341151847622626,-.028864252374433085,-.03482230635380448,-.041250233359960864,-.04815320803430423,-.05556374271240212,-.06347790404617146,-.07192809912523758,-.080877259713332,-.09033618334003263,-.10019192378235874,-.1103838856118765,-.12069474258455104,-.13094189383245178,-.14078670823985273,-.1498631284212845,-.15770156335555335,-.16364529769811348,-.16724736101805646,-.1676328812132085,-.16510604273069782,-.15970797988849286,-.15388746649218735,-.15165201369657244
-.00013521169350225008,.12257465538044171,.19841611237567505,.23592473254752339,.24935500691179924,.2503838593731496,.24176821918672006,.2300128491043083,.21448873941690497,.19867075098273868,.18166647525053328,.16528815034072553,.1491590220699424,.1339128303243957,.11965507996442044,.10638033596277802,.09433009085982905,.08328536855939303,.07340465271553075,.06446203353392965,.05650740624180201,.049369582862721695,.04303961542444902,.03739971637187016,.03241035603549082,.027998242664262523,.024095624243776356,.02065703011165149,.017591115802031154,.01485682546750555,.012352357369921348,.010021853496763104,.007781009315728049,.005552026738182948,.0032784589267041042,.0008856925925949969,-.0016731085708993725,-.004451867706711414,-.0074861309824165116,-.010826780937084399,-.014494123131302711,-.01853312410298305,-.022968939468666353,-.02782655125692488,-.033149104263752935,-.0389438289548263,-.04528748819957674,-.052137266188528535,-.059631461601684144,-.0676198375336793,-.07628582759110428,-.08538626942139972,-.09502556208313537,-.10498850659558791,-.11508403014097293,-.1252028833604553,-.134760795216047,-.143540518603741,-.15084526210229215,-.15569089683272347,-.15803447364279316,-.15555466996730213,-.15098653543265347,-.1436259070485891,-.13774818628926408
3470189903272559e-21,.12333401133306705,.1841974090702746,.20660522263522357,.21050771013327907,.20360286863408006,.19293209427646552,.17945998658143997,.16537908229156106,.15081308419585776,.1366258429258941,.12282386462943817,.10982842807882601,.09759349247845828,.08635569882484442,.07599926158075052,.06666181925666795,.05820252105503485,.050666419744191823,.043944126455127984,.03800530320919469,.03276388268906728,.028166294534835767,.0241382318404663,.020627712041418653,.017570161677971128,.014925733783854466,.012618261792672602,.010623637954667649,.008860102603895402,.007287174036999568,.005846618572841714,.004463505185325372,.003100461163447351,.001678648430971447,.00016199388620643807,-.0015076349002933855,-.003360019506717871,-.005447061115911084,-.007779929640243617,-.010415160017708007,-.013369754943712979,-.01668313005128945,-.020392429169077655,-.024533846191651585,-.029115451156117078,-.03422094346904718,-.03981520336636117,-.046002224067209226,-.05274129208259225,-.06010680999208689,-.06801163139405537,-.07651889153016228,-.08543999779993044,-.09478599483699833,-.1042797023235949,-.1137623730701591,-.1227993375901594,-.13092814334625572,-.13744258353672587,-.14110252740871485,-.14144291415551918,-.13614771946572965,-.12837357066087518,-.1250109709204079
.00014215207314047026,.11708589714300018,.1496806988254334,.1620637742277722,.15275876573796704,.14487518299302007,.13347298015744344,.12220417684502555,.11102247090072286,.09998444457831045,.08965887750608302,.07986215894656236,.07062155557746985,.06236879405332024,.05443125804977485,.04771210059751503,.04107300272424881,.03558962178674683,.03026217952338006,.025798541895744688,.02182851716125794,.018394494752491393,.015544307622690455,.013100545832755162,.010958326268305249,.009265018640415554,.007604246545720998,.006377908763819729,.005159219425098488,.004218987795174453,.0033769468999209277,.0026086504766813126,.0019823860865116386,.0012575631334606698,.0006323909476768463,-.00020031579353133592,-.0010312144418411693,-.002101483277769755,-.0032772039708853467,-.00467568217390853,-.0062996433146111554,-.008150669819600925,-.010358558018100504,-.012873031015859944,-.01576284811224632,-.019131583309417974,-.022708126633420502,-.02699002428448533,-.03133319039707565,-.036552814200127764,-.04189392019312647,-.04813419108330759,-.05457615120604077,-.061774778461537116,-.06918277647159017,-.07706310083557147,-.085166577746792,-.09331456710392526,-.10122741161330552,-.10840175344288419,-.11408430752086872,-.11614090694157687,-.11621991552698581,-.10504026035526785,-.09566575552044818
6492253191525129e-20,.0882162719934175,.09993108989266575,.08795469503650309,.08198671532893881,.07457726025009785,.06780871888545231,.06089125665764389,.0546421966429214,.04865579638394362,.043182659104318975,.03805053163361481,.033385982815273794,.029093648181920482,.02524332817653018,.021740944010021357,.018568084304985934,.01568694090817887,.01310276682189696,.010805773028892353,.008865064018103403,.00721863750508617,.005896587087622153,.004807231716008047,.003914013004127621,.0031648511504319683,.0025234460736677502,.0019824448233495794,.0015306566066893622,.0011622530154409931,.0008717627872656086,.0006354383786545174,.0004413526512952629,.0002604416886342298,6291767586887802e-20,-.00016588707288486414,-.0004710518532007334,-.0008459252380815311,-.001328760903876446,-.0019112229633137885,-.002635447985764261,-.0034996087356087874,-.0045795673139866116,-.005849061808832612,-.0073922199698891805,-.009149777584468593,-.011174303298924385,-.013414630124022985,-.015934738866297312,-.018697222270359592,-.021832608595592343,-.025252075572207055,-.029085714205656713,-.03319706724485503,-.03769453520530996,-.04242303899995767,-.04759383599671669,-.052878740467530376,-.05855014119238537,-.06399439422577387,-.06953770496138462,-.07372973830668247,-.0747510294705212,-.07347729023291477,-.07184795334419329
-1230701045591737e-20,-14509017858413142e-22,9405211579230362e-21,-10316479374323707e-22,-11468504754089158e-21,-6827936728091209e-21,-2187366257221804e-21,-5252507489063979e-22,11368676014062628e-22,3651056765208045e-21,61652456363504555e-22,-21881331764028695e-22,-10541510025604764e-21,-5026255869272514e-21,488995769471288e-21,-20930274657576724e-22,-4675054033910626e-21,-1271760833487485e-22,4420697768452789e-21,25504288838940416e-22,6801558149239473e-22,-18264330046075986e-22,-4333018732770086e-21,-17004938755676457e-22,932032651833196e-21,2960247944761704e-21,4988463373252243e-21,34736294027718408e-22,19587956351906745e-22,-3370363838468072e-22,-26328665977722964e-22,1246420887461758e-21,5125708412769463e-21,5333947245889967e-21,5542188336458774e-21,-5852273829926456e-22,-6712641352510126e-21,-429601731301345e-20,-18793940108081281e-22,17359257920658902e-22,5351245848308633e-21,4088460108377378e-21,28256757925066987e-22,17329191894711456e-22,6401639189932425e-22,6126829762128397e-22,5852009250376872e-22,30939250211894785e-22,56026498886339526e-22,-16293716019019078e-22,-8861393335451765e-21,-6306949765607723e-21,-3752506074529063e-21,-8504429998038511e-22,2051621569072681e-21,-3213067951816201e-21,-8477754534183621e-21,-9280314746903126e-21,-10082872244577368e-21,561105102303871e-20,2130497350353422e-20,12215842074024307e-21,31267072382916274e-22,-25487979862207785e-22,-822430130264837e-20
