-246234658856694e-19,-11539157625580193e-21,15451461778170253e-22,4785031114032028e-22,-5881429442720997e-22,-10490475121081799e-23,3783193229052722e-22,-3975585648109241e-21,-8329493714954713e-21,-4082210532214567e-21,1650728047459501e-22,-5515740784522193e-21,-11196561869707793e-21,-4805521058199648e-21,15854991141754341e-22,7279251032198447e-23,-14399521416365757e-22,-380137711821361e-20,-616280863019516e-20,-769332836425626e-20,-9223862746301695e-21,-21174381363544796e-22,4988980035157065e-21,5945532081724036e-21,69020927580883215e-22,1911763133205006e-21,-30785758327405178e-22,-389116963500115e-20,-4703754935046392e-21,-23559030529853617e-22,-8061254151369867e-24,4375388020300898e-21,8758837212689244e-21,5923129693506741e-21,30874312662516518e-22,-4139512232113874e-21,-11366433998992764e-21,-6814733986186318e-21,-22630130148334603e-22,3903268534907191e-21,1006954207606688e-20,10145817828397382e-21,10222076985842302e-21,4351785625041088e-21,-15184943226360539e-22,-5685870575215565e-21,-9853227658196037e-21,-1249379658235333e-21,73544662965446864e-22,6711771342617286e-21,6069069120180746e-21,1290743171162347e-21,-34875762379556306e-22,-3478274283982238e-21,-34689730284841773e-22,2830660672613018e-22,4035102882141754e-21,19051886472030624e-22,-22473599128170196e-23,5792638051624821e-21,11810003357662883e-21,6098145332817743e-21,3862748041694663e-22,-17673121677961737e-22,-3920902740766644e-21
-25403377826724646e-22,-.0004947884115547415,-.00036879594856699356,-9387538635361802e-20,7818574394026055e-20,.00022373093874592556,.0003048093164188235,.0003583422791698376,.00036891593141556033,.00036517008607863657,.0003842011189568044,.0004050354738080287,.0004325370544955466,.0004556847920446476,.0004559726265607919,.00046761480522847427,.0005252354904198022,.0006109090586590515,.0007357755728228439,.0008532847082693338,.0009036715209023117,.00091342413840745,.0008369418779143443,.0007418880432382903,.0006485377687561732,.0005711227880860169,.0005460451040544696,.0005408559507107411,.0005575841085767252,.0005781513322245233,.00058425849587043,.0005781091043194052,.000551434902414006,.0005121963843892046,.0004645518319843643,.0004185547581253207,.000377691591319337,.00033949008770509266,.00029896490026798384,.0002500193748244871,.00019287426337177735,.00013603894698378788,.00010370291348409168,8876269605679254e-20,.00011750354983189439,.00015165430085706773,.00017987359011339255,.00018697049201002073,.00015226079092618206,.00010063718121646344,58932603638274705e-21,20126370028351743e-21,13516038163720196e-22,-22479437688120145e-21,-8031698701619316e-20,-.00014263898668890137,-.00019256870530936875,-.00022919076047412288,-.0002457075469055627,-.00025875322065670284,-.00028493164565726787,-.0003357691214750395,-.000490005350085296,-.0006009400862381459,-.0006358239459593394
19542799544585623e-21,-.0007618003156023705,-.00022527158840157457,-.0002709914085476241,6947508361556846e-20,.00040182997260853687,.0002585932966744386,.0008681629157558708,.0006429992205886257,.0012186312781891629,.0012487604552033679,.0016526768874390626,.0019568004745745553,.0021084603134211154,.0025077154764485605,.0024365055037189587,.002847107100334071,.00279685981050568,.003088437884346135,.0031520807402187685,.003170530663190264,.0031787010290150342,.003003885922433186,.002860374743609189,.0027265686893527138,.0025234379210526212,.002517933192633257,.002354055230225557,.002364909865237275,.0022624924857609207,.002171193574190142,.0021072610548401346,.0019206519829839,.0018542575584479211,.0016572558321119365,.001575760205745395,.0014186157138553492,.001330693672371633,.0012003124589138876,.0010711902783680706,.0009600937528232998,.0007700890223861562,.0006985651431185518,.0005430814293915898,.00047496990038726946,.00044852930630854106,.00027939752408330726,.0003181553964070068,3222968249003039e-20,4757275384698773e-20,-.00021635396046901584,-.00019124291017490528,-.00035372631217525755,-.0003662260269068772,-.000459156713466266,-.000626051213610284,-.0006007658359640238,-.0008199280114814173,-.0007521421425103315,-.0009418753322213948,-.0009912162000455527,-.0012307158153142426,-.0013867184318670847,-.0018593254318796566,-.0014537356653495169
-8578340523151961e-21,-.0001840153518490077,-.00017517450228719675,-3254431958936363e-20,.00013931689889459494,.0003628166013951446,.0006826726103507337,.0010803615611708049,.00161632304313793,.002224805193318586,.002930063116703993,.0036549932198822396,.004360266319024045,.005009573620463876,.005551610921002963,.005984437722511063,.006280833869435937,.006478333698732941,.00655847157903126,.006571556992843636,.0065195608773490855,.00640811978877177,.006284509717199236,.006125834721390359,.005959215428652983,.005798089864860294,.005609273694297483,.0054193394536452,.005207408789933575,.004971301316709192,.0047207036784989885,.004461348426108151,.004192684201795825,.003929311290348969,.0036814518447698605,.0034307250087638446,.0032039556120495864,.0029765127722967623,.0027492317195886083,.0025255858280812636,.0022827776314104198,.002033563513090475,.0017627302274691667,.0014798908417385749,.0011824775667464047,.0008788930890125326,.0005753283403802778,.00027394903970202135,-8802658434706517e-21,-.00027666851981096184,-.0005075917088029801,-.0007138185823009807,-.0008795008140850503,-.0010268504993355583,-.0011571724139015874,-.0012766224122413114,-.0014120404627915844,-.0015452290608180676,-.0017101022487865337,-.001897976819225471,-.0021292702581229357,-.002390037901378822,-.002689910062086808,-.002919805584785548,-.0030037224417452163
-3669947999876273e-20,7084384411015235e-20,.00015042340076177786,.0003315579212708718,.0006034973584567496,.0009651193951644286,.0016195689503409473,.00213566055011509,.0031703821261907187,.003998340986627281,.00520225087351929,.006286905571530479,.00733520307611327,.00840530966879201,.009127729629955898,.009905879936977217,.01026410982714921,.010650491990337276,.010711989284215432,.010798373149256224,.010681465462879508,.010611601080651213,.01041981954118688,.010271151965407755,.010051337967580797,.009836434469529188,.00957168949281056,.009285326796469257,.008951917555177696,.008591853947419133,.008201725486334209,.007788812150396003,.007371705504360879,.006951350230863411,.006542820837026016,.006141784314725689,.005763779622417457,.005372264708666668,.005007842860798683,.004602144372456703,.0042158680742354245,.0037691898751234655,.0033367877805930294,.002827906569363477,.0023509709892216187,.0017863479375241278,.0013053655022670005,.0007261452533453366,.00030562035704043155,-.00023577633728755253,-.0005598279422167574,-.0010151353158826654,-.0012702896794683737,-.0015944916357615718,-.0018438379242613665,-.002050735816751894,-.0023344997427254205,-.002536222601645346,-.002826860784681871,-.003112428964320252,-.0034343981154206496,-.003754548350429967,-.004119966233743043,-.004304878222316568,-.004661887254134523
-11704784318430159e-21,.00019412470777564766,.0005087512876625536,.0009182961326608316,.0014393566807697831,.002100428886991801,.0029111407124877264,.0039020972419679836,.005099331650142261,.0064582339800381226,.007928770116264748,.009427198886054484,.010866369876543063,.012174591445932465,.01327593658115174,.014153659224571692,.01479298481831963,.015217311288588395,.015460382767875392,.015555055851516628,.01554246644229641,.015448765107023298,.015301649792553827,.015108807485280418,.014882452928920074,.014612378019110871,.014299125183556883,.013932644346490232,.01350924864875948,.013033329378550644,.012508289570043542,.011949845328060179,.011369928335228777,.010782992534136698,.010201323402967385,.009625093520942473,.0090620791739066,.008498942375385472,.007931584979781105,.007350073336333616,.006739209515689547,.006099347997154105,.005421340682218145,.004709798958037455,.003965723166506329,.003202490808308121,.0024230935675957207,.0016563078744646182,.0009087099338233139,.00020888094320244382,-.0004352276905597394,-.0010163770961842183,-.0015398606508565218,-.002011928235919793,-.00245109208659921,-.002861342472497359,-.003255762539773724,-.003640773255674107,-.004023969112192771,-.00440858425184711,-.00480017267608258,-.005181611542045883,-.005541731938537616,-.005838611529827983,-.00593734849474953
13289911210263083e-21,.00048603990414945644,.001130562183636762,.0018522963421630308,.0026769754157887843,.0036231777910058095,.004818349241344275,.006105062416578792,.007732110018048678,.00940501904579245,.011275587802908845,.013085465540808017,.014850851937602362,.016435227212796805,.01776852224361721,.018867570270746967,.01964717282286834,.020234537839341593,.020559448977404898,.020766118514574234,.020815864910328066,.02080061533444148,.02070042578344771,.020560100930742373,.020339410144350468,.020081235780986733,.019717181987210064,.019303140478097072,.018781075100452654,.018199554941421135,.017544806955130495,.01683900061943074,.016109530783081912,.01534636539486149,.01459508570330698,.013822172739013924,.013067169087078617,.012293303192148702,.011515945398101184,.010712927209712522,.00987533282857049,.009000872743651741,.008076209492871515,.007105769169391782,.0061008409101513915,.005047661098289139,.004005545918489097,.002931635340416942,.0019252839576547915,.0009233255786648826,2519198177906968e-20,-.0008384059825862842,-.0016078533915307347,-.00233016382715343,-.0030078720111678995,-.0036211044377790283,-.0042411869382923085,-.004775151652423159,-.005341723736752992,-.005813178946291558,-.006288921722610626,-.006684728614985904,-.00705008824756594,-.007233230902798989,-.007478449153137652
12107630630106298e-21,.0009080355722210893,.0019216240909235892,.0030646557178672243,.004317514892873822,.005707801155469168,.007285913354396707,.009031258039795731,.01096961814482649,.013024719649431846,.01515396594141994,.01725807874815895,.01924403308263096,.02104556673223479,.022579488873416632,.023844987597007372,.02481403601227784,.025534516211525707,.026029476660263815,.02635001876101442,.026540466531743696,.02662106680874127,.026623112145999134,.026539875144532394,.026372059939668978,.02611144981559715,.025742405345115914,.025268126832184566,.02468383481928015,.024001912364822225,.02323574600024519,.022401216467871556,.021516959816933856,.020594812606326583,.019649076374797684,.018681861474899766,.017700722984034238,.016699619844852787,.015677118605829453,.014624041502459745,.013532177580570064,.012394311082694981,.011202794975444094,.009959649153886738,.008664441305510093,.007333469454897192,.005977973619361012,.004622908058740741,.003289593658076156,.0019971585715369768,.0007663764828532439,-.0003985232063371197,-.0014896546243171895,-.0025128893206946717,-.00347413044839143,-.004374382057647056,-.005219742812248439,-.005999549902078036,-.006709757164626422,-.007337427188033564,-.00787202865788169,-.008308170342280421,-.008629839942222573,-.00883892015068333,-.008912453918599097
10925350035187709e-21,.0012871163797889228,.0028381017268646006,.00451725445341669,.0063485238333431835,.00829036571421709,.01034352641145687,.012556030626365407,.014835944014345239,.01721361734190663,.01957488657386432,.021881608475742644,.024048420659388524,.025994156561542785,.027707844942526375,.0291250745767678,.030290699389257415,.031189291657996148,.03187803278927575,.03237859559419801,.032726000502712876,.032949105008704356,.03305068686752519,.03304522454271396,.03291811220212126,.03266995708832067,.0322888669625157,.031776643633362606,.031134229517042353,.030373640880418773,.029505872748622545,.028550000771774442,.02751755539808367,.026426815838765348,.025284691950725795,.024102575277489803,.022882664760556524,.02162737330427262,.02033598289714473,.01900188116438813,.017624789522414877,.016193221106872914,.014710515368442843,.01316896690681463,.011579600071463256,.009945222889028025,.008284167069396478,.006615771661217841,.004953010013702001,.003330657106909891,.001746821170374395,.00023545676547865522,-.001213392350779197,-.002581975208716701,-.0038740104650362697,-.005087518370852205,-.006205810473940838,-.007229040212636127,-.008126082703435388,-.008894784995772962,-.00951958379449419,-.009986547604416956,-.010310622174172968,-.010499604997271296,-.010534007985287194
-1376329396151304e-20,.0017688525701806117,.003900919927197326,.006247327301831547,.008710271430409817,.011259344448996891,.013871814132088513,.01652801780420167,.019211802658189534,.021878342858091072,.024486698540685845,.02697992750123629,.029301060328667153,.031411288272687625,.03327171011303805,.03487823088774002,.03622547485974427,.037334415593416784,.038223131056512816,.03891702742170524,.03943671856001755,.03979699742471741,.040007054319126566,.04006933633200542,.039981091424771686,.0397410113336218,.03934332520798183,.03879226777916684,.038089612710389596,.037247104175758536,.03627565896725823,.035190380492224664,.03400532761768724,.03273316034525263,.03138681313568014,.02997254922081628,.02850030136060383,.026970398921462996,.025388124758590976,.023750359178022196,.022058415333564545,.020308161609647324,.018501161935632983,.016636814229015594,.014720939123243995,.012761372497406883,.010769477651114787,.008762371698076941,.0067561596258217576,.004771901254506812,.0028269385627014425,.0009387464572350136,-.0008792575161408603,-.0026134355978256044,-.004253879228702717,-.005784429984790508,-.007190525541578646,-.00845235736881101,-.009546961183120444,-.010462795791439312,-.011179580089069061,-.011705566652761077,-.01204022364129888,-.01221270238764353,-.012270673370456077
-3845193794793968e-20,.002397774705808841,.005220278334149797,.008232867086876646,.011376140435687944,.014549650836799993,.017724814476749628,.020879514903866126,.02396241649316171,.026970936582520314,.02984340873919764,.03255672707592984,.03507661800675958,.03736035157711538,.03941531553193754,.04120379285338865,.0427589538582633,.044064072966936235,.04515272673950594,.04602545688401117,.046702701927279655,.04718883988033431,.047491466378453896,.04761164594420809,.047549925478179836,.047305408136744616,.04687960065380984,.04627450240852961,.04549748281891933,.04455798410868035,.043466375760414865,.04223860141194956,.040883684337063735,.03941889138690743,.03785015918724156,.036192611214432395,.034448562325505354,.0326298903760128,.030735656787412673,.02877411603742902,.02674284074740905,.02464674767496241,.022485894802642403,.020265291154647678,.017989610347437675,.01566975406036865,.013313618361753304,.010941459089597776,.008562336780150037,.006206473936263899,.0038800216642401898,.0016187323354804647,-.0005727097371882803,-.0026659261005016134,-.004643825693600696,-.00648709709660342,-.008165519907480085,-.009661966353039397,-.010949119167301772,-.01200889828593771,-.012837248059921218,-.013427652145873449,-.013806248101686498,-.013996008825761453,-.014020442301983032
-14175390463309628e-21,.003171584634671392,.0067207478842701346,.010475576544842368,.014299435736712246,.018122957022589082,.021883736901540288,.02554747504270466,.029077009216366707,.032449578776943405,.035635858577988504,.038615147003268444,.0413662500176419,.043875191460895704,.046134106372972966,.04813837390301974,.04989263074655299,.051399978725897064,.05266906553740485,.053706499018899574,.054518319734183265,.05511024140729286,.05548380184491944,.055643645958911366,.055587914170501594,.05532267641756142,.05484729687722116,.05417086323221406,.053298308602600146,.052241621657969244,.05101076993962677,.04961905794181246,.04807791712436679,.04639967295454147,.04459508384739945,.042673790575542395,.040645849586876955,.038517437066673585,.03629761342492762,.033989482875541654,.03160059569123263,.029132789966397683,.026593778601922302,.023987409806058266,.021323773412838642,.018612421875196353,.015866192169350982,.013101789372846841,.010335278336337359,.00758913969127006,.004882924590403407,.0022424414571194846,-.0003112680893594792,-.0027514965993990044,-.0050536059114086864,-.007189630857681759,-.009129162859793974,-.01084922380970734,-.012318815375562966,-.013530125104087657,-.01446570660302104,-.015141849312579097,-.015568737578157443,-.015788204046501837,-.015858193077228425
10101157013109303e-21,.004053007455713724,.008426291660095894,.01293111431924817,.01748369446509346,.0219621007817333,.026331579220493374,.03052664316051001,.034532020670460004,.03831242905027399,.04185896107939121,.04514939504879347,.04818187946670394,.050946382993895895,.05344332897507654,.05567125152280177,.057632110065055385,.05932944840899387,.060764466391226395,.06194307667181306,.06286487097904543,.06353564146331668,.06395464569153322,.0641277361173998,.06405492896913917,.0637437245373139,.06319671503727656,.062424494256563594,.06143291917915651,.060235758265566625,.05884075386532259,.05726364217378014,.05551213908055344,.0536018587970035,.05153989332265694,.04934017119802895,.047009317478098986,.044558717654413924,.041994855824748635,.0393260958481147,.03655978833973422,.03370192719959769,.030762886257531426,.027748124783546733,.02467349531095253,.02154664535086051,.018389280514256017,.015213261703795628,.012045020209845905,.008901369677523927,.00581033926172324,.002798549506130436,-.00010670414954192736,-.0028804022392184604,-.005485557135647355,-.007898850668705968,-.010083606615050904,-.012012145783860104,-.013663579145157752,-.015015797660306732,-.016072064098521487,-.016830709089473882,-.017323140227005516,-.01757888061681691,-.01764395465871147
2238041174052428e-20,.0050347455207230985,.010282100933231004,.01560979639119156,.02090241033358005,.02607935180045207,.031068296166960864,.03583369577172774,.040339890147960855,.04457176404706693,.048513702730048375,.052159477613794664,.05550847243296701,.058557801060414076,.06131329222553869,.06377160951850847,.06593879087888714,.06781276741868024,.0693971565016424,.0706925969183432,.07169963119532645,.07242217060617108,.07285995631481738,.0730200306587648,.07290380418008512,.07252107901256774,.07187645383527792,.07098211965009694,.06984574012939887,.068480795453598,.06689697192647252,.06510790023961921,.06312398041210451,.0609580841549672,.05862047593145512,.05612254120329999,.05347404821183331,.05068460906971828,.0477635819700779,.044719367596287904,.041561643534216174,.0382993639940141,.03494376448625026,.031506569325501076,.028002432877950182,.024447649770599607,.02086142595826431,.017265540164154977,.01368307132689464,.010140801009027206,.006665200990246092,.003287357261433131,3631583589008181e-20,-.0030554441022147072,-.005954881899918189,-.008630633203048532,-.01104766953426433,-.013181504857856907,-.015002209093900506,-.016503751406054517,-.017672859021206338,-.01852918921977619,-.019086785503467697,-.01938949252008778,-.019487327639464237
3465966646695973e-20,.006093429771839794,.01230333276828181,.018487489224145524,.02457749878538304,.0304635832249796,.03611815555333579,.04147251557696025,.04652118257674561,.051232926321005026,.055611943484030674,.059642115334826724,.06333384024720862,.06669266644091741,.06971188581956805,.0724078432879542,.07476992319939571,.07680975676330848,.07852012869086739,.07991120160185661,.08097591827020727,.08172458618390945,.08215348202448827,.0822739683536582,.08208666752808907,.08160545743703444,.08083447649382085,.07979055153229336,.07847969911479473,.07691992485685488,.07511858315125122,.07309269581945976,.07085076650972141,.06840781684436822,.06577304338572067,.06295907686375361,.05997557731585213,.056832752728302384,.053541266377869004,.05010932910661061,.046550401902321514,.042871986182854926,.039092566135015994,.03522069455003149,.0312818889002313,.027286864333752076,.0232692158556987,.019242852273883927,.015247488940473026,.011300842185627423,.007445430401618071,.0037034909674442153,.00011735974808855605,-.003287500543290377,-.006469753067726463,-.009401464393747033,-.01204750238174645,-.014377162483859028,-.0163745480322407,-.018015822157844308,-.019311547582568915,-.020258256745828197,-.02089082702004466,-.021237076913389847,-.021337813944036554
-17174863057686108e-21,.007224986685488861,.014441887735226394,.021556119187132235,.02847289302866087,.035129354809615376,.04146979655676728,.04746111105923762,.053076887952730335,.05830543888428694,.06314210349498273,.06758477695377325,.0716414616566228,.0753134350745442,.07861005668190309,.08153182823111041,.08408595099977995,.08627209381421405,.08809432537289066,.08955465906692699,.09065523284199932,.09140116615136228,.09179503491814915,.09184619061548868,.09155965313641055,.09094937506184539,.09002327048602421,.08879846868557993,.08728482269909674,.08549989350527869,.08345434242513282,.08116416282204822,.07864024016286672,.0758965232194613,.07294379645240444,.06979427308313106,.0664584010726269,.0629473721544362,.05927146874186469,.0554422490021786,.05147099523482254,.0473719574884106,.04315934377120819,.03885247808857757,.03447043282813458,.03003832445752062,.0255817568504318,.021130732895752513,.01671687616846262,.01237354689008599,.008135700499196034,.004038356860150793,.00011734145891013099,-.0035925258570532158,-.007055187267654255,-.010238545492003598,-.013107315951581518,-.015638061605868673,-.01780284660503983,-.019596815929070827,-.021009187409275466,-.022059808532019626,-.022762496165849362,-.023157057589763157,-.023284791832350046
-6900939257999442e-20,.008410502793210714,.016693976630719656,.024785467759401856,.032597098420423555,.04005592683788468,.04713762036604747,.05379191331936936,.060015077669817195,.06578289464314625,.07110428986323677,.07597463348339509,.08040411275383526,.0844003618804281,.08796718328234687,.09111590106238719,.09384590520639154,.0961670417887954,.09807818195821595,.0995880904233779,.10069723062319695,.10141415225960979,.1017432334583502,.10169495575151441,.1012778639035715,.10050692925936407,.09939344706064845,.09795678648307055,.09620870360789759,.09416983030226114,.09185076636296627,.08927040792401522,.08643843998229539,.08337113538820014,.0800782940467221,.07657378509601037,.07286815021521094,.0689733832240594,.06490142407773535,.06066342808784238,.05627458139120452,.05174705863271016,.047101988528319434,.042355030311965525,.03753498150550113,.03266270206090025,.02777492080092893,.022897698417063968,.01807381539556985,.013333189680754417,.008720433197274766,.004267966267530625,17982718516647007e-21,-.003995745572622949,-.007735553437704754,-.011167703669706422,-.01426189253227579,-.01698727744738137,-.019328597978234024,-.021266049989098045,-.022806766058489764,-.02395228220235961,-.024730489455639312,-.025170337469255427,-.02529847880889386
-12213214950710293e-21,.009642254000259332,.019058286352375414,.028174464339400362,.03691745284447458,.045238741447480774,.053093750741276466,.06045764564888361,.06731239642422543,.07365117278644416,.07947570033074915,.08478882012417024,.08960281866940126,.09392263126243772,.09776198508559092,.1011248752226154,.10402217136181408,.10645779176408528,.10843929401859377,.10997277880525846,.11106420081101338,.11172319870355685,.11195637090108021,.11177781841589852,.11119694429150168,.11023279518866312,.10889882117574558,.10721737007030384,.10520395614531902,.10288010058242401,.1002599348657691,.09736165931092411,.09419723075872077,.09078238689207753,.08712819063919855,.08324926951173177,.07915649323285714,.07486412828936627,.07038312773304917,.06572880620620848,.06091363104362608,.055956439260526084,.050873959184671635,.0456909137717909,.04043087512971442,.03512549687043013,.02980644669086356,.024511152091610835,.019278388377424453,.01414804581597689,.009162461045373107,.004360715565182444,-.00021550079325985942,-.004529728324425118,-.00854329618200231,-.012224434616179322,-.015538575994418163,-.01846349881794228,-.020972777647685573,-.023061733957799566,-.02472082775014181,-.025968121905033826,-.026816412347782464,-.027300923936696784,-.027457167560324458
44582962682952886e-21,.010918557848032305,.02152217205482518,.03170233813581277,.04143739279230396,.05065409726153644,.05933375759710409,.06743449605323802,.07495878086566933,.08188976404526709,.08823985226915991,.09400949335862749,.09921352420337261,.10386136423124671,.10796490696381088,.1115354321247644,.11458168533642865,.11711431260218676,.11914068603576275,.12067199847335824,.12171607402256344,.1222862175538633,.12239190474985778,.12204931659472366,.12127145530542566,.12007924968191441,.11849019431820147,.11653085915661866,.1142187336714921,.11158085362164394,.10863012299833442,.1053885785028785,.10186651717360835,.09808158569412516,.09404504275026523,.08977246237273079,.08527684814689651,.0805717873426941,.07567265048141962,.07059120851918625,.06534742254362177,.05995388942393205,.05443749393821629,.04881551460288442,.043122695524980284,.03738444885605131,.03164217480768261,.025931345368068646,.02029631156379379,.014780429556330786,.009426776787866074,.004280824846583327,-.0006183417377539375,-.00522774317167246,-.009513930297979213,-.013437977860497252,-.01697465344403108,-.020090554684439654,-.02277397859580975,-.025002577049891304,-.026786175836276602,-.02812374952946363,-.029043507235381082,-.029570867413403996,-.02972710371162294
3136969768724873e-20,.012248308842827378,.024058259722890656,.03537098085889673,.046129708944568006,.05629443397818752,.06582628068656186,.07470747424204716,.08292524327700596,.09047690367202765,.09736888825773915,.10360717722558434,.10920832154016007,.11418124626964651,.11854500419370984,.1223082676388113,.12548815815103276,.12809411981704172,.1301406364988108,.13164041852215633,.13260655799046667,.13305584983675042,.13300055988741602,.13246104584129859,.13145085182241287,.1299961544247567,.1281169400881248,.12584484647738803,.12320332094601094,.12022018026091914,.1169133886282782,.1133026989856089,.1094004919603867,.10522385424231738,.10078496382076392,.09610148778158431,.09118665276927117,.08605770669056136,.08072812542648831,.07521535703532493,.06953455210112082,.06370677834818325,.057751792539885556,.0516974993084686,.0455707632046323,.039407885062944126,.033244568057432256,.027124831736564,.02109235194435834,.015194862344468516,.00947959480718287,.00399196037140398,-.0012228799328818205,-.006125897928180678,-.010676780683515448,-.014843937985287941,-.018593988199917963,-.02190487095495136,-.024750159544678355,-.027123957847602746,-.029017496536641443,-.03044897399680789,-.031430843241078,-.03199675861688762,-.032180915977889746
18156432702381372e-21,.013611477597070504,.026687657383338982,.039161254330113617,.05099378163999426,.06213313179558236,.07256363946107885,.0822507870591531,.0911967843889983,.09938839515352509,.10684025720283952,.11355698087185585,.11955707530972721,.12485457697669372,.12946671118018624,.13341035802735235,.13670134309142135,.1393572265779022,.14139421154003054,.1428314402874672,.14368632055639852,.14398052786170537,.14373123031468263,.14295917035379493,.14168411153616323,.13992907287085854,.13772404005269462,.13510510968856881,.1320997858603639,.128745843903361,.12505605925354815,.1210549177255895,.11675145340389999,.1121628108802099,.10730372831930708,.10219215802947659,.0968449465057856,.09127963912199541,.08551292811561953,.07956050049769278,.07344233582549925,.06717545239975226,.06078673817201823,.05429848682214739,.04774582957430578,.041159394874744494,.03458294302786459,.028057573771089868,.021632833124722188,.015359382939775429,.009285166320962282,.003463910214996027,-.0020645257238898333,-.007251915766753847,-.012067028846445105,-.0164667934507145,-.020429997973720315,-.02392604646389974,-.026937569999051017,-.029440351860978344,-.031446114759224465,-.032956224423780774,-.03399996967339824,-.03459990039473425,-.0347820469288734
-3708462094823003e-20,.015014229515806532,.02938605330834631,.043066023273149394,.056001369858538534,.06816095381901648,.07951576902999123,.09004668888585032,.09974117184177339,.10859683681499341,.11662075997439322,.12382336237855515,.1302249146463081,.13583957033811192,.14069098922369744,.14479524112883382,.14817621112484924,.1508534498903894,.15285054150457295,.15419112905133778,.1548995411165533,.15500315760820998,.15452461376036294,.15348903217770063,.15191181192314437,.14982384330098625,.14725502745481542,.14425234729219374,.1408559452929574,.1371007698344891,.13300926080892167,.1285967209194893,.12387280481083496,.11885512237560777,.11355770939968714,.1080042194685599,.10221171852448695,.096201851445892,.08998994680368688,.08359587796211719,.07703529602830823,.070332410060885,.0635078958499044,.05659278728255607,.04961468918256457,.04261343871641029,.03562619999755384,.028702094635150985,.02188960102592447,.015243535007375079,.008818536778277828,.0026659586274803177,-.0031653154371314995,-.008636961035590552,-.013703848766649424,-.018333862037402855,-.022500984494350746,-.026183536230152852,-.02934743715108701,-.03198060832275323,-.034079453582094084,-.03566898966777917,-.03676064864617396,-.03738756640068881,-.037592813951022014
-9232567459180116e-20,.016449513994080196,.032146673861095945,.04706145985743784,.06114383055133569,.07435337724719845,.08667237940781021,.0980689016904873,.10854164175186211,.11807367131777749,.12668322276105012,.13437629393674605,.14117655064350892,.14710194703889934,.15217631460427442,.1564217452973723,.15986529865132193,.16253420108503394,.1644568646318077,.16566389439892387,.16618599539385148,.1660628852224233,.16531778898011676,.16398587946348034,.16208302118301293,.1596170414714167,.15664930321510795,.1532298887365834,.14940229673790067,.14523285273431363,.14071704170736893,.13587716634095062,.1307193679846339,.1252522468747932,.11950271436715167,.11349350983338391,.10724613232885458,.10078471572557918,.0941251319620194,.08728523760413924,.08028451696684101,.0731435402664093,.06588928759269225,.05854766492138967,.05115326613582151,.04373935815998959,.03635094118907296,.029030889110735463,.021835695954937315,.014823724040019661,.008048959193469298,.0015768760232955108,-.004548391857002532,-.010294924651556762,-.015624065940941276,-.02046433750264012,-.02482042227973652,-.028693571949649572,-.0320157853266642,-.03475231664280421,-.03693090743850802,-.038590267702272696,-.039737102423917064,-.04037585936358607,-.04056717102129734
7403428492484933e-21,.0179077437284752,.03496752110183972,.051144000820633445,.06639885390082734,.08069637523362212,.09400369354525216,.10629907900756426,.11756442194284515,.1277931583746929,.13699224969739146,.1451772344897084,.1523724709797358,.15859632705841323,.1638764816302102,.16823830911713442,.17171546436845897,.174342312746988,.17615474105753598,.1771896472496925,.17748497840007635,.1770866953590732,.17604458557492866,.17438963051558282,.1721195125207402,.16925813336004925,.1658456551292846,.16196697766838616,.15769737670870804,.15307794971094862,.14813189069923213,.14285191138967493,.13723696456960305,.13131030400269947,.12509138696389288,.11861652635482042,.11190868373136434,.10499190558808041,.09788366934165016,.0906008340999195,.08315842151474223,.07558366775972176,.06790115204444716,.060141107463315496,.05233299575123024,.044517878007919516,.03673107764617426,.02902409565068373,.02145118776283355,.014078228020323977,.006963766067190061,.00017345802810273756,-.0062396412262618935,-.012246830679227178,-.017798679704068295,-.022867120220976794,-.02744773013017692,-.03148845094983074,-.03493316778946481,-.03777189103514557,-.04002603687255545,-.04173820055376408,-.04290618214409076,-.04356031587349112,-.04377001427823105
.00010713253157892736,.019381056631904318,.037835114146035506,.05529902187879926,.07176071392864138,.08716916400808493,.10149745114431727,.11470948592338877,.1268015240901116,.13772414328360869,.14752294216340756,.15619551058583347,.16377702537270608,.17028213000464387,.17574841441251066,.18019494195475505,.18367201138857164,.18622183925231006,.18788486077397834,.18870496249754373,.1887268885588097,.18802046136226067,.18660262463428648,.18461416947098316,.18199947418645587,.17865237709547938,.17477816764038112,.17042751428228795,.16564311487073258,.16060485848461353,.15520627412690155,.14945697718384665,.14338701033815573,.1369690347102405,.1302704951474641,.1233285446756216,.11615567177829643,.10878551022994717,.10123489834615838,.09350847188273757,.08562937200860471,.0776256845952035,.06951952079638826,.061346085271133374,.05312905338165947,.04492097057687605,.03675441290383247,.028658430779538818,.020711266924550335,.012993353299239866,.0055450725242571055,-.001554219735443336,-.008207661465486005,-.014487022299692178,-.02029454511251575,-.025593986210844494,-.03035110365881792,-.034580118228741144,-.03812440486888755,-.04105195604597766,-.04328812372943986,-.04509531448179333,-.046339006455599775,-.04695151509685301,-.04714768992576888
2528705881550864e-20,.020875148868734636,.04072758822852187,.05952062452221539,.07721452845703285,.09376505364410281,.10913081165135663,.12328671106398562,.13620123911377424,.1478520569737554,.15823523966383699,.16738700494204115,.1753422886712843,.18211578146821694,.18773448001775048,.1922399014728031,.1956756375427656,.1981030873962569,.19958443206967943,.20015800654510155,.19985806391286806,.19877741130049417,.19701838499882082,.19458428014811657,.19147624495113,.18774045063301284,.18338552515770404,.17854422800421593,.1733337397042131,.1677604760871237,.161875982614459,.15564934821221826,.1490589967733091,.1421676945513585,.13499906872081277,.12758523348468537,.11995074207292425,.11212551700845409,.10414141209323162,.09599269371354292,.08767405003717438,.0792354314865951,.07072141201606377,.062143762909633735,.05353116469175571,.044933772275084057,.03638077190278898,.027916257933260386,.019614310367386985,.011550350896263535,.0037867546888261105,-.0036061500261910235,-.010556248608988896,-.01706156946258563,-.02311537132329689,-.028643309982297336,-.033593679881339475,-.03792174930862807,-.041570558783114886,-.04455406280573103,-.04690443883471799,-.04867385919269469,-.04988270745324568,-.05055593734656522,-.050768227780692954
-5655841394892808e-20,.02238059098102266,.04365400631050379,.06380229356828969,.08275789617358636,.10047003131745182,.11690503246666026,.1320027945535999,.14581578009529908,.15812316500580445,.16912781390491755,.1787577301598741,.18705640220199854,.19405013234076757,.19979943802275651,.2043016713466477,.20766655573436796,.20993398813328554,.211169610449049,.21144287054352554,.21078176451904243,.20935509576978512,.20711944825671835,.20417222394375387,.20055612504552295,.19634259770603263,.1915952236687871,.18635585936678026,.18067175773902983,.1745756510118656,.16810801712712728,.16131917120786346,.15417558850600557,.1468334257068424,.13920107469261717,.13134284897927714,.12327381185117137,.11497665298929793,.10659532397024513,.0979999047588459,.08924842567872199,.08043653032540729,.07147052542369398,.06252341917329196,.05346990262347766,.04451981989927247,.0356313565978346,.026776982105778446,.01808670234649152,.009755182025191201,.0016230481821102672,-.00600007216360523,-.013254140171660243,-.020022093419323192,-.026273005532534765,-.031991052743327836,-.037100340506691795,-.0415180123276961,-.045265618164824946,-.04831135059377384,-.050700065507361274,-.05248450101067194,-.0536960421365748,-.05435635946590831,-.05452735002712409
-5262303545515507e-20,.023894194838908554,.046627200799558996,.0681434940645124,.08838357356766616,.10728630284781568,.12480056488711569,.14087969492988142,.155471434238823,.16855557444594413,.18014076899603357,.19023902849695787,.19885313293723741,.20603983945020196,.21184932268003476,.21633908958523634,.21958058768140756,.221642687077896,.2225854510037261,.22250014058349138,.22149446674563458,.21961397179007217,.21687080354120003,.21336879835540512,.2092180481654769,.2045042721924378,.19933698462476826,.1936800201292604,.1875000148402334,.18087264478791604,.17382218167577337,.16644057824957686,.158817300995376,.15095534740303293,.14287743493309696,.13457720576488877,.12605654044260772,.11735747568183506,.10850754467600435,.09951101378887392,.09038357731441171,.08114776249585455,.07181360184820954,.06242654786288066,.05303146583098545,.04367431325731445,.03439057156820517,.025222342374496037,.016242088512364836,.007533581638969242,-.0008300481405092917,-.008792690383882007,-.016305748121698178,-.02332005678463081,-.02978194940905068,-.035648038373523615,-.040865234238977956,-.04539473693069148,-.049205207047523854,-.05231237467826592,-.05473154741131493,-.05651464500354826,-.05770040915307147,-.058352873474719215,-.058564886921736864
-4868765695567692e-20,.02542944461553073,.0496322878085443,.07254890595914659,.09410080641255002,.11421423385840282,.13282345891259723,.14986502755288275,.16530886938542533,.17909069146071152,.19124138906025426,.20175662945556308,.21067001389222512,.21802025734822905,.22387410643703254,.2282898792393337,.23135801082350463,.2331550910882775,.2337742787414283,.23330444471913675,.23183080884411517,.22944959606724785,.22623546971699077,.22217360548640627,.21743811711598712,.21225910777680781,.20653564260964621,.20032824574887104,.19367259385824043,.18647546384060903,.17891125447832973,.17104333101604602,.16288854940037106,.1545671327244401,.14602122745406784,.13726200177280648,.12831716757652611,.11919673911873384,.1099302779338549,.10051965668704166,.0909856515663604,.08135330413160083,.07163480238114688,.06187872189421394,.052108398452573035,.04238792380357478,.03275616784062486,.023246170992847467,.013943834055230584,.0049399306927082505,-.0037278624789474257,-.011957468166366367,-.01972110450418836,-.026949006132243367,-.03359550728406962,-.03960034457709091,-.04493192370849137,-.04953122602474582,-.053410465809870286,-.056543015486200755,-.05898406489222282,-.06075157869488061,-.061927485633379825,-.06256869136304855,-.0627247226649119
4149049999867422e-20,.026985180594286035,.052692836097181305,.07703429236369386,.09992443406084252,.12126639062802212,.14097768748588574,.15899139805804552,.1752515036136277,.1897306480712813,.20241611422723513,.21332694996139526,.22248736838858948,.22995614544792448,.2357950939323424,.24009082985578392,.24293041653550598,.2444160860388528,.24464602954072553,.24372683153436567,.24175968373811155,.23884020802167938,.2350438554046843,.23046633917772227,.2252270918241228,.21942322564762806,.21312269827196398,.2063415332341048,.19909317169319418,.19141724139201846,.18336273530323963,.1750023818835654,.16639806345476,.15757979536044533,.14857146035249802,.13937484298970418,.13000285398957753,.12047202993427363,.1107963623300853,.10099120064669259,.09106969423909302,.08105501161366536,.07096620831275464,.06084205580415542,.05071692442245549,.04064264063103419,.030661899893477992,.02083804325016349,.011234318474402816,.0019303843833509055,-.007003955866608262,-.015497810645474756,-.02348855280192846,-.030915523636617905,-.037720618648166844,-.043855081922197926,-.04927084831567651,-.05394419711075558,-.05785227705445811,-.06101331704595554,-.0634434154027986,-.06520277994602523,-.06634578389726416,-.06695916258873137,-.06715977705558544
.00013166865695415868,.028572065759267507,.055824554615251695,.08162998596832496,.10588160446635407,.12846365400423282,.14928652413047977,.16825640913900197,.18533435811351204,.20046266899410053,.21365672142442957,.2249068599903835,.23427441366082252,.24179728489286947,.2475731292830701,.25168048491934936,.2542361679821163,.25534674785424627,.2551319991343205,.2537115007756568,.25119558499665107,.24769746355228883,.2433187703017632,.23816419180368878,.23233173945385593,.22594075190809648,.21902851830267372,.21165471878201872,.20385478596974488,.19565156909972975,.1871118284267922,.1782857339610651,.1692140394797286,.15994813325084706,.15049290828802367,.14087069505906566,.13108754137176354,.12115786437958498,.11109236390118568,.1009050523125773,.09061052967525553,.08022769435968226,.06978215683487934,.05930508859756451,.04883697292844504,.03842381607053416,.02812011590290929,.01798556049089612,.00808910908406074,-.001489664151427501,-.010684864835961238,-.0194110029162518,-.02761281774927357,-.03521071075540225,-.04216217525132262,-.0483964682134213,-.053895138610988734,-.05860484843764805,-.06254551717550538,-.06569609991412893,-.06812149614512597,-.06984315363851362,-.07096469711600106,-.07156001794879348,-.07168657192902729
-5207368184135478e-21,.030207961336526666,.05904741038336642,.08635941226296526,.11200040174206406,.1358391767359883,.15776388567173025,.1776880902272662,.19554225520943175,.21129729801887293,.22493545132721635,.2364864359037488,.24598472114839903,.25351105840486055,.25914586778175963,.2630069175436299,.26520707194479476,.26588283219672004,.2651623191053024,.26318343357314555,.2600732961926455,.2559584050321278,.2509559348621281,.24517877521292694,.23873616966656191,.23171716627464986,.22419977023230436,.21623548461966516,.20787284479463758,.199154105460661,.1901270058937764,.18083556326055772,.1713240371182521,.1616193871592807,.15174700980080977,.14171705252467046,.1315423419852181,.12123152580942216,.11079450372766943,.1002441221318977,.08959210943810662,.07886093822660066,.06807051693243264,.057258900089455105,.04645960609556267,.035728014734726754,.025112890719564934,.014685779714908148,.004511435977901784,-.005328106953766441,-.014759178637352289,-.023702243996393098,-.03208514573691989,-.03984059132047508,-.0469053575823679,-.053232760495810126,-.05877725964273813,-.0635239460595365,-.06745657108231527,-.07060284664446186,-.07298651743687828,-.07468099320213022,-.07575364677313076,-.07630956546507103,-.07648997865668522
-.0001420833933223194,.03192146743100721,.06239850765392938,.09126451435701478,.11832813317167565,.14342857819978996,.16645950356707778,.1873007545237249,.20591032755798436,.22222271906090016,.23626436447554963,.2480293936637862,.2576045012537558,.26504264448928283,.2704743270380363,.2740037377307917,.2757832613229312,.27595223906173355,.2746637296781876,.2720716280892081,.26831486624400785,.2635430201457861,.2578749901119021,.2514465766405576,.2443527333735554,.23670623010441383,.22857070762126808,.22002214163401074,.21110602325722977,.20187290278350883,.19236441328765563,.18262364415323787,.17268010096364167,.16256690656147776,.15229593059221977,.1418858379750761,.13134082461290592,.12067193782883977,.10988502088074008,.09899105100055076,.08800328676161483,.07693896798618927,.0658248554116673,.05469105538436799,.04358137958167867,.032543537005863966,.021637814714926932,.010931488381692321,.0004964816273062454,-.009582970093322924,-.01923399033221495,-.02836492494814942,-.03691373831629796,-.04479252510493814,-.05196005941888583,-.05834225814666294,-.06392897544900242,-.06867078190940198,-.0725986814882259,-.07569931872759561,-.07805064144419452,-.07968471413648218,-.08072226170141934,-.0812540397046147,-.08134445903919839
-4453035004213083e-20,.03371903267804475,.06592958629848436,.0963922169679214,.12490068941528885,.15128239367011379,.1753928688969301,.19713513418704223,.2164315242509443,.23326066620373628,.24761119507283996,.2595341632992609,.26908172622744936,.27636655259499715,.2814954828465102,.28462439063855577,.2858984348386392,.28549335965946665,.28357141416520415,.28030608452025163,.27585695919635667,.2703792360601401,.2640165759487961,.25689750232987374,.24914190867363156,.24084594554139274,.23209918160366474,.22296543687642126,.2135073664849631,.20376782927653087,.19379346492369806,.183614368466693,.17326432622314988,.16276010337952834,.1521211729952941,.14135357004567858,.13046644677609745,.11946345366570488,.10835059776668941,.09713717103646526,.08583273989018958,.0744590613102765,.06303586182226918,.051602905201370154,.040195460400554835,.028873630231507578,.017690912698640433,.006725541459229314,-.003952057888403356,-.014253572405075141,-.024098616967775356,-.03340140751520305,-.04208267588758384,-.05007216421224574,-.05730334108676906,-.06373315128840433,-.06931902569634235,-.07405560259572336,-.07793457661734816,-.0809964979821844,-.08327594707674021,-.08486173988498207,-.08583473642662502,-.08631723909302656,-.08647174675931323
5302269323976594e-20,.03564284713974197,.06968445388024569,.10179809106450227,.1317969667099271,.1594465555137681,.18463232422080636,.20720998583109565,.22715393289498798,.24439832189798882,.25899743227308347,.2709601575046122,.28040880399614043,.2874232042075474,.2921739807498301,.29480020249903927,.295494783936353,.29443590678823384,.29181319251329446,.28781919203146533,.2826215224804729,.27640420747823957,.26930367425040797,.2614794466262626,.25303418597580585,.24409318765301488,.2347270258187622,.22502403721890235,.21503041748410034,.20480463894193998,.1943769319003647,.18378524255826462,.17304656846693214,.1621828728771509,.15119969415233286,.14010671783258327,.12890393939278977,.11759538766726205,.10618334264480077,.09467390203449882,.08307890644824406,.07141394899630195,.05970663305170288,.0479887362421897,.03630724472990189,.024714740284625024,.013276995613192295,.0020686740540797385,-.00883215144617363,-.019332852292906183,-.02935510149321551,-.03879832677850863,-.04759809907923302,-.05565942944454752,-.06294453254325261,-.06937782034728465,-.07495871548717697,-.0796436028390947,-.08347658202216124,-.08645569162746161,-.08867325994215937,-.09017590415053064,-.09109942999062212,-.09155210297801823,-.09160589279923635
57983312305143704e-21,.03772004705482707,.07367791137936723,.10754456044853694,.13904758438234135,.16798499765626926,.1941917795203496,.21757525979150183,.23806518498631696,.2556644238673371,.27038424244403825,.28231129967058527,.29152843633114933,.29819177707545896,.3024446842230989,.3044888519099589,.30450825075322413,.3027222732932802,.2993312392966269,.29454564972111186,.2885586384815043,.2815524735889982,.273695887801036,.2651331136683859,.2559991611864436,.24639782275859995,.23642802832220472,.22615702558995895,.2156518419401239,.20495165105174587,.1940991291758207,.18311330147276816,.17201854593033383,.1608194254727254,.1495263626537575,.13813583210466243,.12664973445278296,.11506469640336905,.10338113219915672,.09160440174991907,.07974086130541731,.06781219258628036,.05583775304202178,.04386087804367796,.03191961725827508,.02008044204749703,.008402897665461569,-.0030270550163032876,-.014130806751771505,-.02481262530560955,-.03498360872598117,-.044552643192608724,-.05343393457108084,-.06155643449364702,-.06885168285241855,-.07528231577910618,-.08081066647018449,-.08544342771234864,-.08918317571760327,-.0920860279001445,-.09420052911632476,-.09563197263951398,-.09647603690305113,-.09687066343054634,-.09699445858733015
6294393136759749e-20,.03998150633727073,.07801587304783242,.1136843450254613,.1467512673048763,.17693909316005868,.20415373067483353,.22824356748923924,.24922076660083764,.2670381042405788,.2817963849271768,.29353779081783943,.302434186164864,.30860577121369176,.31227292002407653,.31361883257347367,.3128819464757024,.31028484707519666,.3060552932518424,.30042660494620377,.293594388029809,.28577580333955793,.2771239747003236,.26782143605601666,.25797767862885246,.24773194920632569,.23715498852096242,.22634298622702045,.2153361756923451,.2041941524170687,.19293536547484086,.18159102950073844,.17016487644120717,.15866745110023198,.14709368754870408,.13544143216093385,.1237033790399709,.11187358673006752,.0999499456706226,.08793201792685776,.07583017710755856,.06365808694837807,.051444842948326415,.03922495933864855,.027049898194204135,.014978882523636784,.0030845172571508715,-.008549105980491611,-.019836534198325224,-.030674415083957463,-.04097899008453421,-.05063971435857353,-.059591178282915575,-.06773246032773604,-.07503099363577191,-.08141045638252048,-.08688362086938956,-.09141440294706436,-.09506359808161287,-.09784437623081958,-.0998648566883954,-.10118957061457334,-.10196752165734355,-.1023253574119226,-.10234347317834622
-46193197496126776e-21,.042460088952870415,.08269077831793716,.12028418998393664,.15491256994425823,.18637409236552707,.21451154740873782,.23926253658402905,.2605897531198662,.27854358359765274,.2931803045715148,.30464118387316597,.3130580871637105,.3186430044355126,.3215883011833028,.3221483878904129,.3205533351555875,.3170688490212709,.31193601959773937,.30540211990560134,.2976933808372747,.28901707235159996,.27956530474027713,.26949582387583954,.25895725780612655,.24805782075325705,.2369020594999243,.225554899690137,.21408235757528515,.20251530290367062,.1908893761366553,.17921095384530725,.16749334048392006,.15572741328992346,.143911660200936,.13203066985040807,.12007586505289299,.10803531848700493,.09590158949330345,.0836757256028071,.07135972154731779,.05897554659874887,.04654244599451461,.034108279977396114,.021715439281786268,.009438123921773277,-.0026560883740665378,-.014471998690449153,-.025920856422767827,-.03689852151128951,-.047305835422225134,-.05704698531216476,-.0660293527683921,-.07418247366411296,-.08143652637923682,-.0877627303446388,-.09313001473906908,-.0975602056891605,-.10107010601868267,-.10373455415556647,-.10561919145752971,-.10684702310042511,-.10753043718860965,-.1078216740676385,-.10790922880834385
-.00015533032635523233,.04519138449030198,.08781591577619584,.12737371691762223,.1636377000216106,.19630837252051897,.22534532811051378,.25062195703806367,.27221943827794864,.29013829698848004,.3045501400127786,.3155530427434771,.3233852752224223,.3282245148512845,.3303510477619592,.3300011959856974,.3274631381173046,.3230090188290612,.3169038690812019,.3094230346413524,.30078646469748915,.2912433718534969,.2809592178802987,.2701375261487498,.25889035526124426,.24736770778929462,.2356358693533952,.22379315037339642,.2118703213941005,.1999218488422472,.18795306291448433,.17598487451154388,.16400608359684057,.1520144280646289,.13999083868842188,.1279203418630185,.11578479370789449,.10356750011742402,.09125973367254114,.07885374678601151,.06635824629056462,.05378376823282383,.041162962369703064,.028532014525641733,.015950043258620747,.0034829161654937697,-.008787199907614642,-.020765681491039044,-.032357985403708246,-.04344855007016968,-.053947482056146225,-.06373309524282726,-.07273978433206288,-.08085922707488744,-.08806727999567864,-.09428922241910898,-.09955224098306233,-.1038311709964225,-.1072036437059921,-.10970731331956714,-.11146244766169346,-.11255861858141421,-.11315540247141026,-.11339972677232386,-.11338406309703115
7433205661949762e-22,.04819650403176938,.09334558622197013,.1350176822565775,.17288587225316146,.20678701724007298,.23660378871287008,.26234554926008624,.2840431561665125,.30182562284971276,.315824111850933,.32625658564125376,.3333275314064007,.337316628632133,.3384789063363347,.33712782399425995,.3335466909809849,.3280483615513679,.32091653792077274,.3124322150083954,.30285216619155564,.2924047581314108,.28130122191320095,.2697086571296601,.25778479351065775,.24563746245136292,.2333723641565474,.2210466970691313,.20872136040942948,.1964144569189824,.18415152606055327,.17192362365329766,.15973053771786086,.14754788811735414,.13535953364777403,.12313709550345359,.11085869048514206,.09850321457727218,.08605319134312059,.07350500544248101,.060855486411692986,.04812666940637392,.03533846324030388,.022543405005545237,.009790020261016495,-.0028390834171982083,-.015266200236853591,-.027385930069454348,-.039097496841722645,-.05028739810810955,-.06084542932623227,-.07066974587435686,-.07965910460643269,-.08774540449529188,-.09485868657898248,-.10098042058961447,-.10608771858331882,-.11021992583416729,-.1134099509094354,-.11575462390238757,-.11734060406484172,-.11831060722514605,-.11879688396985906,-.11896544731668038,-.11901089780260063
.00015681696750365222,.05148345136046201,.09940443756117547,.14320300684460416,.18275240168797374,.21777964320585233,.2483399332323235,.2743775767511173,.2960773375176578,.3135247006753382,.3269898163840076,.33665559462036443,.34284686768959305,.3458171961848266,.3459131958295241,.34343906060019275,.3387331800563461,.3321205178663612,.32390053789590256,.31438850339577745,.30382371366584504,.29248303053925573,.2805384463229835,.2682094139561155,.2556051111888602,.24288077605314876,.23009365430055506,.21733860041306458,.20463329372188852,.1920224964444567,.17949579246864852,.16706048200712983,.154688679604256,.14236298486078905,.1300487760635426,.11771666718233274,.10533610322559833,.09287821502829192,.08032695922594553,.06766560587225168,.054901961492212215,.04204190856932941,.02912341882034525,.016183501498892,.0032911071011827763,-.009481381112565648,-.02204005914561362,-.034279091232551594,-.046093382411695846,-.05735370810541228,-.06796362537875049,-.07778875025214238,-.08676348113257286,-.09477131510253436,-.10179717891823216,-.10776825586228059,-.11272805232475265,-.11666293134043655,-.11967510549867512,-.12181789749963444,-.12323844853479304,-.12404982287692456,-.12442473142870221,-.12453132347422721,-.12448318954322565
3281804383788579e-20,.0550781671084939,.10585496695965181,.15195747404430449,.19312145673819417,.22928709988730264,.26043668817526106,.286693507222798,.308197778652179,.32519284746781346,.33791850470962626,.34669474831987374,.3518217648868744,.3536632998791932,.3525533071569486,.3488681341105773,.34295088399799795,.33515821971437326,.32581576615044777,.315231812106469,.3036899050296336,.29143164274087785,.2786821271601218,.26561052015839764,.2523781370564876,.23908630543681078,.22583666747759357,.2126739337003803,.1996493518615168,.1867650117457669,.17403273064211316,.16142608951801057,.14892893819715186,.13650008815389414,.12410720325207845,.11170779175139435,.09926534132501875,.0867486956764281,.07412932770632115,.06139851775376828,.04854730648867695,.03559813626981405,.02257112565819419,.009524540147989542,-.0034871461268653125,-.016371554201992232,-.0290404994092348,-.04137702534375252,-.05326750744441123,-.06458808474314075,-.07521584797459988,-.08504342953962607,-.09396062550296445,-.1019007986088221,-.10879157650346238,-.114625598173999,-.1193879460040581,-.12313776876788857,-.12592628757643584,-.1278738428007124,-.12909227293200015,-.12974609466050274,-.1299925057698028,-.13001237619531988,-.13000941486908896
-911808798058598e-19,.05894488478829583,.11281942437241929,.161195606790805,.20404083197221845,.24120539658227033,.2728904243148337,.29916853208522615,.3203627051608691,.33669008338612166,.34854336937951014,.35622934735449213,.36017022543635374,.3607234617346693,.3583087883804701,.3533079760584166,.3461080152195243,.33708869102667693,.32657754929987304,.3149245395816945,.3023813881249985,.28924368062858624,.27568411886543676,.26192878324834684,.2480790356120641,.23428770477868963,.22059857866830326,.20709755125628931,.19378548026546735,.18069369323718773,.16779341023914474,.15507564115591096,.14249459624936914,.1300155681655492,.1175882116620828,.10516671018738505,.09270846511634943,.0801705868638338,.06753012537875294,.054760386325723776,.04186810800906146,.02885475503713021,.01576288457612727,.0026312819292644203,-.010461977695463868,-.023436880200868787,-.036187936379597344,-.04859740977864675,-.060548582302592566,-.07189904181804756,-.08254322550820112,-.09233548576861901,-.10120672195964843,-.10903456167283426,-.11580897429668877,-.12145824308721989,-.126042405793592,-.12956044323890747,-.13213786312076017,-.13385018157971562,-.1348696053305438,-.13533769486017358,-.13544460260468566,-.135382380761251,-.1352951586569042
-6154666890138934e-20,.06307618872512596,.12010988082533526,.17089219532142566,.2153082798909909,.25346470204001986,.2855011287064554,.31170519712388517,.3323745884004465,.34790421532214166,.3586782181199973,.3651452140931788,.3677278733928562,.3668869777906916,.3630493649568944,.35665702237703095,.34811671729454813,.33782332521916164,.32614118397422076,.31339592849330494,.299890947051238,.28587048040383406,.2715660458622497,.2571396386426577,.24274951515660217,.22848371982345891,.21443415805708022,.20062872491268263,.18710450367401085,.1738449065622771,.160845019849157,.14805952705301326,.13545459543139726,.1229715284801505,.11056096484887061,.09816569093578847,.08573438355718938,.07322532762969859,.06059879827979067,.04784089324087708,.034936264646843566,.021908175275686573,.00877595973655711,-.004395779083090122,-.017547539641787183,-.030576840935892153,-.04338536214487589,-.055844734545505884,-.06782790747931751,-.07920106647870512,-.08982734430348187,-.0995933304398364,-.10837825699188691,-.11611557392128187,-.12272932918105556,-.12822103600246004,-.13258277742414443,-.1358921164667178,-.13821887484520104,-.13970784902867278,-.1404981283192601,-.14077902668393175,-.14073744562465687,-.1405742013627861,-.14051201666252058
-3191245798698831e-20,.06740515735322389,.1277787415785888,.18088047846472163,.2268984063759861,.2658706281494194,.29818230112991634,.3240949745644677,.34410877550439545,.3586227049683229,.3681782028314261,.37324131011992623,.37434681356312016,.37198008355641193,.36663434509604514,.35878247129469476,.3488511528027639,.337276873205774,.3244022919294585,.31060669875344127,.2961411606454546,.28131159201138956,.26628053848593575,.25127225880746734,.23637229189396183,.22172436301794973,.2073531587898106,.19333109984811306,.17963854045391342,.1662903505261652,.15323768081766037,.14045338550692402,.12787351758568674,.1154447930052837,.10310199043111175,.09078140511101057,.07843013742943407,.06598959398498214,.05343185996873466,.04071828375283313,.027856435050039072,.014840950096023812,.001720685546365075,-.011466416308914387,-.02463171737671893,-.037690565473194514,-.050524113363104195,-.06300604499293484,-.07500583184777916,-.0863701570561141,-.09698260106574536,-.10668625711692431,-.11540704589068668,-.12301426022987816,-.12950097223935578,-.13479467650884053,-.138968086277299,-.1420311387757959,-.14413033208477374,-.14536466154452912,-.14593117489963056,-.14600404324081095,-.14579514134538096,-.14552917406573357,-.14537747611075075
4475433835485495e-20,.07190047446263771,.13557476912693728,.19108010605805456,.23853888031428125,.278279060677041,.3106504884653758,.33615470427168614,.3552918018490909,.36864909915384075,.3767932984997494,.3803254513907397,.37981441013602535,.37582889206431,.3689009233731072,.3595356377975112,.3482043194403561,.3353296434142292,.321307714402828,.3064684943014087,.29112454779507324,.2755110927366973,.2598550574419579,.24430249310701097,.22899938384874266,.21401461196461935,.19942385976825883,.18523471734158045,.171465989201714,.1580808455105076,.14505543766050463,.13232520684910928,.11983797635787415,.10751784498791933,.09529865197277548,.08310898117330691,.0708834295351734,.05856980880129327,.04611828607640006,.033508922541020926,.0207212031046575,.007777301925914335,-.005303111242361086,-.018451907378802257,-.031603952549310255,-.044649490083273256,-.057480413076439626,-.06995870946511205,-.08194509098220489,-.09329575743754816,-.10386152925442803,-.11352099630199607,-.12214263945472885,-.1296566388120707,-.13598089715858694,-.1411214290401725,-.14507357396897583,-.14792890291739094,-.1497727965740905,-.1507731941130822,-.15109644836508063,-.15096025084626263,-.15058482439452117,-.15019961725968042,-.15006223659215506
.00012142113469676038,.07644199072987337,.1435113702027211,.20126351177461538,.2501338727297897,.29041704933927126,.32273403326082717,.34759152679533806,.3657029351032161,.37769603139093116,.38428626005774524,.3861363013493644,.38390110522575127,.3782171875614915,.36964485593078056,.35875769590266143,.3460066530052207,.33188344320339475,.3167271945768327,.3009388704595331,.28475161215702655,.26847245608127435,.25223997649415614,.23626841722150993,.2206179829533137,.20541680802976675,.1906653036458887,.1764177567320318,.16263209762864944,.1493039535435288,.13636457496915524,.12376725327759777,.11143137299339237,.09928463047279845,.08724883856182598,.07524267769877713,.06320477437507209,.05106082519047219,.03877993979103758,.026310197078053262,.013662092162624533,.0008205110413900327,-.012157379329984704,-.02523915560546103,-.03832382672242599,-.051327426592318794,-.06411719956169701,-.07656222121143541,-.08851902344615212,-.09982563677276717,-.11035462522305162,-.11994030418530133,-.12849865854528422,-.135890695702389,-.14210556103213942,-.1470664067035655,-.150852061241294,-.15347651190431952,-.1551045548982487,-.15585187014799992,-.15594476239624377,-.15558716285060822,-.15502514443737256,-.15452331875559502,-.1542700732115029
-1532257209122189e-20,.0810005550360225,.1513192661798232,.21130979488970558,.26136227357838165,.302084502424797,.33409215249871804,.3581502519550484,.37500843545250123,.3854828106468451,.3903544952013554,.3904011574528432,.38635680031196806,.37890287254828914,.36868009772528215,.3562493113821223,.3421391421170883,.3267856482522213,.3106034905233627,.2939109142685965,.27701621401755266,.2601313935335702,.24346792593421182,.2271446823882642,.2112878851991743,.19593972271869764,.181155311064475,.16691776269506947,.1532259063404421,.1400210661833424,.1272604804196696,.11486076349757292,.10275226671414167,.09084336001898866,.07905244086485409,.067295710553833,.0554948893280991,.043589399892074256,.03151938659285767,.01926073829354871,.00678636180980154,-.005881808440199006,-.01872616528426093,-.03167572917544971,-.044662807617972075,-.057572788168364315,-.0702907858711735,-.08267324199531836,-.09457016322439493,-.105831676267455,-.11629678100255587,-.12583833723411592,-.1343106943964524,-.1416367988647243,-.1477232108052786,-.15257305374266872,-.15617677612135122,-.1586318864259114,-.16003094827779216,-.16056139328182614,-.16041414367122087,-.1598400659800622,-.15909803831686858,-.15845682100882982,-.15823256235062144
-.00015206627887005283,.08545246686327627,.15897490150928176,.22095613951095314,.2720833287842127,.3129563649648289,.3444848696792105,.36747680423854495,.3829003038027785,.3916607793729782,.39466711697619083,.39281189109961046,.38686938533856396,.3776410007590779,.3657392227564573,.35183818463886235,.3363908575860333,.31993521684160076,.30278405359052424,.28534574170527083,.26781925995726247,.2504987216476336,.2334880815282428,.216978861955596,.2010005423521892,.18565623214837787,.17092038157580436,.15682372050233437,.1433024199405688,.13033041427796135,.1178212176177096,.10570848069716215,.09389761320310762,.0822983651681748,.07082264178193243,.05937283133924482,.04788160633698404,.0362612877013671,.024477994427276443,.012469738374401004,.000246623605889911,-.012213032559406277,-.024849208861258083,-.0376329580438641,-.0504581265730523,-.06324143549713833,-.07584293548014313,-.08813186991176777,-.09995459907083823,-.1111438680871173,-.12156206722233487,-.1310435831314435,-.13948486424832535,-.1467340542142097,-.15277182667838268,-.15750570919700513,-.16101172425322374,-.163293398313225,-.16452730598487073,-.16483350161402657,-.16447216815097232,-.16367335340961764,-.162736053699063,-.1619727834530148,-.16158871159603985
-3422375741940689e-20,.08977277201430842,.16625694706384206,.23009876656248024,.28197386514501754,.322813796220766,.3535471845893149,.3752629163020434,.3890114971833144,.39588028012325605,.396897146534121,.3930271634666145,.38517745999815284,.37413369013929415,.3606379952326337,.3452870894075793,.3286522659552982,.3111594330842253,.2932230013559819,.27512905063326165,.25716620631514153,.23950997597114576,.22234377514827933,.20574982713633536,.1898251885930581,.17458104214918443,.16004631537495456,.14617952928292002,.13295693538555198,.12029992339662791,.1081469579635545,.09639850166764634,.08496958162694482,.07375553364551049,.06266229986740346,.0515961538337876,.04046894360970207,.029213176047917316,.01776235989801287,.0060870420391645925,-.005844753894064911,-.018013542028397268,-.03040375413795823,-.04294592502269375,-.05557275674791538,-.06817023059174385,-.08062171401553025,-.09278413964323655,-.10450363684780695,-.11562663074163947,-.1259864852550557,-.13544868994035458,-.14385337698473555,-.15110818082963304,-.1571016037560951,-.16182089165324093,-.16523795360927349,-.16743963703240472,-.16851090852025566,-.16865126389238452,-.16807042648157358,-.16706047595254983,-.16592786898235795,-.1649992116005836,-.16467834723717395
8361876404107487e-20,.09385012509396234,.17315629889566306,.23848177165139836,.2909015493792395,.3313117811234575,.36099582088621773,.3811156067801129,.39295856424948883,.39775796709150213,.3966310533048373,.3907189936870317,.3808994778304432,.3681350744029776,.35306205939548013,.33643756467331243,.3186868387845826,.30037648355529006,.2817637578806937,.26324156751907485,.24496241115547848,.22719554770335373,.2099945009051341,.19352112560804055,.17776436682456873,.16279899297094078,.14856904403815868,.1350823236886313,.12225250827539853,.11003284567174858,.09832204383943242,.0870363071008566,.07607075381437374,.06532023243618719,.05469030179089962,.04407056304692885,.0333909382812636,.02255092193375863,.011519868484671562,.00022271899365087865,-.011328451199175383,-.023164237969810913,-.03522126390844145,-.047480861268147594,-.05983510461835861,-.07220675388818476,-.08445767317643053,-.09646190159319319,-.10806445521573026,-.11910355200865402,-.12942171219706225,-.1388758001391249,-.14731998445561892,-.15459591292041647,-.16066145146901945,-.1653904560555357,-.16884251336915837,-.17098031322739085,-.17198801892261853,-.17196142139224097,-.17120652514058077,-.16996848410962265,-.16863107953638035,-.16757236719661348,-.16702127185060786
46365845134440174e-21,.0977192386419524,.1794377334587935,.24606046474089346,.2985528377379625,.3382480094068481,.36646545115422474,.38470244930029557,.3943821131118893,.39689921258125543,.3935565740575209,.38549894646702443,.3737959975858049,.35930900325401616,.3428550265737307,.3250328736338901,.3064246433946692,.2874121489280777,.26838328308216763,.24957724261323755,.2312437420059886,.21350523457499873,.19650759665157516,.1802861750587888,.1649028554053999,.15033481581854408,.1365828345356577,.12358118935949002,.1112856866389178,.09959958157266013,.08844534121199497,.07771091479214774,.06729954124404207,.057098114236486155,.047003604594067355,.03691698350475965,.02674323161012109,.016411150253832024,.005848204383190059,-.004976979097771523,-.016100632254243113,-.027506946774075423,-.0391856797410918,-.05107339858766269,-.06310851125247391,-.07518581314598628,-.08719607497513893,-.09900443410314332,-.11046279554057017,-.1214229120753305,-.13171632507026323,-.1412022692431196,-.14970861264086435,-.15711995797449443,-.1632938338478631,-.16817865640790963,-.17170125224567429,-.1739160229054285,-.17487525674900908,-.17477547348916603,-.17383265315266616,-.17239219489354615,-.1708264113436408,-.16955515468795124,-.16911447362403753
9112926232327155e-21,.10126164889880741,.1852274499417846,.2525849891677121,.3048450805700609,.34326186216873117,.36965011836844375,.38561580193492545,.39283626746974537,.39292291404896457,.3871990052194751,.37706096850153986,.3634428417465711,.3474521494280563,.3296826460018775,.31095560516237214,.29162473385229803,.27222314876088677,.252932954658108,.23415630708486457,.21593761062356745,.19851124908512569,.18186901217335266,.16613685691605934,.15126131835487333,.1372892695627951,.12413347936508831,.11178002854331218,.10012515723998507,.08910366665679562,.07860322541888941,.06852406073595886,.05875883161906323,.049187408142660684,.03971940540862194,.030229727380665452,.02065562758473538,.010885401137117261,.0008889711453173779,-.009415131040374829,-.020007609173536903,-.030935472866517016,-.042132645478714606,-.053598287960619766,-.06522372873743393,-.07695777122596846,-.08866158141298534,-.10023655261738589,-.11152764490270077,-.12239856476239983,-.1326920182962987,-.14224037582462873,-.15090667321197862,-.1585006481391835,-.16493873451605076,-.17003764122241052,-.1738143428161956,-.17614835750265584,-.17721637509751725,-.17703940882011343,-.17598974182990126,-.17429923515238777,-.1725002515011681,-.1710645932834957,-.17028889602961986
-42178848243395705e-21,.10460847184655317,.19026203885980186,.2580971233360685,.3094192665546339,.34614915969615967,.3701554136168901,.3834686840802887,.387970216421083,.38538562936238746,.377299965430161,.36499994455241,.34968807689376785,.33223674884613386,.31348637515598093,.2939850430391261,.27427999661204344,.25467379631161774,.2355006675942739,.21692554750984755,.19914457524092574,.18220319789653452,.1661897231554351,.15109817152968252,.1369555807489818,.12370832109065624,.11133206627839749,.09974073643123814,.08887298083732172,.07861877877433453,.06888804136482514,.05956099325356205,.0505319691307488,.041685404233392516,.03291367483535388,.024117302228961225,.015200110245535296,.006090464994339469,-.003286047205576602,-.012960611141112112,-.022971747559080005,-.0333093586247071,-.043971305225686166,-.05490598699824184,-.06606633493507579,-.07736526886360827,-.08871436414805114,-.09999974932967429,-.11109712886109357,-.12187328682817554,-.13217281461005534,-.14184806545419304,-.15071846268916128,-.1586336340723065,-.1654048980558861,-.1709146705205003,-.1750110313745589,-.1776763943124787,-.17887819188899393,-.1787845655777458,-.17758564763500695,-.17569952111438064,-.173590357927849,-.17184946523233616,-.1712389366675451
-9347062268227727e-20,.10766096966807326,.19485311880144837,.2622717939906924,.312215930734044,.3464477755641311,.36756623050681975,.37778274207788154,.3792221212657476,.3739126445464193,.3633280505683158,.3490939570834273,.3321056852992182,.31357528383734673,.2939674641293307,.27413087662218977,.2542521109735467,.23485925891272583,.21600138216813125,.19802277645998045,.18086693167139886,.16472199856188546,.14950671531673562,.13531454561988474,.12204557285966015,.10972979856259851,.0982513567334423,.08758588075369023,.07760892995501749,.06825115969527941,.05938675804283107,.05091190752961505,.04271303986295967,.03466890307942185,.026688290821147147,.018646401618473685,.010484678252454048,.0020889366825145956,-.006560126284309365,-.015553447307070124,-.024866115846009923,-.03455833772102038,-.04456368827308291,-.0549073574761166,-.06548744374212588,-.07629288435833312,-.08719436508287458,-.09814793849646,-.10900011608510068,-.11967245514743655,-.12998942632338492,-.13982553845636728,-.14899387226624197,-.15730171902685078,-.16458963256901013,-.1705972106642208,-.17526550362223614,-.17832299190935916,-.17991249340298168,-.17988380603061838,-.17869325936992517,-.17649854203086543,-.17408541357837737,-.17207490416636917,-.17095962622974026
-11569980708332774e-22,.11063657470383033,.1985069799030408,.2651910383127814,.3126534080296647,.34379760397802495,.3613346782129705,.36799580722024106,.36620712793712956,.35797910603233896,.34512506256665454,.32896086454218004,.3107398793613876,.2912506630819876,.2713001015275067,.2513080636026696,.2317436091115508,.2127891891811136,.19469097067172314,.17750327583260894,.1613354244115904,.14616820752526785,.13203631785909822,.1188891447843457,.10671895431524678,.09545244298257521,.08504755601176682,.07540740292971988,.06645921492097198,.058087149891513874,.050193804029161675,.04265752055236305,.035368560362687894,.028214166972986312,.021086414677402705,.01389205332203341,.006537619144258246,-.0010415124455798645,-.008915519956293425,-.01711381557242651,-.02567672560062477,-.03459976834663502,-.043890287083513745,-.053515842116497556,-.06345279494591317,-.07364566440989012,-.08404428505128198,-.09457066006045867,-.10514633989017963,-.11566282212602784,-.12600337622986343,-.13601591103570115,-.1455275787853217,-.1543395365706104,-.16221530875544174,-.16894214336836225,-.17425133239794147,-.178001459139245,-.17999501927815137,-.18031463969706837,-.17903616327934205,-.1766660593017223,-.17377487464869387,-.1712813413389142,-.17038992954257653
911566265400252e-19,.11331571317310359,.20183159159859118,.26622765875456067,.3104816502496235,.3374088682918785,.35068080609689783,.3534455617473396,.3481316775921122,.33723433595937335,.32211940337589895,.3045677587396041,.28526932542796374,.26545136142464176,.24536807420022838,.22581944509369778,.20680402362185626,.18879296024556436,.17167124431402975,.15568924085372327,.14070219648134225,.12682855099363133,.11393492446081227,.10207177091166321,.09111902659503074,.08108385109369182,.07184618467114194,.06337049094561809,.05553004477240539,.04824896037106311,.041401270328770445,.03488018991955017,.028577010664861537,.02236910274477351,.016176144118658163,.009875144277266571,.0034203726585700675,-.0032998534438685332,-.010293570144989175,-.017651476145293225,-.025347063185620397,-.033446442292326996,-.04189470679708899,-.050738058588642096,-.05990060592491799,-.06941454949763178,-.0791845989904835,-.08922991440001968,-.0994227977528357,-.10975689813079562,-.12005545864465689,-.13025167366683366,-.14011681237063817,-.1494711337865521,-.15806616845055865,-.16557156754863278,-.17180368638879637,-.17629291937918937,-.17908515097657599,-.17969940056349273,-.17867178633119962,-.1758934850496718,-.17259874886190474,-.16959318182394398,-.16782256738367796
235344480762427e-19,.11620374903120514,.20369238151181623,.2652869158718953,.30460745960336444,.32639687778324145,.33476619139916525,.33319017984052385,.3246165028381489,.3110587417162762,.29437514161158906,.2756712869633899,.2561009904431417,.23623141854744725,.21675756115873893,.1979040335566383,.18003733786819384,.1631841666413998,.14748842239937351,.13289300045162947,.11941746586124749,.1069876763937481,.09557587745592894,.0851122151455162,.07555708077612337,.06683520528847856,.058894588570350084,.05163952736373861,.04499681041161223,.03885256692312089,.03310964258712372,.027654446752427553,.022376308861776,.017175891261088698,.011948307487386761,.006614064530673934,.0010871069640149018,-.004685253368543987,-.010766411197535757,-.01717997193776701,-.02396493094267307,-.031125722741036248,-.038677662234548375,-.04661740869325004,-.054946936763074807,-.06365358004539458,-.0727379967932317,-.08216385160629244,-.09192211353007057,-.1019330885835301,-.11214560738671166,-.12240995549157141,-.13259295691861084,-.14245629233444165,-.1517499195882643,-.1601639121221245,-.16731834946968266,-.17289857181668172,-.1764556411593248,-.17787501974589406,-.17691503047210763,-.17411497007262347,-.17006438936345597,-.16627293223796805,-.16488264395313174
-4408773044450965e-20,.11882505831132625,.20507932921988306,.260983715377704,.293947011505,.3094275604813806,.311995740891306,.30648463529500786,.2945367078350835,.27934012630035554,.2613975815042059,.24264059849282218,.2232193210586713,.2042455346496802,.18575851185163292,.16831238284626063,.15188080339743476,.13666827069673357,.12259483962460482,.10970737160481303,.09788078986762962,.0871255298600335,.0773014190411976,.0684076776296039,.06032962509761847,.05303119725758663,.04643451698425012,.040457245718216295,.035031227565877905,.030050438550573592,.025422072220713892,.02104912393364205,.016812563104351554,.012636557141222911,.008407434463041373,.004060224524256413,-.00048159323865872884,-.005283072936677282,-.010368245576764449,-.015809929829719162,-.021580781025380174,-.02776841817306675,-.03431385354621591,-.04130791964216868,-.04869499885000655,-.05653962919444864,-.06481529317963614,-.073543887572565,-.08270941499444229,-.09229181921759967,-.10222511570130595,-.11243258320747246,-.1227408163333797,-.1329919445046203,-.1428772435614945,-.15212401231447784,-.16031998588799845,-.16697464312136767,-.17177402548933843,-.17391944445742483,-.173773394574643,-.17054955888257028,-.16615810236419,-.16151091259003764,-.15828793420511747
-46814022692756314e-21,.12160795500840117,.203243083613258,.2522337289430701,.27669623759176853,.284506962662642,.2818113633629435,.2719940791329978,.2581433655250004,.24157350815354153,.22384572265358368,.2055199551671957,.187443445061636,.16985123842237773,.1532098849082147,.13756583397529473,.12312286496543888,.1098261211111431,.09771580404085149,.08669458614108012,.07673586669162624,.06773295701985155,.059637310185058905,.052356090719428997,.04582897623069398,.03998227418816948,.034748608077910005,.030057647065366233,.02583700855322409,.022001452302376035,.018469418781363253,.015146055871450678,.011938949518925617,.008763933591879968,.0055308407638910975,.0021742871489971163,-.0013775529293896633,-.005169317397762507,-.009251874603230865,-.01364990394213014,-.018401228942026747,-.023521624928568255,-.029046793573209516,-.03498942002443698,-.041388657434868865,-.04825325167844351,-.055623011590965894,-.06349923081823507,-.07191815501314827,-.08084427059667838,-.09028951535223591,-.10013703938196432,-.11032636140446762,-.12063770059440207,-.13088872246127645,-.1407376084257374,-.14981751536491378,-.15765676222481087,-.16359923491774303,-.16719872665365443,-.16758410582326166,-.16505797907293726,-.1596654470111167,-.15384845929137775,-.15161696121468837
-4954031502338924e-20,.12258046102652838,.19842308811471426,.23593206637249348,.24936042493506586,.2503882001346551,.2417731402673218,.2300174767003291,.21449644592205358,.1986808393211728,.1816819218363815,.16531131594734377,.1491942414232842,.1339573454544261,.1197125750909918,.10645291265803611,.0944134706810823,.08337980203485945,.07350434485211353,.06455582337042165,.05659351512617866,.049441253196803966,.043093639902527375,.037440217597094524,.03243851192984625,.02801822524648981,.02411441594924919,.020676873833674243,.0176147991160373,.014885036930673235,.012387572278531244,.010059686260800452,.007824146390393277,.005593816859971365,.0033130807354614074,.0009071546045110595,-.001672924473386751,-.004480175442440136,-.0075436398588192705,-.01091682490189664,-.014608611534079087,-.01866326399453859,-.023102804572942785,-.027949323795799855,-.03325329144615006,-.039022082483106436,-.0453364394728806,-.05216094280380409,-.05962894015455893,-.06760017293166284,-.07625393261214107,-.0853470550693065,-.09498547358803368,-.10494813525377616,-.11504454363017791,-.12516531317769833,-.1347244793371334,-.14350318819135252,-.15081014599439552,-.15565152747666725,-.15799397739334267,-.15551451662692392,-.15094756322398778,-.14358951081652752,-.13771604069935234
28000936587046596e-21,.12333891431455571,.1842033773343448,.20660827427669082,.21051481511221898,.20360448570744996,.19293234211111757,.17946316392474512,.1653800779234729,.15081404803217982,.1366331107010269,.12283429679797549,.10984361196073328,.09761858476291309,.08638524108620166,.07603803319252893,.06671257828607943,.058259277584609304,.050724863556560675,.04400428527561171,.03805591330286448,.03280941077874916,.028205440328024967,.0241680912453936,.020650679286504603,.01758957014019276,.014940745974348373,.012635584141094742,.01064390156425292,.008882619154147214,.007310013156152579,.005874649819869706,.004489817481782552,.003127911569134373,.0017042729312633496,.0001747553158196767,-.0015071724534374345,-.003377889799271295,-.005486404222563935,-.007836185859997832,-.010489721374242382,-.013453485811291322,-.016770242496616145,-.02047336560695329,-.02459875049299707,-.029167920835050407,-.03425483941250988,-.03983218992423878,-.04601046695864479,-.052729358153913455,-.06008478169277382,-.06798693101024378,-.07648676408474704,-.08541389920647896,-.09476673939086229,-.104252020532312,-.11373926005939411,-.12277321488364425,-.13089642379609162,-.13741656765913043,-.14107585508741896,-.14141254092146166,-.13611975150387357,-.12834483674468675,-.12498003156878704
.00010554218886242562,.11708925986385614,.14968501691639133,.16206478655418716,.15276200280089117,.1448765357887113,.13347191687083462,.12220628635214972,.11102170488386683,.0999827819067955,.08965986058111079,.07986496096236806,.07062810534257684,.062379891777550295,.054444835755507785,.0477264293685153,.041097063776446396,.03561358706669194,.030293319039323637,.02582847929114606,.021855067917125413,.018415116148509034,.01556435714937196,.0131147293137475,.010974512397431363,.009278889211707914,.007616296979103805,.006388685420342118,.0051704313835803165,.004231841353352388,.003390401187839267,.0026253937264584127,.001997470932873847,.0012694711329396763,.0006451469855418471,-.00019720984412301777,-.0010302819965065085,-.002110389465369966,-.0032969601290924666,-.004702912923534843,-.006339337194544285,-.008193224519372112,-.010402766642472302,-.012915313560480828,-.01579445752708021,-.01915823313540642,-.022727609576995413,-.026998175919809693,-.03134070924887058,-.03654831217044144,-.04188174228338086,-.048122208660311624,-.054557702460606684,-.06175948746989649,-.06917344573439571,-.07704866903116837,-.08515552882053921,-.09330131033833333,-.10121020974500243,-.10838569448403296,-.11406798453021942,-.11612376419669783,-.11620477713307874,-.10502014158584437,-.09564502024404098
40459359095383305e-21,.08821779428748293,.0999318058962336,.08795546463857888,.08198601248910545,.07457794859524354,.06780994991881037,.060892040993627765,.05464072487485657,.04865627015388092,.043178454260588195,.038051601046585885,.033386096090716244,.029096788995353062,.02524694654408073,.02174460616007029,.018570223380160213,.01569363658041821,.013107872185533111,.01081490003060203,.008872997395074788,.0072239478454892096,.005901254123864511,.004811268626809523,.0039181304196551515,.0031704404320802826,.0025294078953767437,.0019858971003610926,.0015354366173924857,.001165793310851097,.0008769938100949035,.000640548905626114,.0004466147117395071,.00026311887720179065,6413639584375282e-20,-.00016575480882575537,-.0004719881434111282,-.0008490104862768935,-.001331196574383094,-.001920240028728016,-.0026437434936214016,-.0035123840973684557,-.004592419739545703,-.005860613392810807,-.007403446123931002,-.009156940444623651,-.011179899146108032,-.013417544141429951,-.015934488214689742,-.018696794349316346,-.02183025681560229,-.02524794702850308,-.029083241957820288,-.03319153583376194,-.037689498562326895,-.042419958800779124,-.0475883602532555,-.052875610853472525,-.05854582881088951,-.06398828990596261,-.06953184321006188,-.07372557543603696,-.07474310433688881,-.07347023197812728,-.07184223393063732
-246234658856694e-19,-11539157625580193e-21,15451461778170253e-22,4785031114032028e-22,-5881429442720997e-22,-10490475121081799e-23,3783193229052722e-22,-3975585648109241e-21,-8329493714954713e-21,-4082210532214567e-21,1650728047459501e-22,-5515740784522193e-21,-11196561869707793e-21,-4805521058199648e-21,15854991141754341e-22,7279251032198447e-23,-14399521416365757e-22,-380137711821361e-20,-616280863019516e-20,-769332836425626e-20,-9223862746301695e-21,-21174381363544796e-22,4988980035157065e-21,5945532081724036e-21,69020927580883215e-22,1911763133205006e-21,-30785758327405178e-22,-389116963500115e-20,-4703754935046392e-21,-23559030529853617e-22,-8061254151369867e-24,4375388020300898e-21,8758837212689244e-21,5923129693506741e-21,30874312662516518e-22,-4139512232113874e-21,-11366433998992764e-21,-6814733986186318e-21,-22630130148334603e-22,3903268534907191e-21,1006954207606688e-20,10145817828397382e-21,10222076985842302e-21,4351785625041088e-21,-15184943226360539e-22,-5685870575215565e-21,-9853227658196037e-21,-1249379658235333e-21,73544662965446864e-22,6711771342617286e-21,6069069120180746e-21,1290743171162347e-21,-34875762379556306e-22,-3478274283982238e-21,-34689730284841773e-22,2830660672613018e-22,4035102882141754e-21,19051886472030624e-22,-22473599128170196e-23,5792638051624821e-21,11810003357662883e-21,6098145332817743e-21,3862748041694663e-22,-17673121677961737e-22,-3920902273517242e-21
