-.0007371057886597762,.0010220340877905973,.002781173961639624,.0023353660181328353,.0018895580698359287,.0012445187243995603,.0005994793782696026,-.0005195552535659951,-.0016385898880878016,-.0023564228359140866,-.003074255776211632,-.0027941190708851917,-.0025139823636391107,-.0018576562197598517,-.0012013300743881307,-.00021046358866495164,.0007804028904537917,.001474380125500583,.0021683573572401364,.002067192472462793,.0019660275870946793,.0015644824865952642,.0011629373804800495,.0012483609809514472,.0013337845804330362,.0018053968656757942,.0022770091522593015,.0026109253252073732,.0029448415002086923,.002984256770591892,.0030236720446407566,.0028375371179578685,.002651402186577157,.0024442737671618664,.002237145355993055,.0021124764594529417,.001987807559966965,.001871360200337322,.0017549128398076084,.0017490198365924497,.0017431268307428617,.0019282577125650758,.0021133885901535995,.002282523577056607,.0024516585669438207,.00226661750259633,.0020815764369986273,.0015469035579703417,.0010122306751796915,.0005635329747120012,.00011483527355421336,-.00024221472153137505,-.0005992647188424173,-.0009692258043920534,-.0013391868890603776,-.0009086454179604871,-.000478103950037957,-.0003547388634289735,-.00023137378035150555,.0004776408201274539,.0011866554204200044,-.0008633800716461091,-.002913415569890017,8168715022662372e-20,.0030767898626848683
-.01696300002820782,.00041813239343965785,.001061702332075561,.0008448133509878993,.001395549459125141,.0007208749995303671,.0008144036999568335,.0002159433727301311,-.00025050710861486023,-.0006619140064712852,-.0015582497801427209,-.0020598110864674833,-.003203341577844212,-.004057088408090516,-.005204463078849842,-.006476595212506269,-.007439964177530727,-.009216882075567437,-.010130232326426281,-.01235723609851977,-.013413162159353757,-.0157269843455651,-.016807677917797706,-.01889084013043474,-.019744364304500925,-.02163112375752892,-.022201223305348693,-.024086244550378694,-.024495732624729802,-.02643306327890858,-.026792644575974297,-.028675159315957793,-.02900139234331668,-.03070951408827975,-.03095838356412848,-.03245913382733257,-.03260336527555435,-.033932715769175205,-.033977043836703795,-.035152241104507286,-.03505405877290651,-.036076589753762225,-.03577532495521797,-.0367158246279469,-.03629707729923064,-.03721250953514084,-.03686444501251283,-.03763369135371829,-.037399902942399886,-.03783990023049419,-.03764517213678445,-.037752858776981334,-.03763080038780944,-.037487733842624646,-.03743188331355215,-.037070829393716656,-.036895412795236934,-.036442041950033165,-.036108098156516624,-.035596403982483704,-.035179808723994704,-.03450291374780993,-.033910526629726406,-.03280727220157684,-.03192927266290122
-.03318889427361607,-.0001976222583203734,-.0009426979026674888,.0007883412442066034,-.000997264604532214,.000897156719946724,-.0005777107771700046,-785617229372822e-19,-.0006870041902812351,-.001980997640316631,-.002249080450784152,-.004648574938217846,-.005560682231773567,-.008237911086894102,-.010572589740284518,-.012849478729581318,-.016869073422001085,-.01821575492056313,-.023384297864638037,-.023922864727189196,-.029267156518510504,-.029648964714762017,-.03470705811573423,-.035230858093565895,-.04025532339578936,-.04058984740724749,-.04587332689511843,-.04564205549521778,-.05108086827972259,-.050312296540853785,-.0555699393192115,-.05454058206293444,-.05936608685464868,-.05829466464132571,-.06266926825279037,-.061614132078532426,-.06563796491691394,-.06455453645303767,-.06830019787425877,-.06712790086304245,-.07069852240279594,-.06931468392351382,-.07283368330965312,-.07106213053643344,-.07439334782991666,-.07230722741697325,-.0749850149919097,-.07302387331100729,-.0747012889968582,-.07326316299759739,-.0739841297843454,-.07313289641133609,-.07299238952495019,-.07263712683014628,-.07178102110366467,-.07167581826605778,-.07061745628661835,-.07037249626179486,-.06941712511897213,-.06902864055809164,-.06790029633888953,-.06738077243072313,-.06593259615740517,-.06539630380657066,-.06386093099674867
.007536511622055989,-.00035165703517506047,-.000619777771629008,-.0012892686352446083,-.0012186855958745742,-.0017836602290432426,-.0018825848523091754,-.0026326225183866208,-.003326043660761297,-.004667219522891786,-.006244528137639779,-.008492499513315509,-.010963308009335383,-.014120224916140392,-.01727839648357947,-.021222968009608933,-.024728610584169818,-.02915177693481574,-.03260799471233152,-.037092255986912515,-.040370311781472885,-.044717246087937285,-.047955183171551896,-.05222942401515034,-.05547197973095108,-.05974045490969406,-.0628387960971793,-.06701583228684388,-.06982147841345383,-.07375907547325014,-.07623358352711516,-.07985160234874417,-.08203535635150215,-.08532870344651894,-.08727049047816458,-.09026166365480856,-.09196898034011294,-.09467937552243152,-.09613612604155443,-.09858697891309841,-.09978172915724728,-.10199404853237205,-.10288208003486896,-.10479955766231354,-.10527960416241142,-.10674244673568674,-.10677436637030385,-.1076807753260804,-.10738247412591799,-.1077929625025938,-.10728630959440955,-.10729093377942939,-.10659731294893479,-.10626364112510246,-.10546938846005326,-.10492629295901895,-.10410586563714036,-.10337821749171983,-.10240158210893296,-.10142022078855166,-.10021216932228633,-.09902092419065674,-.09769117286971583,-.09648137242343878,-.09516551806270698
.0482619175179903,3972971518124593e-20,-.00027593787744960193,-.0008658227939496534,-.0011335323470013374,-.002223695188270035,-.003040760819079728,-.004142973211309903,-.006121136678927056,-.007198574127252889,-.010511314651612405,-.01201683188251089,-.016263617735887227,-.018677185675052086,-.023305273897085622,-.026690993466380625,-.031302277535906343,-.03543727261865639,-.03993076556154201,-.04451535532326593,-.048953958636839975,-.05371621181551284,-.05810613383733698,-.06288656654501439,-.06716019748610622,-.07191965474344321,-.07600979740609592,-.08073639865257062,-.08459187511537444,-.08919376907499339,-.09280284237016567,-.09713398338719227,-.10050172329930046,-.10446942179322602,-.10757664386942442,-.11115185522579449,-.11399285829872129,-.11717148823581769,-.11974384996890115,-.12252786485252556,-.12478027712809486,-.12716050699889847,-.12902356623602243,-.13097379387693378,-.13243297293390485,-.133878719440054,-.13499536486681926,-.13580602756481744,-.1366524951839053,-.13672688118449505,-.13738274550001287,-.13673962946417212,-.13730770999335531,-.13610060311153951,-.13650929114906776,-.13498124316133445,-.13498229606320425,-.1333553227049835,-.13291876561218546,-.13118571854706082,-.1305312336546562,-.1286643232712534,-.12783459616813328,-.12594412018255646,-.1247555431280431
.006279910461214909,-.00014824026659488834,-.00037528608926318475,-.0010069687655307222,-.0019097834446856609,-.0030868792779177394,-.004515881262109078,-.006457873686192517,-.008372495899585778,-.011221528861998687,-.013694587178878979,-.017369238494824458,-.020482510898859246,-.024791768244132244,-.028562105979308503,-.03328740210137581,-.03761300913489379,-.04257263395831929,-.04729600319014175,-.05239173136582934,-.05735558744541853,-.06254860480302685,-.06763620310550034,-.07288503197392011,-.07803075435181506,-.08325777606240915,-.08840153458073868,-.093511952173554,-.09856199199894877,-.10347872404807781,-.10832413817474175,-.11299392198519843,-.11754032578101323,-.1219261033543141,-.1261172742046614,-.13019250414603636,-.13399799415503127,-.1377349069674429,-.14113497060445693,-.14449843561896672,-.14747704464968464,-.15042254308475528,-.15295178524651645,-.15543475955279665,-.15746959369092123,-.15947005361036967,-.16095360879763498,-.16247554595698324,-.16335943873478012,-.1644172299926191,-.1646986979876263,-.16531814932838998,-.1650401968306493,-.16523265297635684,-.1644641579966118,-.164209863202352,-.1630614665360153,-.16238201589050913,-.1609753629443719,-.15997166999280055,-.1583956729132092,-.1572216415193187,-.15558607902438804,-.15435124402470374,-.15284508114976905
-.035702096595822456,-48228483447896495e-21,-.0009150093589083893,-.0015920071954758392,-.0031475032018317053,-.004491312366478686,-.006775092909413489,-.008706240849865649,-.011903904658279339,-.01441503014488294,-.018454608760312005,-.02153224124989175,-.026270070585647995,-.029874467037202732,-.0351141469023318,-.039183617264648606,-.04475191660905459,-.04922091863112953,-.05499121371132373,-.059782373090645345,-.0657065581142725,-.07075157055502891,-.07684039649550665,-.0820907344265432,-.08830571638157109,-.09369427221642154,-.09991137624206665,-.10532276434992263,-.11141067153476587,-.11670522189587487,-.12258615506018831,-.12764283453874775,-.13328351072928005,-.13801116142589187,-.14338122825685387,-.14770761109761513,-.15275284090688146,-.15662707339952306,-.16128385441260337,-.16468435660844136,-.1689001678423424,-.17181731976496914,-.17554426033345144,-.17794320789453766,-.1811351260508792,-.18294988853459182,-.18557957170447176,-.1867609075767648,-.1888208557463207,-.1893654724712083,-.1908442412392933,-.1907719569847674,-.1916605846908152,-.19101720566138305,-.19133272022731612,-.19020488168264546,-.18996849378709765,-.18845676601429112,-.18771855430696505,-.1859540270092445,-.1848699103401868,-.18300889789868074,-.18182169136621804,-.18007150159085922,-.1788702496540994
-.016415509031357738,-.00024508470872830246,-.0008006126857191979,-.001959279835027455,-.0034777392173982262,-.0056659475097862655,-.008153308717715788,-.011294952371363612,-.01458908558181796,-.018481900276923202,-.022360630550050352,-.026793101729607124,-.03110132639822304,-.03593083876363327,-.0406021321323244,-.04576745400826042,-.05081132981084666,-.05630431209315174,-.06174139218169004,-.06755656038896261,-.07336135466082995,-.07946130603468377,-.08555293201241088,-.09185426073908479,-.09812144402402519,-.1045091349468015,-.11083679084024813,-.11719901006960955,-.12347978824244588,-.12972790282608465,-.13586224633199867,-.14192258395539187,-.14781291323650816,-.15360929637771006,-.15915779718411194,-.16460638981122222,-.16972396546182483,-.1747439722869459,-.17936263332879188,-.18389145457988648,-.18797079308496414,-.19197031543538487,-.19549192861139222,-.19894187557773985,-.2018905104717865,-.2047754522814142,-.20712506846179216,-.2094209365530557,-.21113829511450083,-.2128040947495715,-.21385485417575945,-.21484446906291643,-.21520415549044153,-.21549971826707826,-.2151836653674048,-.21481952496389592,-.21390253250923597,-.2129724671318426,-.2115944779855175,-.21026681214520274,-.20862433988320567,-.20710425808932306,-.20540875177282067,-.20385434359835453,-.20222998909963735
.00287107853303283,-.00017486470557857075,-.0008835798298650605,-.0021835812646062327,-.004104574047508872,-.0065943798486058245,-.009709001831286389,-.013239781924890441,-.017229399636096602,-.021495351676453178,-.026047949950168636,-.030770964175269276,-.03565876304966638,-.040697716546634045,-.04584295211020538,-.05122200000516375,-.05665925520183166,-.06247583738033588,-.06826173665697656,-.07455634595731865,-.08069394272203168,-.08739865364036797,-.09381195178923538,-.10079568840788734,-.10736054071840508,-.11448958212603502,-.12108730598337276,-.12824452522496219,-.1347863729596105,-.14186569651794362,-.14827984982703238,-.1551743729418832,-.16138101158913695,-.167975286617905,-.17387923605798414,-.18005886902677187,-.1855624671988306,-.19122835093410695,-.19624557390776015,-.20132264919018072,-.20579003039850416,-.2102369021723601,-.21411863835442385,-.2179241596274118,-.22120469385329508,-.2243639494931057,-.22703176654584056,-.22952644560788896,-.23155122362825872,-.23334903672311844,-.23467373382869902,-.23573687573749394,-.23631539128868384,-.23662336079151292,-.23647167129066068,-.2360623394853851,-.23527143500036676,-.23425737705063662,-.2329797415166003,-.23153994806517095,-.22996958800990744,-.2283345170356238,-.226659649122337,-.22499638352354673,-.22336159858556612
.017527068887594657,-.00027231763560987485,-.0011448179735557788,-.002684970098167593,-.004866004229975552,-.0077155123271054424,-.011105802664610672,-.015049082448863205,-.019382685831112044,-.024099564148355183,-.029068059882313806,-.03427602023400537,-.03965637236467695,-.04520860995855009,-.05093501997042778,-.05682254460803648,-.06293882644011564,-.06920703070430101,-.07576178753475417,-.08242381157549133,-.08939121724816405,-.09638533902791732,-.10365931517716685,-.11086521309411346,-.11830828385391277,-.12559724493984195,-.13308418299353034,-.14035031159854416,-.14777685872538232,-.15493246041932407,-.1622015163653185,-.16915873007249121,-.1761664145986007,-.18282719880158765,-.18946258772078248,-.19572343455771224,-.2018791873625987,-.20764235131609163,-.21322669482784254,-.21841142417813997,-.22335770668302096,-.22790876484424805,-.23218007042363226,-.2360677055579025,-.2396510832725546,-.2428605938436376,-.24574922246514994,-.24826243540582324,-.2504376043744398,-.25221996867077734,-.25365217047926514,-.25466690306636053,-.2553351305393681,-.25557832979630557,-.2554993233617049,-.25503182728903784,-.2542917887064958,-.253246696691862,-.25200032410118633,-.250553324202549,-.2489890335409096,-.24732317939463505,-.24562097564336297,-.24389344743304583,-.24217743275346407
.032183059242158564,-.00038790665769216325,-.0014439833829138766,-.003193287227523335,-.005708309282747372,-.00878378194326096,-.012559742824239615,-.016764584508268385,-.02151916555324445,-.02656329341812281,-.03198450570770884,-.037601634267407355,-.04347765423967333,-.04952147212654731,-.05577759856889008,-.06223019555336569,-.06887318242315482,-.07576424233816272,-.08279713683651412,-.09011636415253686,-.09749019663658166,-.1051574900512031,-.11277113277732233,-.12065890887318854,-.12838966507256883,-.13636079602800164,-.14409573987135182,-.15202983472098772,-.1596746079803637,-.1674685558082637,-.1749362849077919,-.18248883959322804,-.1896889760263043,-.19689146485196968,-.20372608738138018,-.2104646226483721,-.21683133314088313,-.2229984008415685,-.22880098940391025,-.23430888610381265,-.23946874547520952,-.24425575527454174,-.24871536211089365,-.2527475024915362,-.2564674409465764,-.2597350490382678,-.26268852756151106,-.26519461002453665,-.267360583538235,-.2691095348136782,-.27047235392549374,-.2714689879456998,-.27203558293704766,-.27229869585906613,-.27212609374359575,-.27171372239749947,-.2709186957150952,-.2699463539541741,-.2686844802618478,-.26730899540135866,-.2657436000877475,-.2641249687445113,-.2623959971237022,-.2606688798073889,-.25887135377033027
-.007943040782980179,-.0004207138419997403,-.001640304373298716,-.0036290461195075986,-.006312397932414287,-.009695086508152574,-.013658390440411044,-.018207834633529072,-.02320437037387913,-.02865053279738714,-.03442559202513138,-.04053256914558734,-.046895641459488324,-.05351623597369217,-.06036896662347669,-.06743843111189612,-.07474287791624246,-.08222598212055864,-.08994358861003864,-.09778270823434755,-.1058357348953769,-.11393382189217661,-.12220653650797636,-.13044154011274367,-.1388037650406377,-.14705342227569468,-.1553826142967218,-.16353953760039797,-.1717287321650076,-.17969874886825352,-.18764964316634536,-.19534158475519742,-.20295454497408688,-.21027362214716205,-.21744541062975872,-.22429376587217995,-.23092246617178241,-.23720500669823172,-.24319770212027328,-.24882920624811586,-.25410959313334214,-.25902080379643866,-.2635350783561317,-.26767655301963816,-.2713948611406801,-.2747361750783093,-.2776491349425206,-.2801757814500577,-.28228825348675246,-.2839994911219359,-.28532628668798904,-.28623896528265635,-.286810236495885,-.2869728205919054,-.2868483363471939,-.28635273582456644,-.28563146948066603,-.28460765109136876,-.28342112366590855,-.28201692245889287,-.28050689826748537,-.2788672123289182,-.2771689325841509,-.27541444737398724,-.27363585366255716
-.048069140808084616,-.00045157428792386324,-.0018541899086227836,-.004022948121435059,-.006960174118471273,-.010567155678980818,-.014846401826860478,-.019652419571408057,-.025014667180171424,-.030780040305101578,-.03698284186053568,-.043501539709023776,-.050353786356660823,-.05748404365828472,-.06486184249629758,-.07251511132938517,-.08033653002729826,-.08843865374362835,-.09662348212512623,-.10508269142643131,-.11353030322032841,-.12222955426869579,-.13082045300921227,-.13962990126578292,-.14824105531207904,-.15703461659573015,-.16555497997313276,-.1742187161808178,-.18255295920172893,-.19098304151665008,-.1990437986372818,-.20713908526887356,-.21483889741915382,-.22249724027436316,-.22974622685415502,-.23686694644802306,-.24357507667967931,-.2500625033461072,-.2561422058971877,-.2619099002779377,-.2672788493990557,-.2722572561650799,-.27684487854271683,-.2809888625914208,-.2847426807318984,-.2880345052164098,-.2909245650533282,-.29337326682682774,-.2953973689206425,-.2970352309090391,-.29822201518337516,-.29909936414528465,-.29951002384783176,-.2996944289972829,-.2994250172880552,-.2990049312546552,-.2981812542210846,-.29726287984226973,-.2960222684792332,-.2947201860759276,-.2931980690131031,-.29161430067995675,-.2899272204111188,-.28818236706426315,-.28643305017140797
-.005503430472082534,-.0005153202020083922,-.001990353570371227,-.004340307814588141,-.007472255745247842,-.011345991090154241,-.015864886779705132,-.02100860421576726,-.02667329108838774,-.03284942268782152,-.039443228372296135,-.04644605714073777,-.053789308404146925,-.06145405659705417,-.06940562324931186,-.07759954103614931,-.08603866081432122,-.09464132562964607,-.1034490839453553,-.1123379506125792,-.12138821580028368,-.13043480520120132,-.13959577316609467,-.14867118264811494,-.1578133129969598,-.16679677657368402,-.1758006038182792,-.18458462240512527,-.19334283203964944,-.20183172647530373,-.2102456827597554,-.21835058021312503,-.2263263566184818,-.23396171187338557,-.2414088773787431,-.24849169769071644,-.2553241024247453,-.26177419672488333,-.26791141339877905,-.27365257285446903,-.27902310681436326,-.2839870966195247,-.28853482453000906,-.2926679707299424,-.29635885270001205,-.29962816600214276,-.3024536408420718,-.3048515439960202,-.30682970723091424,-.3083780724726948,-.30955288462290614,-.31030482750506866,-.3107432957334803,-.3107816903327316,-.3105705055191726,-.310002995364675,-.30924447995571,-.3081941566627947,-.30700046696374783,-.30559214836077814,-.3040748248992107,-.30242706991506846,-.3006949412639037,-.2989117083451907,-.2970622325935057
.0370622798639056,-.0005808839664338803,-.0021475593933693447,-.004652037604892219,-.008023861471800703,-.012120775867344297,-.01695700642620679,-.02238279276398896,-.02843191356055601,-.03495665971843978,-.04199144747894592,-.049413554634972386,-.05723820711893367,-.06538265827711659,-.07382462784325045,-.08253480467988587,-.09143534470222099,-.10056463706414318,-.10977392746755811,-.11917997755138152,-.12855458435171113,-.13809753408843434,-.14750166095363565,-.1570456902131141,-.16635434430216314,-.17577153093372724,-.1848731954219706,-.19404697053835768,-.20284369529017096,-.21166891793450823,-.2200738507882115,-.22845434900046316,-.23638835859244045,-.24423443018316968,-.25162301433555045,-.25884995808530187,-.2656204854181018,-.2721489546399537,-.278229579095212,-.28398774326607545,-.28930911615368476,-.2942367254883789,-.29873643961723956,-.3027917488154148,-.3064217044140352,-.3095888990627582,-.3123243223487054,-.3146179252177587,-.31646661526963726,-.3179321146645322,-.3189410691892473,-.319650861834314,-.31990550145667207,-.31994937507444315,-.31956322762723627,-.3190368816216004,-.3181360573932419,-.3171346910528366,-.31584264018972463,-.3144598408123139,-.3128878579460649,-.3112178607969922,-.3094642549015762,-.3076040847405122,-.3058156889901593
.01613688178692035,-.0005750629059612121,-.002239440033399346,-.0048830296229149354,-.008417037614380014,-.012775538287939266,-.017860908334605935,-.02363901052174691,-.03001505085636261,-.036964782034556165,-.044398570697611474,-.05229478497209779,-.060577091910895615,-.06921523632723633,-.07815443158246213,-.08734510888526868,-.09676249046865454,-.10632826680691806,-.11605492071780157,-.12582912112032216,-.1357050497771218,-.14553253000362712,-.15540789393675872,-.16514698316104967,-.17488437189497966,-.1844088988215639,-.193885404368483,-.20308562424913287,-.21219326055473442,-.22097469229210695,-.2296189750945375,-.23789967666637293,-.24599703396957118,-.25370428329126,-.2611792517617328,-.26824631656723547,-.27502973291981286,-.28139387917140557,-.2874231165076953,-.2930259325060236,-.29824697268974715,-.3030366810960888,-.30740771705818115,-.3113435032676875,-.31484039739368147,-.3178987375929097,-.3205203314848338,-.3227016689465836,-.3244728704772607,-.3258073923464759,-.3267801336550359,-.3273308727142111,-.3275820633880516,-.32744164431120815,-.3270653199338559,-.32634441403028985,-.32544020471060503,-.32425384978059024,-.3229208683113778,-.3213810178096312,-.3197192564463232,-.31793307771537094,-.3160461124351393,-.31412164744390686,-.3121032210568292
-.004788516290105876,-.0006004558835251686,-.0023439549986085167,-.005114046180897066,-.008838922298901365,-.013414105876491444,-.01879450423066919,-.02487039224249197,-.03162082204383761,-.03893132307116691,-.04679455338675713,-.05509824242285736,-.0638328822578895,-.07290801676849583,-.08228932091592778,-.09193083192185834,-.10175038193003534,-.11176620025936596,-.12183171355332768,-.13204203086672933,-.1421781773038441,-.15241634988437502,-.16246605438200878,-.17258077305533445,-.18240699086130632,-.19226411806105176,-.20175037586319786,-.21123312455299265,-.22028241214575658,-.22929001126085163,-.23782195166797943,-.24626740652518567,-.25421410988314563,-.2620212708265723,-.2693229392932631,-.27642415463720954,-.2830255618933028,-.2893608469654554,-.29520961062602263,-.300727697604003,-.3057747656909048,-.31043590719162223,-.3146383119052827,-.3184183835714878,-.321744706161843,-.32464022318980945,-.32707830958144063,-.32911044718930416,-.33067589573760786,-.3318919383921777,-.33263529852186147,-.3331073897571549,-.3331160788538341,-.3329357244429054,-.3323247342844579,-.33158930210162807,-.33048169299113755,-.3292810664768423,-.32779284320974317,-.32621031910093246,-.3244456455495752,-.32256828768493095,-.320624677744027,-.3185515666236485,-.3165890933700804
-.01755779427548399,-.000624327380020599,-.0024227117959872303,-.005314257672383613,-.009193867462921758,-.01398912240857392,-.01961452331116487,-.02600503903601019,-.033074846076752415,-.04077250781549369,-.04901288225989093,-.05775034493585747,-.06690398245347647,-.07642742471936624,-.08625266113545098,-.09632327805132859,-.10659436631765842,-.1169898765231217,-.1274973791538075,-.13801431264820288,-.1485670476187431,-.15902348395533383,-.169450943295655,-.1796889379935603,-.18984309626756815,-.1997294184046422,-.20948472290270137,-.2189095013832848,-.22816138676831965,-.23703559951498196,-.2456979908382689,-.2539499731657783,-.26195192262970524,-.2695231077575725,-.27680549761437007,-.28364660129060376,-.2901597718600127,-.296228173878286,-.30193082450772024,-.30718947532005597,-.3120492743155496,-.3164674871665512,-.320463186519106,-.3240192799213988,-.3271435780219455,-.3298288767658332,-.33209146984058213,-.33391520925029566,-.3353455016713254,-.3363405084391431,-.3369899881960065,-.33721883864573166,-.3371635104353752,-.3367202043965838,-.33605568722263335,-.3350512570216938,-.3338746807717201,-.33241871257194233,-.33082212684368195,-.32902167030827345,-.32710062720737215,-.32506132259686416,-.32291863545837596,-.3207486880699214,-.3184712033527193
-.030327072260946174,-.0006270698767456796,-.00251809786022772,-.005516812250612968,-.00955460665182244,-.014553491876755266,-.02043173889385975,-.02710336107127705,-.03450536557066629,-.04254517577106616,-.05117295565099307,-.06029106317524284,-.06985716462495185,-.07977749058320421,-.09000606265671726,-.10046969300169191,-.11110235043200219,-.1218713806437798,-.1326727702531431,-.14353237454936538,-.1542944550547769,-.16505453721013544,-.17559949394383517,-.18609594322582199,-.19627671835671565,-.20637131703336759,-.21606978786006056,-.22564845650261003,-.23477203682474987,-.2437421682063029,-.2522196981310863,-.26050683642549777,-.26828366965945655,-.27582793837271136,-.2828609452992873,-.2896141187870008,-.29586750581814397,-.30179122492454014,-.3072337431635416,-.3122991981155739,-.3169032906316231,-.32109255572339485,-.3248357111808845,-.3281441352874358,-.33101247283784374,-.3334513322546179,-.3354450999561669,-.3370436250425113,-.3381837569767942,-.3389898689272049,-.3393255126968833,-.3394077547119075,-.3390260617859806,-.33847680255485246,-.33749888936998196,-.33641908523508957,-.33496672338345934,-.33343969670293366,-.3316243506419184,-.32972754550858246,-.327653346450029,-.32547213765741073,-.32323551007397794,-.3208647016945453,-.3186249283200574
.008744317741273452,-.000664319753711058,-.0025997136238884743,-.005701944773255458,-.009894316229427564,-.01508278636387041,-.021189389454032533,-.02813060140041337,-.03582732998278677,-.0442028990389527,-.05317302489708282,-.06266952310423328,-.07260464995422491,-.08291680243396392,-.09352113356309891,-.10435761666801734,-.11535475388253015,-.12644647539155177,-.1375860757278359,-.14869308779121768,-.15975486799538266,-.170670877491155,-.18146707299705075,-.19202131051092095,-.20239704869910308,-.2124530741708537,-.2222842924665406,-.2317364745994572,-.24092625686152386,-.2496951986650141,-.258169640621355,-.2661972729887842,-.27390126178055046,-.2811458648350464,-.28803895473557284,-.2944705173821652,-.3005236032914595,-.30612015152140765,-.3113134674630008,-.316058958152639,-.32038146086213304,-.324265433575571,-.3277154305973799,-.33073415871077394,-.3333207221082956,-.33547972703574896,-.3372241512710602,-.33854159585328614,-.3394781375127732,-.3399879367467184,-.34016462175592443,-.3399240341402611,-.33941203082191,-.3385198681310781,-.33742658870850034,-.336004354866609,-.3344266273668086,-.3325740399862652,-.3305946926090241,-.32841861787953763,-.3261348308708584,-.32374353756216157,-.32125645931410607,-.3187525373824055,-.3161378528250895
.04781570774348258,-.0007116338047943052,-.0026617014932447994,-.00587033277506729,-.010198864182466367,-.015571283654901265,-.021888776734699696,-.02908723543360665,-.037068445842816045,-.04575451624638819,-.0550629563219635,-.06489733448055554,-.07519470506398988,-.0858446525725992,-.09680006354894435,-.10795137862316537,-.11925415572957747,-.13062224931727145,-.1419945133173442,-.15333067951350976,-.164534878415969,-.17562851607155905,-.18647029044015492,-.1971485905812178,-.20747562001978187,-.2176012287876402,-.2272988977496849,-.2367657370362574,-.24575129293555018,-.2544796737675347,-.2626960396128071,-.2706278989252471,-.2780374922832074,-.28513183336337333,-.2917105220359561,-.29793943435342335,-.3036713227541302,-.30901733869908665,-.31389107301652747,-.31834601785673133,-.32235308068793017,-.32591838745527035,-.3290539043108576,-.3317421293987868,-.3340076066579272,-.335843921610155,-.3372517635849932,-.3382747006865,-.3388529464411667,-.3391126563267703,-.3389060870035234,-.33846205937458235,-.3375497716991862,-.33648836568864565,-.33501636185493544,-.3334661879207742,-.3315464825315594,-.3295758379872359,-.3273189801830518,-.3250032127571191,-.322522102728204,-.31995125897351095,-.3173360339260203,-.31459217854974664,-.31199206537353813
.004668245552423731,-.0007024500083643629,-.0027505420377150363,-.006040531797740645,-.010500550942028234,-.016028802163115728,-.02255398891467834,-.029975223198698907,-.03821764758832439,-.04718250726870579,-.05678412835887424,-.06693312873471753,-.07753223322424702,-.0885056029505677,-.09974998320109539,-.11120198452120623,-.12276424212938254,-.1343792330737723,-.1459693839699392,-.1574736266033223,-.1688455272736308,-.18001237226071762,-.19096558686663404,-.20161670485449293,-.2119951496269117,-.2219969400353715,-.2316839917550259,-.24094109155581356,-.2498532498230164,-.25830142960008934,-.2663820363728952,-.273981470715696,-.28119484073952555,-.2879236082820778,-.29424966671225666,-.30009791937901725,-.30552795720575937,-.31049345677109447,-.31502730978251375,-.31911239337937924,-.32275685055358133,-.3259674510256591,-.32873685783597123,-.3310839940588377,-.33300127340367497,-.3345030010846987,-.33560060041909995,-.33628546611155874,-.33660670029589007,-.33651544934531624,-.33611188477605003,-.33528871490363327,-.33419668573847533,-.3327289437566335,-.33109260478932084,-.32914879795769,-.32706148991873596,-.32469896463852066,-.3222345449719242,-.3195891872309397,-.3168638735169404,-.3140488636138894,-.3111519592226468,-.30824615876533457,-.30523563393293884
-.038479216638641976,-.0006922752798176746,-.002800905500234568,-.006175938234288351,-.010729320733487596,-.01641868450152449,-.023113651788324384,-.030763366237173392,-.039238514361549376,-.04847509776155714,-.05835576926771013,-.06878911264874282,-.07968625944090234,-.09092531515206034,-.10245103664425785,-.11412575990666442,-.12591710217561142,-.13769678589228967,-.1494361396211245,-.1610421843272946,-.17246655829161495,-.18367264867855734,-.19457677863429548,-.20520761975586246,-.21544071912741666,-.22536667314270237,-.23482456270253954,-.24395408608355446,-.25257023825154157,-.26084244619176045,-.2685793712354634,-.27595710980375354,-.2827982168333767,-.28926189473735486,-.2952038890290279,-.30074637731487697,-.3057929450549925,-.31041598800141673,-.3145736618954001,-.3182864562194547,-.3215615514981572,-.3243802346313422,-.32678109498460484,-.3287314647815476,-.33027157886466907,-.33139040287889254,-.33209309423262434,-.3324293640972264,-.33233566695144345,-.3319518096781701,-.33111861950595545,-.33009270930724155,-.32854753829516403,-.326860937138707,-.32481836295678634,-.3227068299446925,-.3201933299341383,-.3176808838120866,-.3148867419757159,-.3120738691630381,-.30912504263603147,-.3061209575803376,-.30307180456512883,-.29990804231873586,-.29690119384607483
-.01585094636406228,-.000733348440536101,-.0028650936988632047,-.006309505368740265,-.01098795148687453,-.016797947382519732,-.02367560589903696,-.03150096720628491,-.040201337642366504,-.04965566868281143,-.05977679272277327,-.0704519382418397,-.08157601515379753,-.09305580128850058,-.10477427003255652,-.11665917455895562,-.12859382614217588,-.14052359745884152,-.15234917979770907,-.1640219334364418,-.17547167598996874,-.1866456801948389,-.1975129738926749,-.20801009633875508,-.21814541332178056,-.22784254130685047,-.23714414614837512,-.2459634021456131,-.2543679606312699,-.262266470847718,-.2697398056120274,-.27670050340029145,-.2832297711454762,-.28925296245128135,-.2948397879241135,-.2999363206583784,-.3045912994255516,-.30877683448620236,-.3125173710287069,-.31580968147649224,-.31865593095451056,-.3210724133862047,-.32305005348137494,-.32461222191794253,-.32575431359983137,-.3264892397728415,-.3268367312092064,-.32678229149940186,-.3263888136057997,-.3256072677862951,-.324544028655235,-.32315299537752756,-.321479926629337,-.319378786582135,-.3170818853853171,-.3145330336892953,-.3117811721805044,-.30881325786136093,-.3057794626729709,-.30260341795642876,-.2993911794056579,-.2961351720977897,-.29281346192329144,-.28947100733331227,-.2860296748764312
.00677732391051314,-.0007408010020792595,-.0028863470087678576,-.006398561522416366,-.011149411500930698,-.01710333918099051,-.024108289005739542,-.032134353324910804,-.04101518404241004,-.050701011347203916,-.06103838683621046,-.07193942114135841,-.08328526196817254,-.0949503363979773,-.10686253203586907,-.11886911213745956,-.1309340658229128,-.14290692519814457,-.15477514134290257,-.16641353067999234,-.17780060059207384,-.18886819087693554,-.1995674332576112,-.2098950366260677,-.21976567188541882,-.22924004982093732,-.23819638560471165,-.2467480618738691,-.25474698393668244,-.26234011604070345,-.26936941322568597,-.27599177621919596,-.28205886126333796,-.28771399205022274,-.29283738223290207,-.2975391216970194,-.3017405121016365,-.3055066477489219,-.30880937612170684,-.31166451005379,-.31408403071316804,-.31605380988282744,-.3176081493636116,-.31872697422726437,-.31943679916478324,-.3197488164826873,-.3196428514831185,-.3192026797836659,-.3183313700006839,-.3172104391313879,-.31568827455278836,-.3139384845361753,-.3121411206313651,-.310116491650542,-.30727931761300326,-.30408248969403157,-.3009633006073191,-.2977728999523059,-.2944022466698798,-.2910650351257972,-.28761971873038467,-.28414619324338597,-.28067441734411275,-.2771530255935591,-.27377641751667525
.017452856505973807,-.0007480575288420944,-.002952074533990522,-.006510223818197646,-.011375462899921165,-.017426673204055023,-.02460063056746009,-.032762192512252215,-.041838536625189424,-.05168477608785231,-.06221028454160399,-.07327580975317503,-.0847712183151246,-.09658268773929946,-.10858546269929312,-.12069551174285652,-.13278334512524848,-.14479008816708225,-.1566078839254376,-.1681888858871838,-.1794543735548317,-.1903608369146959,-.20087183031129965,-.21093734424406693,-.22056057896085252,-.2296810110344699,-.23833796033420912,-.24646101810301296,-.2541169061997945,-.26122684184040623,-.26787523543352965,-.27398270710102424,-.27963608928199757,-.2847643950530301,-.2894433671925342,-.29362547055323457,-.2973605841311538,-.30062482126192147,-.30344927098031227,-.3058261221844255,-.30776759381015467,-.30928385589695573,-.31037787282337553,-.31105997956452114,-.31134356118987033,-.31122170096779866,-.3107377917479874,-.3098512068591336,-.30865322349338803,-.3070557680928852,-.3052001625073849,-.3029330491095664,-.3004005048749357,-.2977353215440349,-.2949236941368847,-.29178183076121916,-.28846347384384563,-.2849271985920424,-.28136118525433745,-.2776677384327996,-.27396111173934656,-.2702132518001648,-.26647880736389645,-.2628119172755392,-.25909766211447344
.028128389101513804,-.0007662373223616217,-.002955005555197179,-.006583311373070158,-.011505119724337931,-.017689609090596522,-.02496869648906197,-.0333145842900505,-.04253264982791708,-.052574478255379795,-.06325165212574808,-.07448390953186207,-.08611830501743478,-.0980292236640367,-.11011963273070663,-.12223753089482717,-.13434623775460952,-.14627856463283717,-.1580047886795907,-.16941096460136865,-.18047173314195833,-.19112593673114037,-.20132734310469166,-.21107314473708008,-.22029215358551776,-.22904387133033324,-.2372219632811672,-.24494187886313898,-.25206426777587654,-.2587511162577933,-.2648392208607456,-.2705082875283526,-.27559607650151363,-.2802722283099002,-.2844007720237701,-.28810868001677076,-.29131813704777976,-.29410632517284224,-.29641894285816184,-.2983089247561417,-.29976147377576506,-.3007959651540586,-.3014101646479196,-.3016280872455754,-.3014202419337655,-.3008604618223824,-.2998639826657734,-.2985840005360193,-.29684405215258053,-.2949072115729152,-.29248356216728494,-.2899552564710086,-.28703905814417624,-.283913376836119,-.2805941064999611,-.2773049611269352,-.273590637216355,-.26999048005402476,-.26609991597174876,-.26229539391504536,-.25835664521173746,-.2544514395378819,-.250579284460375,-.24666691230767382,-.24291052682356185
-.009815582253158357,-.0007690229391930877,-.003028847139699589,-.006711262737605947,-.011748450967383136,-.01802527189287612,-.025471382534987215,-.033933248000684924,-.043326672907824354,-.0534836300296289,-.0643037496117912,-.07562752593378301,-.08733733861749365,-.09929840847519036,-.1113813194820432,-.12348387268600558,-.13548014817425447,-.14729961703795635,-.15883597288819626,-.17003491698418965,-.1808302715087623,-.19117240106947928,-.2010377036639227,-.21037551856273756,-.219204139198362,-.22746344737564286,-.23521081299509747,-.2423731458339108,-.24903825357759335,-.25512177714553974,-.26072918993936767,-.265773366678065,-.27036206018627384,-.2744159032281827,-.2780310813665947,-.28114356508869187,-.28382890034868463,-.2860415537370872,-.2878377162047749,-.2891899500741019,-.290136888417111,-.2906601225486718,-.29079402870156495,-.29051645723496317,-.28987659459210074,-.2888296568303266,-.28746021377096,-.28568414720481694,-.2836395827577453,-.2811900323001306,-.27853615241842167,-.2755173805315509,-.272330950071383,-.268796307038008,-.26521054656005766,-.26139333097882045,-.25756351820887347,-.25349342323884105,-.24944658613249243,-.24526143314051282,-.24110925805938696,-.23693307350639686,-.2327824734406175,-.22868623194189008,-.22454278542149803
-.04775955360777962,-.0007439068329986239,-.0030627830939446185,-.006816995293377891,-.011922109721166058,-.018344431725307996,-.025897796190854822,-.03453825590649473,-.04404897068190959,-.054374035769882666,-.06529560261544612,-.07672968814632287,-.08849493902044284,-.10047107663260463,-.11253187676597087,-.12453547689414197,-.13640663281836668,-.14800931594455988,-.15930299349388582,-.1701849121530861,-.18061746878710241,-.19056140609929248,-.1999539477290982,-.20883367107364773,-.21709841840749305,-.2248621297827076,-.23197989199141272,-.23862704859783562,-.24462302438869465,-.2501842694139435,-.2551086626230866,-.2596298595619662,-.26354429460016676,-.26707736959981415,-.27004336383884375,-.272638537457667,-.274706841428864,-.27640695862077774,-.2776200984804744,-.2784661318235687,-.27885379708215824,-.2788832443759022,-.27846785307765404,-.27771997900422096,-.27652528340271576,-.2750484661403696,-.27310636191785964,-.2709585168080574,-.2683205822347956,-.26557365093996727,-.262320952817108,-.25906889766391056,-.25529474520258844,-.25161640611144426,-.24748853092600684,-.24354430249884776,-.2392219317679624,-.2350946163311143,-.23068174454932908,-.2264267352227045,-.2220338925489638,-.21772614270748925,-.21342454350520448,-.20910754749566188,-.20492787742422183
-.0041135334454817365,-.0007971134041650436,-.003148903291166215,-.006992073141592238,-.01224782110416075,-.018791582278921044,-.02652897390447878,-.03529219937361008,-.044974812197618015,-.055389857082086824,-.06642013437998177,-.07788489052846752,-.08965815672354176,-.10158526481030652,-.11353806223364389,-.125396940856752,-.1370454990977856,-.14839811879720002,-.15936647404630444,-.1698859287059208,-.17990968444363248,-.18937914109464069,-.19829848605270026,-.206603637033989,-.21434985157467296,-.22145962927504398,-.2280311286197059,-.23397049326513955,-.23940641036516502,-.24423143950357018,-.24859102662539853,-.2523717295413085,-.2557217784255145,-.25853053953963917,-.26093619805792506,-.2628378632907744,-.26435525314924196,-.2654025882801193,-.2660796876461984,-.2663147848696963,-.26619227959680003,-.2656464596865497,-.2647608051224349,-.2634619275202024,-.2618525744350851,-.25983261640658717,-.25754622308489195,-.2548486769331898,-.25194459418629145,-.24863407336590007,-.24519027184533765,-.2413538082061803,-.23745774941555756,-.23320724714413033,-.22898125003089806,-.22447633592785418,-.2200499107864529,-.21541320017043747,-.21086849701054997,-.20620327321357126,-.20162196076833222,-.19701962557970115,-.19246889749004345,-.1879646598440401,-.18343434072621817
.039532486716790646,-.0008346417076660418,-.0032167498603410992,-.007174413844088833,-.01255751651847235,-.01928233154136907,-.027164946927174933,-.03612332115878816,-.04593112358321378,-.05649790688826453,-.06759506256522062,-.07911764641162809,-.09086742351073455,-.10272508328901035,-.1145404699849624,-.12619068944640255,-.1375727509036747,-.1485852561828556,-.15915207873297024,-.16922072613711786,-.17871195550253227,-.1876475324069947,-.19591932572897972,-.2036365304742529,-.21064664233734362,-.21714251244495625,-.22292135091542314,-.22824368905041026,-.23286192943249204,-.23708178384611267,-.24062642567733017,-.24382120714231983,-.24638085970862286,-.24862473203644522,-.2502787678025331,-.25163580247091294,-.2524469967602029,-.25296866801742607,-.2529821598955782,-.2527103453251986,-.25195531193908266,-.2509264979793023,-.24942283160145468,-.2476754867381081,-.24544445224901842,-.24302629978762458,-.24010158496963022,-.23707387582723022,-.2335124549555526,-.22995297286818345,-.2258409350933302,-.22184333055451277,-.2172967232457619,-.21296940645799853,-.20814316318110843,-.20361101756083128,-.19866625892341036,-.19402641567089857,-.18909002203542571,-.1844040924238554,-.17956632550403548,-.1748772119455851,-.17017242261683224,-.16549113128580592,-.1609108938954709
.015051524688964191,-.0008494952559054521,-.00336358104271356,-.007459339601753362,-.013036709012550824,-.019950199763960723,-.02806094797986983,-.037186449850373164,-.047179397477640446,-.05784027302239147,-.06902138437861713,-.08053136231259843,-.092229216369803,-.10394925359982467,-.11556549586332168,-.12694690703311928,-.1379940244387762,-.14860730429470712,-.15872599069324647,-.16826860141296046,-.17722453537033728,-.18551566823674398,-.193190063230594,-.2001627407334907,-.20653930525923653,-.21221850483397448,-.2173517429017909,-.22181560770837297,-.2257932148210597,-.22914119517130177,-.2320600112617575,-.2343944742501164,-.236347844533819,-.2377628415287251,-.2388325750019076,-.23940584864554373,-.23965746066151689,-.23944721160258914,-.23893048755416257,-.23797719422256447,-.2367303278624397,-.23506181144209393,-.23311804924588275,-.23075810318997045,-.22815386157344061,-.22513221531858152,-.22191405510311757,-.2182761708372822,-.2145066689847068,-.21032196627887825,-.20608329260580466,-.20144869852318964,-.196842717293193,-.1918838152121305,-.18703105187503005,-.18189298037826615,-.17691217115959143,-.17172756035342945,-.16671117791970927,-.16158424624634515,-.15660027869183743,-.1515972232166002,-.1466832260938416,-.141808356728688,-.13693756793234158
-.009429437338834144,-.0008833424943715668,-.00352313826221215,-.007796465220689913,-.013585783410941833,-.020743467323317395,-.02908082547449213,-.03843708733071236,-.04859586773553564,-.05940082926368001,-.07063558264658742,-.08215422153001725,-.09376216847758853,-.10532846887524139,-.11669452294724741,-.1277579437370988,-.13839357750224762,-.14854426952120453,-.1580979030632938,-.16706464696747697,-.1753157527284945,-.18295082197588974,-.18980217801128052,-.19607179656987314,-.2015419027141122,-.20650674314684261,-.21068862617658457,-.21445472759721396,-.21747044372174654,-.2201534987727235,-.22212893357752653,-.22383803881299208,-.22488855381869646,-.22571803112858402,-.22593869059321642,-.2259631219535538,-.2254231403999323,-.22469687138208955,-.22343988730820785,-.2220016650584747,-.22005116854272785,-.21793236182220946,-.21530170639999233,-.21253628531406651,-.20924185122468428,-.2058752247866243,-.20194993946756287,-.19804454769082128,-.19354916555861704,-.18918698815131418,-.18421626360508656,-.17949820800343877,-.17418127927155325,-.1692235216382413,-.1637171690560021,-.1586382579598576,-.15310326546531125,-.14799807495791548,-.14256593917473478,-.1374904232590449,-.13223758347332312,-.1272103135445259,-.122139181635349,-.11714306002045133,-.11219519318607932
-.017845200319821685,-.0009528010335876436,-.0037287965609955668,-.008242830818693342,-.014302783640943296,-.02174985238994295,-.030373340555040027,-.039975005357214606,-.05034253842793885,-.06127446326691924,-.07257646275636415,-.08405994021360533,-.09555953768807103,-.10691223662287452,-.11799156905428783,-.12866659677338613,-.1388579777747625,-.14846180142231763,-.15745034457305113,-.16573041091895385,-.17333307121428265,-.18015843934547837,-.18630495769606453,-.19166629858640477,-.1964086171701868,-.20040539896730467,-.20386713604388976,-.2066370707605563,-.20895801020695154,-.21064489120063634,-.21195946491793613,-.21269784576867706,-.21312507527737254,-.2130295591832359,-.21266578674929715,-.21182366166081948,-.21073917640769144,-.20920894057490147,-.20745067272109152,-.2052667769997167,-.20286598546557383,-.20004794408147783,-.19703047131891713,-.19359460879004425,-.1899913220929754,-.18596295849962446,-.18181812731041663,-.17724258400582635,-.17262025649309565,-.16757147962897279,-.16255917974166803,-.15714314547299407,-.15185077178074594,-.14620109771699252,-.14075164842389365,-.1350142071345353,-.12952398255236683,-.12383218694818075,-.11839053649970119,-.11284243911033834,-.10750222135235216,-.10214209833384846,-.0969146451836506,-.09171589188908981,-.08655659456691671
-.02626096330089694,-.0010045337111304435,-.004017396268413345,-.008789416478829793,-.015195686249854012,-.02297000845145909,-.03193484354303779,-.04180925814519884,-.05241234782629972,-.06348232062068643,-.07484676391257837,-.08628590094381047,-.0976417581998578,-.10875110234583298,-.11947375767495111,-.1297166142771487,-.13935398160516388,-.14836901687796342,-.15663212744468374,-.16421354501647017,-.1709482212303225,-.1770114584353968,-.18216868316141313,-.18672941166332627,-.1904157559306572,-.19362176904521847,-.19599757550416735,-.1980152666540927,-.1992524068539743,-.20024008352644676,-.20050231952983918,-.20059953220184512,-.20002856813713274,-.19934885156479376,-.19805380294986769,-.19667955488798017,-.19473201653788935,-.19271592907762705,-.19015343355758565,-.18752679160865932,-.184362508804119,-.1811474400355064,-.17738408799363184,-.17360659298016204,-.16925291499543843,-.16495381650388918,-.16003972063752744,-.15528060725771792,-.14986928170749553,-.14473497981818936,-.13892879225393318,-.13352578043535535,-.1274637881116735,-.1219131602977307,-.11575898865954813,-.11017962050442724,-.10409716733351598,-.09858063520718885,-.09269971790214497,-.08729051186082178,-.08167188879180845,-.0763639517014092,-.07097793553921598,-.06572626615260183,-.060458842669670665
.010509137636281609,-.0011063508583137925,-.00430693045637799,-.009427522500754616,-.016190972387200454,-.024387282333669838,-.033701101510251165,-.043924252006363344,-.05475640939762269,-.06600668781840259,-.07741426791279381,-.08881360492828524,-.10000027997399988,-.11083365715925798,-.12117822616398236,-.1309217844323304,-.1399998682280134,-.14832618277413864,-.15590030546888073,-.16264039830618154,-.16862513997327314,-.17373015069203043,-.17809100555099613,-.1815998804294131,-.18449155794030284,-.18661503413035613,-.18822673516201618,-.18914423058065322,-.18966063180896311,-.18955673805319018,-.1891483008899886,-.1881897031647061,-.18700116028968602,-.1853232173706491,-.1834648024252792,-.1811621461782883,-.1787057577915275,-.1758331573226333,-.1728187929055023,-.16940057063332245,-.16584870493638004,-.161892123159584,-.15781722856296243,-.15332759083691577,-.14875210449580686,-.14374777258336452,-.138711133769482,-.1332348646539981,-.12780041388699986,-.12192879219835615,-.11618723402470468,-.11003297284381831,-.10409975380497076,-.0978041054470034,-.09180661267759381,-.08552053899076659,-.07957579237035033,-.07343318659913768,-.06762539191536038,-.061715431161177635,-.05608028827654118,-.05042455853696868,-.04494725409451315,-.03948759222462276,-.034104249372829944
.04727923857349987,-.0012471495787112939,-.0047334030962434106,-.01021692701857599,-.017481853038263166,-.026086282484928322,-.03587998752042263,-.04641052457881637,-.05756298454473221,-.06892741409446496,-.0804185559366472,-.09170049597730517,-.10270105829524706,-.11318788983319109,-.12307823498961253,-.13226708888257382,-.1406611256890391,-.14825532950085576,-.1549422675125983,-.1608316633440573,-.16580364991970073,-.17006293451955057,-.17328125948959747,-.17591227333291107,-.17766104575438008,-.17895358677323903,-.17939461220487765,-.179530700537356,-.17888303836275724,-.17806719685051983,-.17653494787818902,-.17493732268647205,-.17269055687791715,-.17044573554718703,-.1676068058252955,-.1648037122613077,-.16144331826443423,-.15812970726095055,-.1542756388898395,-.1504718027058756,-.14612356058597045,-.14183947680806874,-.13698532658653237,-.13223517683773597,-.12687394393889675,-.12169173735957593,-.11584723319409601,-.11029072625541567,-.10402615742251861,-.0981801272823322,-.09160279319554789,-.08557611209380091,-.07883315662786615,-.07275062678724134,-.06601381985895731,-.05999674006260401,-.053434449461637036,-.047571458470317074,-.041312360840792095,-.035636847901921564,-.029724544425066952,-.024205586704442433,-.018578701560596725,-.013143724980061614,-.007633187665746837
.0033612316173856163,-.0013315350315429228,-.0051127704258198525,-.01105916293144916,-.018744246611290212,-.027899409792478104,-.03807737687591226,-.04905948043504884,-.060431191729383826,-.07203005513099629,-.08350786934136627,-.09475015683876324,-.10549491998861403,-.11565752807486374,-.12506661571398375,-.1336742355547425,-.141358768721307,-.1481510477257367,-.1540329265372319,-.1588733147839841,-.16294339087017673,-.16610176106406746,-.16845962271102533,-.16998517505638042,-.17096907041907183,-.1710805219445583,-.1707551164103026,-.16973337852587772,-.16836064868124664,-.16640021414023606,-.16420296453845035,-.16150813379530632,-.1586645980076372,-.15539128488175805,-.15202459340964647,-.14827241971094152,-.14445312043872743,-.14026967060061404,-.13602806742290746,-.13142396961640734,-.12676699909728376,-.12173506287241433,-.11666223248829052,-.11119334077046893,-.10571688533836811,-.09982012971763007,-.09397083498865491,-.08768319828933054,-.08152037164519582,-.07491747487110301,-.0685307633434139,-.06172843689038194,-.055236328856738244,-.04838169906362241,-.041914921937808144,-.03516608995158881,-.028843333330272534,-.022334562533494005,-.016239246315957148,-.010052326232305097,-.004201870882529988,.0016628252975713796,.007307191326398186,.012938207634678681,.018465709002504622
-.04055677533855308,-.0014620959637501854,-.005697202769930355,-.012087394630004796,-.02040732980765402,-.030022111009978494,-.040797312957698714,-.05207677648008199,-.06384100038480722,-.07548188921718958,-.08705294043021357,-.09805853086111874,-.10857139298148887,-.11823683541340607,-.1271435169328892,-.13504071758593905,-.14206760809653848,-.14786160077092939,-.1525638128472707,-.15663150361283068,-.15929117306515606,-.16115492896830577,-.16261582656117296,-.16348244674823162,-.16300396770377953,-.1624879894818969,-.16091303786547045,-.15911552119229935,-.15654411541271782,-.15386365959490816,-.1505271162021711,-.14720120258560668,-.14329746140845057,-.1394806282641677,-.1351406023569831,-.1309244100158255,-.12621448756147416,-.12163996503900552,-.11657495075305242,-.11164926799943162,-.10621141822409508,-.10092958945457071,-.09509306734524527,-.08945615453496635,-.08320590062727702,-.07723743763903841,-.07058932526939857,-.06433988153313343,-.05735299524329998,-.050902111508640324,-.04368470988572687,-.03713804248338759,-.02983980997865649,-.023323846264777456,-.01612493018204602,-.009760234776805779,-.0028323250072916605,.0032913477429863582,.009818718569393288,.015674728553362587,.02177300158271407,.027414025292099187,.03317299331843287,.03869924915571246,.04432924007401685
-.013974841499381845,-.0016167327978717763,-.006114371880206318,-.013051208270213192,-.02181496368381585,-.0320643410200868,-.043195703969301065,-.05498622307002316,-.06688592055702841,-.07878203536379548,-.09021874419323177,-.10116070471788821,-.11127069131644576,-.1205642861346532,-.12881932462871865,-.13605539577862566,-.14215629779316485,-.14721896630105466,-.1512130564085151,-.15406991306909065,-.15603422617661217,-.15707840149211522,-.15728222014118828,-.1566569952268055,-.15550441172227658,-.15351818962845087,-.15112527678258814,-.1481046444241195,-.14478342401592986,-.14096024919383052,-.13696425714321347,-.13256560015140026,-.12808975754225843,-.12328150716337605,-.11845361319368275,-.1133335980572447,-.10822039765296687,-.10282685280122303,-.0974459213882258,-.09177377693548666,-.08611471623092015,-.08013794363016409,-.07418700776663116,-.06788457366939817,-.06163880283392114,-.05500587701619126,-.0484867514662507,-.04155129634021403,-.034808005114768274,-.02763843195628459,-.020753496390545526,-.013463389052479346,-.0065514388495087825,.0007106081197513444,.007517928257927885,.014590259743273238,.02116885146980879,.027911434332337372,.03418638516288817,.04052305783973105,.04647882593416488,.05242465544351862,.05812477389014545,.06379715976877157,.06936163587024914
.012607092339938125,-.001811671092671057,-.0067916516219085794,-.014201263127892749,-.02368515744213675,-.0343630253480058,-.04614904040796908,-.05813467566882499,-.07043849200688218,-.08221889185243854,-.0937167411191169,-.10422885687556965,-.11403945868144362,-.12263041642768906,-.1302515540792352,-.13659757400467842,-.1418623661599403,-.14590846435705893,-.14884956977247762,-.1507219846565781,-.15157004162071647,-.15155799822384242,-.1505179227739154,-.14882961659168098,-.1463528448800366,-.14342546275073442,-.13979042824993942,-.13590617828964627,-.13142246924144255,-.12685977017765776,-.12178925759898679,-.11676390328045973,-.11130684555357342,-.10597456503991957,-.10025985004685707,-.09470985497374727,-.08879600330125499,-.08306005315600386,-.07694651603796007,-.07101623495078535,-.06466649258164389,-.058519579040510694,-.05189134041847398,-.04551759208816617,-.0385832112488399,-.03199372134179303,-.024758467051405556,-.01799156985249849,-.010503869634446081,-.0036260238002133864,.004013828344032187,.010906744261864807,.018550202817386077,.02533975211034031,.032806322640063904,.03937203300241482,.04648302842936179,.05273461124563247,.05936459036085944,.0652825177479773,.07140428496082003,.07704907998135074,.08277360107959679,.08827089973420892,.09382643248536991
.018842650489531522,-.0019169272177619746,-.007185926137423879,-.015132027627880745,-.024975555067722012,-.036275378483750294,-.04826684964281244,-.06072724109453378,-.07297006816554841,-.08494366441500839,-.0960798056060469,-.10644627139988042,-.11561912703721951,-.12372753435837065,-.13049969561991484,-.13608415681949018,-.14034926186986596,-.14343884226772122,-.14532354022743169,-.14611602890620765,-.14588333732401015,-.14467805889493363,-.1426181118784224,-.13975032075027727,-.13627240029564572,-.1321712453652588,-.12764824188991516,-.12264766221737872,-.11739495115812854,-.11178654443463779,-.10606052209915576,-.10007492078382108,-.09406747671444476,-.08786777583815014,-.0817038414880976,-.07538185991623457,-.06912043324082008,-.0627016885296642,-.05634594957304509,-.04980609783361368,-.04332696678260507,-.03662215018546458,-.02998973189164023,-.02308448748940532,-.01628545217534215,-.00916430268588539,-.0022058567935114995,.005118551327371669,.012204932865088015,.019680483876322243,.026829800744808813,.034355436711550565,.041465520452924225,.04889761782101997,.055841886911029794,.06301822191994096,.0696739173730948,.07645265884108622,.08273930097483856,.08904232190955905,.09494902662991195,.10079706874951529,.1063969940452904,.11192422119689541,.11737974832163738
.02507820863924933,-.0021251811431263973,-.007848042568202089,-.016204975332594025,-.026721323555601202,-.03829359527281262,-.05085977621630913,-.06329081148946859,-.07582785261918507,-.08740941863409325,-.09847272713182617,-.10810761735122205,-.11683132574342263,-.12394799277507243,-.12995331312976266,-.13438326789787783,-.13765604591707864,-.13951160026573664,-.14026562043046828,-.13981932067733516,-.13838222792983362,-.13598346390178553,-.13272677582771691,-.12875781516006063,-.1241174453035182,-.11900758774280454,-.11338445952593519,-.1075031076384591,-.10123657152518512,-.09488024282055325,-.08823987333079109,-.08163174987445702,-.0748136629043948,-.06810650489787735,-.0612322410533075,-.05451110004065061,-.04762853902925518,-.04091554071512732,-.03400640233443144,-.027275129260159552,-.02028098000155551,-.013490797069538821,-.006353761543548602,.0005169054071249977,.00783236604260677,.0147818132857393,.02228387099941588,.029292913891052187,.03695273847647022,.04398028233897205,.0517166067489691,.05868969589177923,.06636587390358563,.07318192433168136,.08062352706829662,.08717046087878827,.09420077848035768,.1003909224511299,.10688076041767425,.11268902355698088,.11861121183272065,.12409768391634095,.1295646655554486,.134868964927716,.14008294937346413
-.009935936118374917,-.002188605326945909,-.008099065146825946,-.016871292176421988,-.027533626576122266,-.03955437780675314,-.052037586383397366,-.06474411663656852,-.0768800261590588,-.08844524371905388,-.09878711274573458,-.10807101775659624,-.11581045686296312,-.12225859782112473,-.12709758662326012,-.13060600654959673,-.13261243098296646,-.13338023971700702,-.1328444552090428,-.13123074076626542,-.12854588549978638,-.12497197249538067,-.12056592950222314,-.11547760420616729,-.1097994280299747,-.10364259251796616,-.0971106330847618,-.09026951576550306,-.08322775026147422,-.0760086393323357,-.06872065817395982,-.06135234032756935,-.054006764927394584,-.046644338906939246,-.03936050900990526,-.03208815124241132,-.0249188460530262,-.0177500571989334,-.010683413648210661,-.003569900083628956,.0034486388639244467,.01057355054128535,.01758935858499268,.024768719113253485,.03180073428312916,.03905847162582564,.046115000597461465,.0534613737562628,.06054130025061356,.06795461984526628,.07502532523781799,.08242925317631479,.08941272363153847,.09667937701591546,.10346460016780026,.11044039410834361,.11691144313753474,.12345461381012847,.12952601092892715,.13555102019859513,.1412022934972201,.14672262149634893,.15202397996532732,.15717528729086203,.1623348564790853
-.04495008087605097,-.0023158887891989435,-.008619763970618857,-.017603338693619474,-.028720433901366596,-.040718697544815496,-.05350685023895048,-.06581362350275158,-.07794823963938725,-.08871017998746726,-.09867693628959676,-.10681613687699493,-.11382456363554287,-.11889689597922609,-.12272589380806397,-.12474650677931788,-.1255716011712012,-.12483971377214871,-.12305616886756095,-.12000533169887095,-.11609036245432504,-.11119254260918834,-.10563458360288218,-.09936313269167299,-.09263906173952424,-.08544680541869326,-.07798589377986857,-.07026134458178233,-.0624129281329004,-.05445756581777501,-.046484783229708664,-.038516014737383204,-.030601465667303967,-.022763887710106588,-.015017451332100588,-.007392532719370028,.00014510201001988077,.0075386090756203615,.014903409084247766,.02211387706744367,.0293988705366524,.03649662941689459,.04377014304709779,.050779255821764194,.058076997751050866,.0650018776175362,.07234826106533676,.07919740879452211,.08659782227474855,.09337384821780467,.10078073976863938,.10744886927848352,.11474941121524557,.12123633104927665,.12827462039106274,.13448963507548908,.14110023072772337,.14696227185180444,.1530147179249414,.15848742322487355,.16394210403940568,.16906708238728882,.17401777898267906,.17893495108503504,.18350672407024332
-.0006483817757887394,-.002345892288956555,-.008615879578331374,-.017764718464686594,-.028709346930382126,-.040807692498425675,-.05309027305932569,-.06527391005543685,-.0765288110903189,-.08686669932976977,-.0956282554043832,-.10303133665882898,-.10860234255549495,-.1126706590141059,-.11493877191497506,-.11576971200627086,-.11500803426717876,-.11300063702638262,-.1096849554701232,-.10536854723443409,-.1000371321192703,-.09395663583219357,-.08713529048082382,-.0798075979641145,-.07198850965066678,-.0638828062753437,-.0554969484062038,-.04700167745790722,-.03838965941189823,-.029799449733235457,-.021210507008928618,-.012734581371927534,-.004340072966458102,.003884878852010768,.011977616614391697,.019875829986706717,.027613689711421596,.0351719431091785,.04257019128085528,.04986849684663381,.05703293233390127,.06418011142633641,.07116646404430776,.07819287085465627,.08501768385340415,.09195690348727885,.09864677743382463,.10554395092814103,.11214686887615405,.1190303169529765,.12556533161380254,.13239678160425356,.13882339716092687,.14550448006116273,.15174329946997628,.15814448258755762,.16409805163529398,.17008413900783606,.17566176956478943,.1811329403515341,.18628972336925884,.1912338367900781,.19601733066535515,.2005526560299671,.20521254683664716
.04365331732371062,-.002451619276915299,-.008834306978533215,-.01791800434781034,-.028948833082231153,-.04061242112522926,-.052725409896772824,-.06401818092017823,-.07474704190513376,-.08376259874155988,-.09162800643614334,-.097385388407339,-.10174905438439301,-.10399759017835562,-.10485785684105009,-.10384018269311167,-.10159924863653957,-.09782592154131932,-.09307635138481746,-.08714919853884476,-.08051120733541023,-.07300965841361433,-.06505080503004117,-.056498957364934474,-.047729464303571716,-.03859598682552543,-.029445694677654805,-.020109427214130064,-.010905087899656924,-.001642390646723867,.007385456672106163,.016384932588720813,.025085673793131872,.033699833632420816,.04198663599074292,.050143964098634364,.05797416900492429,.06564076376498328,.07304551808670529,.08026996400724026,.08743039611893941,.09437322985654771,.10132521979413965,.10797348218777218,.11476790999403497,.12114979200446858,.12783474396770264,.13398792489553651,.1406199782862965,.14661928468500943,.15320018696691992,.1590653905775656,.16551728766573964,.17121994039606603,.17742728044680162,.18291938989028433,.1887437586139391,.19395913897629816,.1992689142740804,.2041495956048587,.20887656140971245,.213421729088411,.21761620961234246,.22194485531531538,.22561959221202887
.015189944689093888,-.0023454887166231508,-.00856179530051696,-.017470341129608727,-.02794503550363033,-.03921646858308587,-.050327952150142165,-.060904949050590344,-.07019629693286956,-.07815812081583233,-.08425311292978935,-.08867346414140027,-.09108509434265458,-.0918065359785974,-.090677749793256,-.08805303785865203,-.08389845429490043,-.07855113107342883,-.07204462028933128,-.06467543386074381,-.05648962848190789,-.04773567216611198,-.03844945912541437,-.028860510845854306,-.01898647230767678,-.009042477426112396,.000995292025381937,.010932871540455373,.020830015164708594,.030510369655263415,.04006028955528175,.04931726210452581,.05838599762484731,.06711981498848757,.07562900834518357,.08378935471189983,.09169641639532952,.09924087147684521,.10647928122144457,.11347472394132714,.1203009428584314,.12700097036509791,.1333998088780676,.13972924680589244,.14579068483848526,.15186756646641625,.157619666088177,.1635217508100786,.16908048428039263,.17490078079750343,.18035901283202732,.1861074176635343,.1914707611357417,.19709794642279765,.2023476119479426,.20777801593000292,.2128539163072196,.21796587804295828,.222768114660161,.22743365920640018,.23186915722759638,.23602267536554936,.24008705766221175,.24380564717291447,.24777451809420176
-.013273427945855697,-.002327695120130943,-.008444967000567573,-.016981320434021906,-.02705056567234137,-.03743663639974432,-.04772899084716471,-.0568697999245901,-.06489254615834654,-.07095047716039367,-.07539965525009727,-.07762661546745478,-.07814839855775665,-.0765920327104449,-.07348736210285602,-.06867229805455162,-.062604185826145,-.05526775506652535,-.047034409228469194,-.03794192138243397,-.02828836580631279,-.018100069896160684,-.007615916007307171,.0031518335793819146,.0139371153565759,.024811835286129305,.035498255484192165,.04614246115372592,.056462978908723364,.06665959792076331,.07644265342013487,.08605253284782544,.09519891098555378,.10414143184681052,.11260936911512975,.12084917483425742,.1286324465663225,.1361694417778493,.1431360359022463,.149752271881115,.15638498231990222,.1626121025152503,.16861419458095692,.17418553876642037,.17990598366387295,.18515894079871267,.19064747581456193,.19547954444186363,.20080740582593298,.2054278239725906,.21065476423257587,.215153590107417,.2202511045589583,.22466109343462462,.22960889516412442,.23396497001535255,.2386678057244489,.24292429165242313,.24724370080595776,.2513001166296191,.2551098869338125,.2588850292262686,.26215667451428454,.26571532584637153,.2683428213644736
-.017210686237978407,-.0022047953875581083,-.00794984275144915,-.01598865410908646,-.025169361068213016,-.03458706352633844,-.04338990669339595,-.051062819198168526,-.05706610731136586,-.061241678789572145,-.0633294309649695,-.0634178735333125,-.061466473829069314,-.05768493765481202,-.05218783078083573,-.04520724808641724,-.03695081665955232,-.02762636212867675,-.017468927157326473,-.00666664467623527,.004577149920266226,.016163219853702056,.027943943547461273,.03979948309422612,.05159984375702963,.06323073794489441,.07466816082032125,.08579919587414406,.0966490418843572,.10710237368686383,.11722359664684655,.12689328995138854,.1362046873610001,.1450429941456432,.15351265738673497,.16151839552908376,.16916655104637848,.17636798780772198,.1834179092812386,.189250581706771,.19554553602489913,.20077573149677103,.20583233042115223,.2106345392088667,.2155509082982117,.21995291572471326,.22430345890265485,.2286331129788709,.2325988780739227,.23677917013056365,.2405812646839963,.24470645611767433,.24845203452003686,.25255140709348595,.2563623259923921,.2604522424295908,.2643151025255254,.2682939585439063,.27208854198198856,.27577395800444177,.2793188543047663,.28254405554207424,.285733884217539,.2884978262580909,.2915983804533048
-.02114794452985272,-.00210334237783158,-.007539747710208166,-.014947842425526568,-.023224088887562708,-.03133351042581216,-.03855687790426388,-.04423523637671094,-.048057601550891456,-.049729486088735377,-.04923130339252126,-.0465818932424146,-.04188820906677639,-.03540616999181856,-.027235750769849083,-.017790615350237404,-.007091957689113838,.00435736844177684,.016606518012935684,.0291961763313182,.042127538134838494,.05504731643358512,.0681529931828781,.08103562950476749,.0937180410299683,.10607921512024968,.11808970144185621,.12970478058666712,.14085883371339028,.15159425369951912,.1617919191561013,.17156836989109805,.1807717507059499,.18955803389541268,.19777591626146376,.20557739049712664,.21282196339445197,.2197132469074143,.22560489653949609,.23408159514326632,.23689845465659073,.24187834249839213,.24613821758352897,.2501557118825695,.2528457978564753,.2575631964517829,.26118301637617525,.2643584175029584,.2678242048942258,.2704641374483554,.27374034126499264,.27624109498915733,.2794787916690018,.2820731944755505,.28535978900945785,.2881804287898295,.2914904490973647,.29451807814127734,.2976919387389364,.3007498603034633,.3035524138798412,.30641626079908224,.30868224979340797,.31130881606762595,.31282966459156203
.011979868404041877,-.001959758174159917,-.006960169471344863,-.01359454093647856,-.020750385853955115,-.02730519906185659,-.032608509862959247,-.035973649791895435,-.03721930853954696,-.03604692425376299,-.03262575915812016,-.026898043072961834,-.019255327731770886,-.009730160517890695,.0011691068961876324,.013418957351006547,.026482006658787267,.04037598928944642,.05466529319571578,.06927324611748581,.08382408720281441,.09834718422859902,.11259404660841238,.12657277695100147,.1400330888569564,.15312587513296083,.1656563106406575,.17770192014194253,.18915168091184503,.20004359299070265,.2103316181248737,.22002861329793819,.2291310243595939,.23764014914033024,.24556974756830866,.25292949854335217,.25973523509045715,.2660010369947014,.27191851373778675,.2764823287670586,.2814700299700621,.28527359010633224,.28867763132978275,.29183241139424176,.2947331232556807,.29689669441954575,.2989464448928874,.3011369879652342,.302788633062479,.3047028950164512,.30613840323231484,.30799435452306245,.3095660071027405,.31164049269556166,.31355549533221466,.3159519827471468,.3182919890118729,.3209356113906845,.32354854347675466,.3261619795846064,.328716343959868,.33095216488439577,.3331569740518135,.33487184751296534,.33692624534412585
.04510768133760568,-.0018611143902160345,-.006339567599045713,-.012219843322963008,-.01797064297797862,-.022866510191038223,-.025751089051997873,-.02658400098914016,-.02461903518418826,-.02035760092165226,-.013315645018417907,-.0043472460011425495,.00695786159483146,.019531434181276428,.03384490810984982,.04872752052965715,.06474079746389037,.08078774743735487,.09731152458416398,.11375816237857923,.13046895611199685,.14660822121344527,.16188057700405997,.1763196073428887,.1907510617309425,.20423025691734548,.2173312981609007,.22956235811301945,.24126859664288292,.25214014327847417,.2624212633656366,.27191532696545156,.28079721691350695,.28893471160063205,.29647471743014214,.3032911475435254,.30954946414670226,.3150882807903945,.3199795189684227,.3240220014463624,.32811970267786666,.3312865583917172,.33417349218724407,.3361048630579694,.33799625829228624,.3388868117929792,.3401314047788662,.34030576780161764,.34113411585266834,.3409819875822396,.34163145510033666,.3414401510766237,.34223572579861866,.34243632254650846,.34361862158863216,.3444783833249487,.3461281012894563,.3476689471547013,.34959573790855414,.3515302530143973,.3533135986911952,.35517607712500204,.35640439441132254,.3579421033864816,.35832595876002366
.0007448650980721519,-.0017306370562915293,-.005904716651939291,-.010810010621017836,-.015292126961110165,-.017971081654947974,-.018482057001773616,-.01601740431690601,-.010881695098484426,-.0027111754125559735,.007798040892265423,.020805000588642455,.0354370175482324,.0518273028923041,.06905552211656908,.08731921537642306,.10573614024068238,.12459360657898386,.14312740103120328,.16157427926072288,.17934872140180852,.19671537530198727,.2132545444419011,.2292268442876869,.244150429216298,.2584780120816488,.2718130983430389,.28447690999995257,.2961765662355274,.3071684949916211,.3172362708231462,.32659094797519805,.3350671332863333,.34284673707660096,.3497857094171101,.35605779404708193,.3615047087911024,.36630002240540666,.3702416161529343,.37368918667799345,.37640933828265893,.3787547468557086,.3801991431030028,.3812742953850692,.3814500278862467,.38139281704726824,.380526846974511,.3797573157819857,.37831368201467563,.3771961787968959,.375590640333234,.37453262582195473,.3732481279330786,.3726957846399245,.37217092033843163,.372417893614261,.3728614405009308,.3739053013033296,.37514879029299236,.37659445471679037,.3780847785689767,.3792819270497442,.38039444727984534,.3809237824041677,.3816929403766985
-.04361795114219557,-.0016086669532699243,-.005257798685297768,-.009316952439832077,-.011837391829074003,-.01237938557612945,-.009458928911687463,-.003737035852459415,.00576408461000303,.01770438283438148,.0328654134210045,.04957588766200165,.06865172671608769,.08830249481562329,.10946457334291448,.1303589285841923,.15205506023315826,.17285224453106082,.19389025383179062,.21365556767222652,.23328839221130376,.2514197099219423,.26935953113736116,.2857610517332615,.3016571306780725,.3160908296029631,.32997948530117116,.3424812365062944,.3543967958588877,.36502711766682366,.3750436657304076,.38387034717087753,.39208288621134724,.3991822596631661,.4056918973328908,.41113092017768976,.4160241853887007,.41984630693733643,.4232323034889866,.42551839821569565,.42758183060418287,.4284592597598967,.4291751445825751,.4285724781907981,.42795097485816125,.425948411610828,.42422249172440446,.42117753585950785,.4187464601681082,.415172001276228,.4125020144841397,.4089778159057968,.40660859830670765,.4037713883233443,.40220096956608603,.4005541731585388,.4000459369201744,.39973151379494803,.4001215290436903,.40074541643686556,.40137583591867165,.40210563060698173,.4021419613023714,.4023362984514262,.40135273101675917
-.013404335150463098,-.0015965476241391438,-.005016967996258741,-.007816566007955049,-.008739310774999464,-.006053859541872714,7451097639557177e-20,.010418203112911445,.023976048344413334,.04101021970266591,.06022931049059049,.081810604355087,.10443139095252628,.12836538528339303,.15234926456853323,.17680922085100234,.2005666612922708,.2241978818999325,.24661938190624919,.26852767161564367,.28895795280900904,.308732710279458,.3269867942965023,.34450408930407705,.3604670203439429,.37563062893180155,.38930914030974995,.40220927220283814,.4137046321682326,.42445013691807115,.4338749870854054,.44258185387091387,.4500489274920956,.45683431456495055,.4624446135065031,.4674123026497437,.4712422465533185,.474483436058364,.47660707788541323,.4782342700626824,.4787465957881557,.47883083303810886,.47773477321819713,.4762561566207151,.4735654926210665,.4706277432576297,.4665671017004328,.46251115524832825,.45754681721237445,.45288417699018557,.44762580627153165,.44298733010873803,.4381449411983106,.4342158897130518,.43048528993369645,.42783112552187746,.4256671965505796,.4244834951931989,.42382422642380674,.4236839606660618,.4237697500939244,.42361909306334805,.42329789609692836,.42219493791611634,.4211367995574143
.016809280842336648,-.001557758495207873,-.004239737796449508,-.00604230787647518,-.0038413984931821524,.0019467834901012652,.013197738867268084,.02800740541358945,.04744987198680664,.0691138189971279,.09396589765624846,.11955815687439533,.14705648344818834,.17407451241301314,.20203958886068507,.22861795907190383,.25549925750666735,.2803742212919667,.305171026534237,.32762310194088295,.34983115717834234,.36960774650212896,.3891074899496334,.4062321966204107,.4230351835703843,.4375657994292684,.4517881936265357,.463858847713062,.47566035652082683,.4854366642061731,.4949732443842074,.5026108696280751,.5100309586444245,.5156642913308199,.5211055764402263,.5248336365380845,.5284117843259731,.5302997461693257,.5321139315050477,.5322103078888116,.5323295840413736,.5306419785784242,.5290625096101041,.5255631438426448,.5222969399110532,.5170797151399675,.5123018252911095,.5057033483547012,.4998067801234403,.49239118846208263,.4859688268520804,.4784743836115073,.47226485025538045,.4655342794892456,.4602988879725071,.45511159798657713,.4514361081166696,.4482332481048124,.4462006732415816,.444709813265193,.443535521392688,.4425469195482021,.44074687054900996,.4389459901537132,.4356653876687224
.017443736336879925,-.0017253905587448699,-.004447656592991066,-.0040494527631487675,.0008017028909884612,.01188477334570633,.028135088308036623,.04952553542131814,.07445137507826781,.10235136261730757,.1319252172422215,.16266710204408427,.19364855521814492,.22458401803242933,.25479741643216824,.28422820431211027,.312334904143447,.3392624558798404,.36453166804990167,.38846052220953964,.4106148726850867,.43141834090147135,.4504885038237951,.46825172476127735,.48438236621204994,.49927493408988616,.5126565924644323,.5248995600679872,.5357515674548318,.5455582646621965,.5540852095499292,.5616326216296215,.5680005736158681,.573429945125084,.577762265202128,.5811834033333871,.583559783067155,.5850536658912454,.5855141211632872,.5851296723955658,.5836774080753819,.5814183576214682,.5780281550538001,.5738861388844635,.5685874866289705,.5626513582684903,.5556455343029523,.5481923212230854,.5398950123652534,.5314108143635722,.5224339104747769,.5135988488490787,.5047243532584385,.4963633861680565,.48847102343187876,.48144512175218085,.475342488650976,.4702990914947013,.46636410507766557,.46322460664977205,.46085005632071785,.4582985163680411,.45572205902083757,.45192595617497194,.4479972245240343
.018078191832241,-.0017356061303640817,-.003219541572361955,-.0007013003173039142,.009655905429167848,.02646733518306394,.050346403928265386,.07877160152290649,.1107592840259909,.14495789710334242,.17993889843962516,.21543459644028662,.2500355447040781,.284119151066967,.3164715982183835,.34771526985971485,.3769120958294045,.4046870154112295,.43039177503897647,.45455559683884,.47672854461625824,.49739718831635454,.516138192901892,.5335221146706162,.5490451517420452,.5633928707827862,.5760183604463892,.5876273630759226,.5976829008037483,.6068545643814539,.6145841047606663,.6215556756863718,.6271124169167096,.6320354230942675,.6355173785245654,.6384693596560514,.6399498794916981,.6409419873933829,.6404672111296108,.6394540898402831,.637028123424085,.6339394976591608,.6295421832076763,.6243523991386409,.6179963573597346,.6108121032396583,.6026078155735878,.5936962097622285,.5839084850617794,.5736884890958788,.5627813827023203,.5518553392697112,.5405073776398174,.5296700791077324,.5187638050506616,.5089519060163862,.4995085058328689,.49165999239285785,.4844854678186363,.4790347699116182,.4738436268823535,.4698432466397278,.4644487735745766,.4596202035108799,.4521661186553761
-.015089861320469838,-.001583776553223987,-.0021843095496990057,.005775336487248059,.02202857169097867,.04803517104312788,.07995620323103036,.11668722582701989,.1559096858882628,.19603027090150718,.2364719050239805,.2756228455586573,.313873436400525,.3498850178593663,.38429142759127344,.4162875703557866,.44629101697647694,.4740825593000946,.4997226978594579,.523437851233351,.5450383218526454,.5649539728583086,.5829224765094001,.5993892333897052,.614103916680561,.6275015738118261,.639310337117542,.6500096013425928,.6592489895812432,.667556955931898,.6745239245146342,.6806573754620838,.6855646697435394,.6896559949856199,.6926069142635577,.6947141702393326,.6957213611071564,.6958471167626221,.694867402428946,.6929796526468426,.6899369377586777,.6859873275497662,.680806181822684,.6747506896130485,.6674148177273087,.65924447942858,.6498560865465679,.6396566094388325,.6284522779843796,.6164572741800652,.603802996014442,.5904261064020159,.5768634710417024,.5627840483168038,.5490986796736899,.5353409762516581,.5225723079530755,.510387003511299,.4997040955552508,.49010490872536094,.4821079582468119,.47453206720113,.4676534926265315,.45905044321334476,.45023875580774514
-.04825791447280528,-.0011025976471914429,.0035931519991617825,.016513490270565388,.04531033770261702,.0807101315843993,.12382714143257752,.1691356791028124,.2156261704773299,.2623053182777511,.3064057143422747,.34997451262285184,.3894852640228981,.427778963721902,.4622251829537161,.494680125345835,.5242596605398405,.5511864106623872,.5762231037549551,.5982802481417471,.6191184810151039,.637053057730565,.6541573364338046,.6686113792808374,.6825115289794456,.6939425904653742,.7051033680081032,.7138712820863113,.7226634915960477,.7291356031505618,.7358188299161811,.7403206699014161,.7450504851866523,.7477578932012291,.7506202628789643,.7515668558415322,.7525602524423746,.7516834375136711,.7507425279003448,.7479120049101055,.7449626176809545,.7400256655018352,.7349749314722089,.727799929221073,.7205083735410676,.7110515385164053,.7013527064914485,.6897104015588641,.6775105652944565,.663881871877967,.649222639835039,.6338502509236417,.6169660334566224,.6001916232808022,.5818080701650471,.5642630929134506,.5457628034855773,.5286037808874704,.5117100977105977,.49671442210193384,.48283611184009084,.47111522519851096,.4588640290710577,.4483847758953701,.4333338811898056
-.0024186548161943744,.0005898602176634958,.007821367550085894,.038625946832476436,.08047540893333563,.13096400303649108,.1850633205712956,.23939415946080073,.2927992422155944,.3437556274657565,.3917880518906284,.4364798263282445,.4776784857589707,.5153838857622074,.5497724181247156,.5807237080539693,.609015312303611,.6340181367266202,.6572114289097859,.6773343973223694,.6962406665213693,.7123464122499941,.7274935216411279,.7401381017710761,.7520623918119135,.761727187939988,.7710611169126429,.7782699568718695,.7855485194034448,.7907744222532498,.7963072629301692,.7998564147683299,.8037548919149106,.8057480039972621,.8080130873978981,.8084330430172229,.8090151657560002,.8077618064842726,.8065456927890161,.8034498091313254,.800249853675693,.7950785421432954,.78970972338118,.782267380166942,.7745795869102838,.7647722844496021,.7545577599912356,.7422512926143023,.7291952642723035,.7141305502689085,.6979852195891004,.6799839920476564,.6607312990484796,.6398585177312653,.6177102293575226,.5943628426532805,.5700652473212668,.5454587121624181,.5207885205908626,.49732477822091153,.47505102955220097,.45551294092351907,.4379334898398294,.41983887696550964,.40190413630192484
.04342060484057494,-.002463213390877333,.03581174836293576,.08416522530722832,.14425388163697142,.21158855345210045,.2743116242438965,.33679956745894385,.3945651416969173,.44776401521110903,.4980494813683408,.5419406982889488,.5836572232081052,.6194958657795302,.6524789920181405,.6817708549722249,.706626768164205,.7308659404036774,.7490613799060514,.7690976991704748,.7825243539032226,.7985917432025564,.8085486058924486,.821120703490424,.8280629402090847,.8381313334153268,.8423525044039116,.850813728155638,.8528825473171374,.8600785325324631,.8606509243032975,.8665485104491815,.8660556422616869,.8705515011134026,.869075683834708,.8720893706956923,.8694756414206337,.8709150065131085,.8669189287763023,.8666182551409908,.8608744009916816,.8586411835956438,.8506879261073238,.8463088413080141,.8358642976766189,.8288378615805668,.8158926492422873,.8053166938031673,.7897181505865327,.7746967801597191,.7558879633986543,.7358835617780747,.713310594144474,.6880622070637934,.6613472286937903,.6310241585532322,.5999177959098005,.5654627379886458,.5309615228237415,.49419911561817975,.46006089365992314,.4248605734784808,.39613132122719374,.3688800731638418,.3345872471305678
.021341749524819542,.019988274683115655,.08867218824112416,.17035338287880797,.2526616468245711,.3278206138802751,.3989864780624022,.4634186824251092,.5224011615965439,.5758022515541921,.6234342964937911,.6665140228744184,.7042606127059536,.7380766039261635,.7675684199462764,.7934289346299228,.8162164029653788,.8353402827472018,.8525652441628474,.8661984664081794,.8788054700058635,.8883825959271774,.8974774360897283,.9042374604098186,.9109174289693517,.9155779331981485,.9205831296117208,.9235506769364942,.9272714425635417,.928941417762407,.931625167195169,.9323829224458873,.9342186707977034,.9343037073268388,.9353787520580754,.9348027559568257,.9350359844250007,.9335959554402687,.9327445411256297,.930114920719301,.9278533461561265,.9236027880203627,.9194923637024736,.9130052499376007,.9063545513742118,.8969043578558433,.886813369835093,.873735229732554,.859322545241298,.8419161892437802,.8223237313711107,.7996196142135772,.7738351051545654,.7447495916993093,.7118154310655316,.6754362423292744,.6347729114141342,.5904722434733267,.541948915240978,.4901891842200023,.4350382397462331,.37946379085529447,.32387732731842855,.27489590831324323,.2381326126834163
-.0007371057886597762,.12025024316402437,.23024100530007058,.327728126131466,.41559156504347244,.49428422045900866,.5646345718488187,.6267749902537236,.6817629555482809,.7305602722469146,.7733034597388619,.8115053270106043,.844659861997968,.8736123299788036,.8984327355988831,.9198789315451591,.9380168080658778,.9529270247558482,.9652611379674328,.9745557909267636,.9819150293528675,.9873244948804507,.9913477078244296,.9947118952576499,.9971474650778376,.9992351008295359,1.0007602269365583,1.0017338786514864,1.0024196017016511,1.0026258630559144,1.002727249737078,1.002555415894203,1.002370234361171,1.0021621525463065,1.0019407230380564,1.0017540827417466,1.001462567761534,1.0009943135264256,1.0002381306183161,.9991787237951469,.9975568073234008,.995391791987465,.9922981590326985,.9880425359686006,.9824006603250801,.9747552159563,.9651743570478568,.9529995481855005,.9382486358434413,.9206529281110846,.8997489009492682,.8752277714749056,.8465745796472809,.8133302202805902,.7750385286297488,.732008049662298,.6829234414883327,.6269398066472817,.5638037186871495,.49351734255337193,.41488866239281796,.3245293800446392,.22454641577127826,.1193098962229613,.0030767898631130284
