-.001135617529745093,.0006429572561004811,.002421532039868944,.0019268426115229753,.001432153183023223,.0007547430913057534,773329984439403e-19,-.001173647675499806,-.002424628351578079,-.0032126202632812347,-.004000612176484556,-.0037957352274904867,-.0035908582792349266,-.0029933487814932523,-.0023958392820536247,-.001432398009866446,-.0004689567364310874,.0002095143298323489,.0008879853989790175,.0007565952564442587,.0006252051151269367,.00020949306481197,-.00020621898711331512,-.00013811006483372893,-7000114156434099e-20,.00040354762492722187,.0008770963902250973,.001221621444078782,.0015661464986161018,.0015869924270845094,.0016078383571062993,.0014317870108810848,.0012557356640420755,.0010471618658612115,.0008385880649144333,.000690163180903613,.0005417382949756574,.00044124429077291365,.00034075028755127605,.00033346985148050863,.0003261894162291494,.0005231854860700167,.0007201815604097248,.0009269998032581921,.0011338180482911998,.0009456471694179394,.0007574762895210792,.0002493792183785245,-.00025871785580948,-.0006679465650148238,-.0010771752754462492,-.0014144377362966542,-.0017517001970653106,-.0020401670334836666,-.002328633868409246,-.0017963027695486054,-.0012639716687505012,-.0011718034195950821,-.0010796351702000112,-.0002860433954889231,.0005075483743878765,-.0013603841812313837,-.003228316736808323,.00023879520600578072,.0037059071492852765
-.015536949806285208,.0004161176717033727,.00105570591954157,.0008442781432124656,.0014081124395429758,.0007505567788172833,.0008726076492274608,.0003050770235612394,-.0001290100704204978,-.0004969444764879521,-.0013545007531416452,-.0018076953076126253,-.0029078413248168457,-.003711028965899607,-.0048133929192953825,-.006034271651178615,-.006949937099295972,-.008679749312229108,-.009546499178681328,-.011735751660457164,-.012753525002142479,-.01503820772402586,-.01609330232508443,-.018154272629544443,-.01899441455865261,-.02087458192918115,-.021444477384013436,-.02334395374338015,-.023771798994868584,-.025734841695957692,-.026124186178908007,-.02803085798399861,-.0283722666626419,-.030084650316881158,-.030314103317489457,-.031774666406291,-.031860638191803646,-.03310274200369679,-.03305452862718878,-.034120126874719256,-.03391504142568042,-.03483133795635358,-.03443509500403345,-.035289242263489125,-.03479822318580968,-.03565590834815526,-.03526055668011377,-.03599539446335619,-.03573881541408965,-.036154387637440125,-.03594752384773839,-.036036883918521084,-.035903435412237,-.03574912055417758,-.03568786946300458,-.03531514066921789,-.035137941324835185,-.034670318701099066,-.03433125644992229,-.03381050091497271,-.03338929294322683,-.032707658612866695,-.03211481177030953,-.03100686763302094,-.030137544832787716
-.02993828208234576,-.0002009073838247064,-.0009361789816308564,.0008173577376922132,-.0009374107493450159,.0010071858162108663,-.0004142287228264742,.00014706617493545206,-.00038156170644150077,-.0016133432372586558,-.001791572595602772,-.0041222361826888316,-.004937312785540528,-.007542210988778884,-.009780571446700574,-.011983591558225128,-.01592017188811653,-.01718806612219628,-.022285687007282912,-.02274377990588981,-.028027213907168655,-.028339733820387278,-.03334736962555276,-.0338301014037138,-.03882274368576913,-.03914451807714381,-.044429489670775126,-.04420549182486504,-.049672390144678585,-.04893009647616901,-.054221066607887634,-.053216045805470825,-.05805502830680531,-.05696573188758189,-.06129125953240811,-.0601537610220007,-.06404174644309797,-.0628148566442333,-.06636753279113465,-.06501461502357796,-.06838266289991377,-.06682006891866343,-.07016202938945598,-.06824298220903945,-.07144319298991755,-.0692472601464109,-.07183410794139915,-.06980093847243041,-.07140859182349354,-.06993391754447893,-.07060302041378867,-.06973430045068876,-.0695570957225317,-.06919048115163323,-.06829966397140354,-.06819200326251613,-.06710077834811409,-.06685870073242496,-.06588011492811469,-.0654922807976923,-.06434857229193873,-.06383142432785473,-.062369231918954465,-.061839838878082275,-.06027868704048505
.006993833674768895,-.00034474926706827184,-.0005898802910274719,-.0012209814661198574,-.0010961813793868148,-.0015870135261451977,-.001607005771118537,-.002260477419736949,-.002856385257023146,-.004089587554418963,-.0055602580784150715,-.007694480764145597,-.010056878296041953,-.013096966581849796,-.016146380579927466,-.019976889370888196,-.023375274080532114,-.027692472677103903,-.031047209671072905,-.0354324470513981,-.03861706422058719,-.04287639578444841,-.04603555562458001,-.050244792797539635,-.053436736777947545,-.05766780277630074,-.06074994674388874,-.06492177045401015,-.06773856686188454,-.07169971210281124,-.07419555124335327,-.07783039470947997,-.08001242839083446,-.08326351338978281,-.08513171409144941,-.08798811039060493,-.08952109643285146,-.09200793225323052,-.09321827265785598,-.09539977408032345,-.0963356561176595,-.09829079081897552,-.09895038328277238,-.1006589975698499,-.10096290543079783,-.10226953033841112,-.10217940969254906,-.1029733858465065,-.10259158438382389,-.10292509090875714,-.10236443543509413,-.1023148904521985,-.10159087421330745,-.10121313458217142,-.10039741233302808,-.09982141344240796,-.09898448780460678,-.09823521222038215,-.09725069946220227,-.09624900524251143,-.0950360953603565,-.09382603290034157,-.09249176464162577,-.09126747984876744,-.08995266236553882
.04392594943185844,57741474014774225e-21,-.00021527942184322831,-.0007444696211125813,-.0009216673913348595,-.0019242537594783657,-.002624043370321577,-.0036182566178166523,-.005467309858167569,-.006418949963792843,-.009597721909866979,-.01097048761862104,-.015081825973232725,-.017365409795309764,-.021857221806334818,-.025115572487346725,-.02959381054365589,-.03360433499891538,-.037969093030008345,-.042439287359375105,-.046755505745036965,-.05141694831663783,-.05570251372459413,-.06039598827007004,-.06458891834211954,-.06928708559176429,-.07332513685578379,-.07802606898752933,-.08186485785305977,-.08646799016517541,-.0900748622338266,-.09440667456591517,-.0977370850009707,-.10165383110297234,-.10463618620758464,-.10805292076046345,-.11065445562912081,-.11356278617270366,-.11581319573799344,-.11827922737709806,-.12019905549999887,-.12228467467922957,-.12385999763881869,-.12557231524831744,-.1268050833912108,-.12807770116174894,-.12902274481003823,-.12971758934822297,-.13043834129460857,-.13043336915991682,-.13099659540223194,-.13030117648353534,-.13079705759846635,-.12956288692498685,-.1299186810747691,-.12837431603835528,-.12833748655895377,-.1266996415620259,-.1262297558815254,-.12449532547639651,-.12380948151452967,-.12194164054656181,-.12108312259463229,-.1191884866095906,-.11795279371747901
.005677290537696246,-.00012771141343390115,-.00030041797250213756,-.0008480188219859679,-.0016507759351937468,-.0027064731263474772,-.004010016329156703,-.0058117472780765695,-.007587643845307609,-.010286834635248545,-.012613660671435432,-.016135176467083685,-.019101050244905042,-.023258846902624447,-.026884797318436557,-.03146186305984383,-.035645243332277074,-.04045917086714486,-.04504329734451046,-.049997133246143376,-.05482775353881595,-.059886412271175325,-.06484952418334722,-.06997690964267177,-.07501365670136186,-.0801417811892146,-.08520241794582994,-.09024472707643144,-.0952440850758467,-.10012085621255394,-.10493958778708602,-.10957392230602442,-.1140746202919587,-.11836935241470192,-.12242355507608976,-.12628213265278673,-.12981632722278477,-.1332138035815161,-.13625421180919456,-.13923957776914161,-.1418598575387451,-.1444646946024106,-.1466974431121453,-.14890919881127831,-.1507206510158603,-.15251566423111207,-.15383529210735017,-.15520127207595508,-.1559680613434276,-.15690779125214036,-.15710642686526397,-.15763726822111176,-.15730103901070253,-.15742747493813553,-.156621496123461,-.15631854916547971,-.15514679926302483,-.15442962169226426,-.1530065689640058,-.15197133753497893,-.1503824416533665,-.1491796128023175,-.14753157732911928,-.1462658991593265,-.1447569084071438
-.032571368356400926,-2217466653033379e-20,-.0008155862302139325,-.0013967587830622423,-.002827378071595844,-.004040817490214548,-.006170197778667296,-.00795367466615607,-.010984565721899016,-.013344784748079732,-.01721471034554947,-.02014304047396194,-.024714721154358667,-.028171538957753473,-.03324999758638372,-.03717365360100149,-.04258306444800087,-.046905624965305356,-.05251778089699608,-.057159935510313314,-.06292617108467898,-.06782059645819805,-.07375271226260152,-.07885404222356321,-.0849206628987893,-.09016990368088869,-.09625523256712185,-.1015495618749177,-.10753180111656437,-.11274128579624576,-.11854505304409149,-.12353518008664938,-.12908756449910685,-.13370857610355344,-.13889383370286573,-.1429886964080125,-.14769336276632056,-.15119726222693988,-.1554336889797249,-.15843613475795656,-.16226042750565015,-.1648412749529094,-.16825288224465423,-.17040044683973732,-.17334827340275424,-.1749800419448435,-.17741596204741908,-.17846155952536547,-.1803633808760416,-.1808090823687965,-.18215973586123357,-.18201931496795545,-.1828066161977008,-.1821192867176951,-.18235480887278158,-.18120285178045115,-.18090374825856553,-.1793814813277052,-.17859330223854175,-.17682333298130018,-.17569411104387184,-.1738271460039377,-.17259218784665933,-.17083662848821407,-.16955889930194348
-.014921510557405412,-.00021616189146652902,-.0006972546409179711,-.0017474085497682604,-.0031391054014436003,-.0051805253685196,-.007516382371549855,-.010492999318222536,-.013626909439157854,-.01735077060628035,-.0210710897732943,-.02533728369592129,-.02948965961792027,-.03415616302695057,-.03867229119922461,-.04367570946723966,-.04856303879019851,-.05389183800494558,-.059166678095206614,-.06481201469117215,-.07044592082598494,-.07636767153478854,-.08227866290148139,-.08839318218660162,-.0944712482920677,-.10066785895043838,-.10680668906232245,-.11298649407357009,-.11909695918196983,-.12519255841975446,-.13119058010765705,-.13712845276504307,-.14289705270657047,-.14854546934282598,-.1539121349668052,-.15907837917161063,-.16383865659498656,-.16842308989315413,-.17260970749487786,-.17672245962636404,-.18043466459763996,-.18410995578473896,-.18736257802479317,-.19057292601957432,-.19332628708024804,-.1960234871712132,-.1982210465561881,-.20035979091774095,-.20195300372917369,-.20348476023564635,-.2044359147267927,-.2053140117902742,-.2055984360570638,-.20580548223687994,-.20543617100489808,-.20500357369727842,-.20405073498323525,-.20306758644460376,-.2016649395990804,-.20029358381938037,-.19863108871934418,-.1970695656269691,-.1953546025489792,-.19375612655240193,-.1921248308358068
.0027283472415628716,-.00014274575634351947,-.0007694774473518745,-.0019579963735100836,-.003739308073453024,-.006085609923950227,-.009035000774113415,-.012411217490334314,-.016228718352674247,-.02034148687136633,-.02472522908274159,-.029300577504574578,-.03402417490566907,-.03891564671618515,-.043898611172337294,-.04912677401301372,-.05439910077674211,-.06005604025050587,-.06566813332620236,-.07178735969040698,-.0777362457630114,-.08424514210595185,-.09044905945475586,-.09721260861415945,-.10354417494573803,-.1104277562931136,-.11677186360052555,-.12366904104117217,-.12995778140843225,-.1367910397932581,-.1429856586222684,-.14966957060471284,-.15568359187367115,-.16208174135139936,-.1677574048772405,-.173687290022378,-.17874038561731845,-.18395565290065852,-.1885430617386618,-.19324489033069334,-.1973942837142508,-.2015876795450127,-.20524733643540874,-.2088864281119171,-.21199276092916922,-.2150221891177724,-.21753064174644124,-.21991032242202016,-.22178297041353992,-.22347935310427897,-.22466307257270307,-.2256438303016316,-.2261001571437465,-.2263484212257409,-.22609620379840073,-.22564858633886617,-.22477696025777671,-.22374080352278786,-.22239751972239127,-.22094442391066726,-.2193157530915848,-.21767019401466006,-.21593578803664978,-.2142639216917489,-.2125367131861844
.015945378315134828,-.00024277868655403644,-.001037954576033296,-.0024681943393867144,-.004521417339226494,-.007226127246184399,-.010470745560732301,-.014258660023325324,-.018443517361486732,-.0230043323148036,-.027826385854927947,-.032881144892389455,-.03811694903025352,-.04351712613693213,-.04909562393966227,-.05482620395932487,-.06078477519529051,-.06688439681628183,-.07326427989774414,-.07973799884187797,-.08650472134075451,-.09328166975461076,-.1003209966548095,-.10727213200275906,-.11443807816175935,-.12142683232416417,-.12858917767648692,-.13551103062596748,-.1425764030251314,-.1493788165510439,-.1562931629429519,-.16292455117756133,-.16960354549547077,-.17596612238558829,-.18240845791546276,-.18838224892094227,-.19407678160465888,-.199325165731648,-.20456165229606485,-.2094968835678308,-.21424866361705378,-.2186614020851801,-.22282640187675792,-.22661651942919936,-.23011627014759692,-.2332183884332638,-.2360097458741633,-.23839945177955113,-.2404676273280016,-.24212058573408576,-.24344880581121384,-.24434132198374217,-.2449194361596101,-.24505673791833688,-.24490724602784544,-.24435382880062678,-.24356314789399316,-.24245051976992935,-.2411683018250709,-.2396660960129521,-.2380739266818997,-.23635802544997875,-.2346310725782411,-.2328522275469098,-.2311254613248605
.029162409388659036,-.0003565894730863008,-.001339001785034172,-.0029883637115865587,-.0053773273080323855,-.008327112194017208,-.011962775612719422,-.016037574237221814,-.020648404016370508,-.025564441199821424,-.03084328515934674,-.036333161734584306,-.04206844333072679,-.047982038454614004,-.05409385441040625,-.06040522491388469,-.06689166327251264,-.07362162042266338,-.08047705670315063,-.08760576455044947,-.09477016379817119,-.10220690273108306,-.10956640531724128,-.11717101389870854,-.12458857470374124,-.1322091262880227,-.13955506872073065,-.14705723587852315,-.15422889753735494,-.1615182175954735,-.1684962937785953,-.1755083512525891,-.18214084216207332,-.18873344794545854,-.1953014757116335,-.2020042994128307,-.2076780610718717,-.21332778495141158,-.2191098596920627,-.22461017040418307,-.22979112696030893,-.23458904199834701,-.23905967379135284,-.2431160350551869,-.24679512831621148,-.250028375627158,-.252886164089851,-.2553160523532779,-.25735321493509233,-.25900857650996584,-.2602316534884733,-.261136915125684,-.2615700408605537,-.2617571790508746,-.26146837008215107,-.2610010355772925,-.26011059466843883,-.2591026732084158,-.2577631996352895,-.25636560231863353,-.2547333011528777,-.25309849762760517,-.25130418260848886,-.2495645535207139,-.24766754009659353
-.007319151081482311,-.0003974524448760769,-.0015569586524253236,-.0034598154646512808,-.006044661776520657,-.009316646294756719,-.013169547601669853,-.01760170872748081,-.022486348503636504,-.027814671359199843,-.03347725361617177,-.03946498498881194,-.04571152411920037,-.05220741427198193,-.05893323396956254,-.0658649975262465,-.07302336089642808,-.0803464051613597,-.08788894052125928,-.09553518689584072,-.10337315403464001,-.11123265491012672,-.11923632763772676,-.127170523861138,-.1351910978809333,-.14305562641335046,-.1509455276232988,-.15859950600766554,-.16621730081824032,-.1735128657298357,-.18074936245883363,-.18755730790431296,-.19470031988619813,-.2005063728724835,-.2070424698914031,-.21376180200571004,-.2198334919997644,-.22599539415378264,-.2329309328519528,-.23841466295636207,-.24412559249807228,-.2492478567818245,-.25396749641470423,-.25819643552711136,-.2619618259527439,-.2652819744101655,-.26815375951655823,-.2705941592074243,-.2726196011698451,-.2742127708700815,-.27543575407331383,-.2762227984825991,-.2766937350312552,-.2767399481172275,-.27653091606754104,-.2759373127867852,-.27515168702705783,-.27404985981822044,-.27281660129765006,-.2713506966588181,-.26980648479873603,-.26811199521608925,-.2663852068999,-.26457574662135974,-.2627828305864016
-.04380071155163844,-.0004347416713824618,-.0017863345038558645,-.0038907649122120456,-.006749880248193822,-.010276439130433359,-.014462528693603661,-.019184580966622004,-.02445344347208863,-.03013371372723636,-.03624138461499971,-.04267032294226193,-.049421753996679,-.056450749606990216,-.0637156834311519,-.07124808059725637,-.07893524308413709,-.08688717639859143,-.09490623323266423,-.10317570149501484,-.11141419633514348,-.11987184487207891,-.1281948542735976,-.13669376481762097,-.1449569830191753,-.1533468143908504,-.16140695634539926,-.16953492929764782,-.17722243717460984,-.1849179549239796,-.19184780598948167,-.19912332315740497,-.20387271963066186,-.21223554717149934,-.21624472178058013,-.22060764141941694,-.22992744275240623,-.23866036072831703,-.2431342231678533,-.2515841068662873,-.25719043054225443,-.26284606710844044,-.267655980539174,-.27197649832455634,-.2757749164125289,-.27908611342957607,-.281920503930789,-.2843137130638203,-.28622754312785825,-.2877751633886359,-.2888277162779756,-.28960691430728125,-.2898820032239887,-.2899782066088913,-.2895866556775747,-.2890976307742159,-.2881721219725407,-.28720556566692185,-.28588501472573824,-.2845492926178202,-.2829594611068533,-.28135842217311735,-.27960094845369254,-.27783930476341484,-.27599516503331784
-.00492624533109194,-.0005042431495980624,-.0019511458406721348,-.0042598754548196695,-.007344836656011398,-.011165031052165708,-.015629495126793232,-.02071337341425338,-.026319084280591175,-.03243111858638986,-.038960279087591046,-.0458917678545262,-.05315881137206295,-.06073834361992233,-.06859441586022554,-.0766815134169646,-.08499794601355222,-.09346361957264901,-.10211243175770976,-.11082415338188029,-.11966877632650191,-.12848604881162642,-.13738129914352784,-.14615901018875452,-.154956810686191,-.16355068968147382,-.17210361207138855,-.18037317857969976,-.188540379782806,-.1963208243672252,-.20398385579937875,-.2111033050097187,-.21858135724541286,-.22500272858520892,-.2321961281434618,-.23907335872079416,-.245468112907022,-.25200758241416354,-.2589506750359237,-.2645375188126899,-.2703170501497562,-.2754924704068667,-.2802442933130626,-.28447275203169525,-.28821545829136364,-.29147362315325953,-.2942630278574905,-.29658329673076445,-.2984766683999404,-.2999121386226938,-.30098133348061523,-.30160906021353784,-.301941735173051,-.3018620486473231,-.3015584536279158,-.30088943556200703,-.30005816719115813,-.29892635603038614,-.29767889239065226,-.2962070257583629,-.2946510869065044,-.2929489309675406,-.29118777942300217,-.28935427846270034,-.2874892662038146
.03394822088942565,-.0005749872054337564,-.002131008669331263,-.004621698092138641,-.007972874550989096,-.012050680251541799,-.016863703429193008,-.022264736132729075,-.028283168148651092,-.034776274010983994,-.04177313824527742,-.04915144714328317,-.056924814440869796,-.06500527058911151,-.07337508909665338,-.08199393097106852,-.0907944409132744,-.09979770895256969,-.10887068777306985,-.11810798993763716,-.12730089149113105,-.13662327973195723,-.14578929099585552,-.15504935508451298,-.16404942669423034,-.17310369169638384,-.18181082199059065,-.1905247932218335,-.19882205069950626,-.2071033612028196,-.21497370967095153,-.2227906354297625,-.23031868873233738,-.2377562149600151,-.24515647225613788,-.25253045906817356,-.25881731755696996,-.26499961488407797,-.27103487773026874,-.2767776492373152,-.28212853165589286,-.28706015146582914,-.291591312719817,-.29567574537846164,-.2992909421344386,-.30243160900232735,-.3050965057171124,-.307318214976161,-.30905797257345574,-.3104263676302638,-.311307822206578,-.31191418100319734,-.31204020726557435,-.3119893891018237,-.3114865041938981,-.3108833692207763,-.3098841907778442,-.30882650398597133,-.30745499900926954,-.30603393119751565,-.3043971979030184,-.30270141274761025,-.3008916625752218,-.29901595914996343,-.29714950842585197
.014682892835828371,-.0005785372694614362,-.002251637848773729,-.00490665964452448,-.00845316989863636,-.012822836735842155,-.01791769801103032,-.023702725559757654,-.030080834435099128,-.03702725782398519,-.04444917099710687,-.05232640904502706,-.06057682474794097,-.06917429135884988,-.07805551290844999,-.08717790526146989,-.09650532793640264,-.10596935001426097,-.11556843153028844,-.12520135183359501,-.13490621820083717,-.14454634349620646,-.15420070667250615,-.1636992543293822,-.17315869528447034,-.1823832731580695,-.1915207154278457,-.20036340019828924,-.2090851743540577,-.21749517969351354,-.22577505544946413,-.23378844177439684,-.2416850478342675,-.24934063002935042,-.25688612094792085,-.2639100332116254,-.2704467585000405,-.276458878956712,-.2822189461250097,-.2876118843606489,-.29265881511258307,-.2973421047110378,-.3016272223392237,-.3055011917552327,-.30893716408007155,-.31192247752661634,-.31446513659627584,-.3165501825662321,-.3182228861863088,-.3194445048055418,-.32030923747002066,-.32074253590641205,-.3208886456165763,-.3206383354319457,-.32017034287821156,-.31935531825983415,-.3183780491880799,-.3171157525782009,-.3157281276240582,-.31412898169891906,-.3124281872506797,-.31059595240469184,-.30868248663988745,-.30671938941370647,-.30468912639040796
-.004582435217772561,-.0006112802879632194,-.0023819875302092683,-.005188920348154103,-.00895541572727415,-.013572081811670326,-.018995698209007594,-.02510888633157171,-.03189474535724037,-.039228047522677015,-.0471106808758797,-.05541518075801368,-.0641475624559776,-.07319695562607156,-.08254954081586766,-.09213363487306338,-.10189346633952986,-.11181646133554886,-.12178760776655011,-.131866977236296,-.14187090462278076,-.1519377122971134,-.16181498240211667,-.17171667776065314,-.18132993753403961,-.1909350782485816,-.20017563541551298,-.20938292060143657,-.21818561005309378,-.22694340246578049,-.23530535341498457,-.24361018718032146,-.2515414711515591,-.25935386178115427,-.26669371677468084,-.27378073030606787,-.2801634636988776,-.2862188391746005,-.29177071858741344,-.29698965298581526,-.30179809295889987,-.3062444229426889,-.31029052365523885,-.3139358594614413,-.3171497930190569,-.31994053019299457,-.32227257545011595,-.32420226770317623,-.3256559824806672,-.326766635109991,-.3273945004453241,-.32776320330976294,-.3276605997627763,-.3273874329370788,-.3266777120900899,-.3258665768322054,-.3246765182111224,-.32341856514274586,-.3218636535261623,-.32024070149431616,-.31842389613345096,-.3165213528859949,-.31453690011543883,-.3124513705458728,-.31043859874168167
-.01604742184714784,-.0006412224854001077,-.002482636502442659,-.005432428858067861,-.00937873897865677,-.01424566441287995,-.019940199121163224,-.026397661361763025,-.03352415961029636,-.041273197422819,-.049549028801155526,-.05831455912577082,-.06747671151847415,-.0770007135695407,-.08680406301135692,-.09684490109528623,-.10706153044372971,-.1173954067546252,-.12781532279693344,-.13823857906459333,-.148671236912741,-.159002935557368,-.16927998619575388,-.17936552859518365,-.18934475123635797,-.19906028298477063,-.20863087395107935,-.2178901382027353,-.22698112043668225,-.23574274933605646,-.24432290520157413,-.2525686956372435,-.26059929958481803,-.2682404934587758,-.2755686366206906,-.28237327354252034,-.28874434332407584,-.2945736059736792,-.29999061715359515,-.30496122300054057,-.30954299006909514,-.3137279687040456,-.3175189860622052,-.3209109608557409,-.323891234164028,-.3264524573253143,-.3285994272619942,-.3303138248332282,-.33163790223302975,-.33252764972472976,-.333074930881806,-.3332028068315558,-.3330529027272001,-.33251925525071263,-.33177454843094767,-.3306953014649085,-.32945528469437796,-.32793918472402234,-.326294098385431,-.32444691547859533,-.3224920641620953,-.3204202740294021,-.31825892677760625,-.31606789989295286,-.3137861020964126
-.02751240847649305,-.0006517972405119849,-.002598363605850797,-.005673655587613245,-.009805959412274618,-.014899084626428664,-.02087440383973012,-.02763176000850527,-.035121132364725124,-.04322565412572776,-.05191811817760006,-.061073558116263235,-.0706770063406582,-.08060301066377062,-.09083932393314519,-.10127618205178954,-.11188677001653763,-.12259789213502607,-.1333492577693916,-.14412283441022122,-.15481035369598872,-.16546108249858088,-.1759126386808175,-.18628408672801866,-.1963626538531372,-.2063299803977356,-.2159359596365193,-.22540887458528613,-.2344808322585877,-.2434018067018357,-.2519031045365747,-.2602219406188548,-.26808995630071836,-.27570374277580934,-.2827911734252436,-.28952181793767917,-.2956689881612142,-.3014021279287189,-.3066107965779342,-.31140486735859374,-.31575852333060006,-.31969894852139513,-.323240418572034,-.3263610741606327,-.32908184466149304,-.33138288760219764,-.33326351986957464,-.3347519041488392,-.3357952365999264,-.3365033487764823,-.33674927931103416,-.336740399350404,-.33627679730825405,-.33564772447893687,-.3346018070305381,-.33345856821739117,-.3319511550489927,-.3303744472692698,-.32851317964533805,-.32657869694166325,-.3244700406711696,-.32226725344470625,-.32001141273400796,-.31763630689677586,-.3153815663476584
.008058997880863006,-.0006900837092950714,-.0026915872147015253,-.005886699315098731,-.010184278131024788,-.015486625140191862,-.021702346682368458,-.028752016275077664,-.03654245114049242,-.045006178262190555,-.05404395182628165,-.06360086136799903,-.07357256741587605,-.08391447497787657,-.09452353572626426,-.10536009882094548,-.11633292558570602,-.1273986625784219,-.1384895732329547,-.14954988449519546,-.1605450009753734,-.17140092701955337,-.182121216769232,-.19261226430397396,-.20291519424683618,-.21292007209586353,-.22269972033370725,-.2321344984146153,-.24131767808018312,-.25012634130864686,-.2586566876521823,-.2667831206040606,-.2745851285940094,-.2819320407652821,-.28888243120161383,-.29531898080388375,-.3012993483068755,-.3067608298191388,-.31176116232087,-.31629362984900633,-.3203869384617955,-.3240620963041422,-.3273138048624741,-.3301682846456584,-.3326066691940416,-.33464643844735187,-.3362821889094687,-.3375098670766631,-.3383595642870781,-.33879341368262533,-.3388917757661119,-.3385812019314491,-.33799742711547104,-.33704630090753085,-.3358965929777786,-.33443148212555884,-.3328110018922619,-.33092203050096186,-.328905884981842,-.326698537090291,-.32438799917092825,-.32198009361096513,-.3194861591972444,-.3169845894467108,-.3143796608876074
.04363040423821535,-.0007388871868732749,-.0027681226103014613,-.006078996364021421,-.010527715778085773,-.016019132581847464,-.022468545357310847,-.029778309801109987,-.03787359155962376,-.046647662287819545,-.056045236741592626,-.06593570646187813,-.07629169213388161,-.086964896395873,-.09794928008129099,-.10909463426450063,-.12040166058400084,-.1317405993468991,-.14309882401876653,-.15439030450195496,-.16557062414182222,-.17661365273329654,-.18743231755240147,-.19806601090875026,-.20838411421856284,-.21848598955218604,-.22820544309751944,-.23768654754210367,-.24674080993129,-.2555340950332563,-.26386937430049545,-.27190759370413214,-.27945518408202824,-.2866475504177606,-.29331328677189916,-.299557634824823,-.30526484683346056,-.3105099925231678,-.31525610049867764,-.31953377812446154,-.3233724291586611,-.32675104376448294,-.32973417498716556,-.332269480941559,-.33442256634972123,-.33614904773757764,-.33748208377441696,-.33842732673712034,-.3389539064051321,-.33915085594627614,-.33890014740003677,-.3383949957256218,-.33744158957186365,-.3363252068136471,-.33483021319140827,-.3332424837588229,-.3313036079354016,-.3292987715211401,-.3270179235759523,-.3246681396469665,-.3221679526961242,-.3195788682889962,-.3169685506754459,-.3142349147731593,-.31165989494803137
.004223326479911786,-.0007315664104470228,-.002854728246691415,-.006250564869745449,-.010829960842440901,-.016487743069534405,-.02313657115645532,-.030681238171990585,-.03902999379237433,-.04809534145456211,-.05777450341475308,-.06799396467258319,-.07863857966739392,-.08965201857289316,-.10091297887612342,-.11237990732674112,-.123936681611186,-.1355492704450751,-.14712034039686098,-.1586138216577207,-.16996302744068667,-.1811216536653136,-.19206028195683325,-.20271812339316855,-.21310317371374682,-.2231403596806162,-.2328689081228438,-.24220280805753935,-.2512011252028781,-.25977162800199616,-.2679787276720003,-.27572868229768227,-.28307792044477664,-.2899388633093083,-.2963548243862929,-.3022603648074552,-.30768862095596156,-.3126139787358985,-.3170576315217167,-.32103505023389295,-.32454725497622694,-.3276351344409083,-.3302795757361743,-.3325272396486392,-.33435285457715985,-.3357913703678118,-.3368327597229132,-.3374846503796271,-.33777242446533773,-.3376624582349029,-.3372292678643898,-.336383619618946,-.33525630477188695,-.3337698117662071,-.33211596073249416,-.33017708352448516,-.32807560090876653,-.325700065417421,-.3232098422525468,-.3205435913794044,-.3177929395858581,-.31497187461092163,-.3120807296339153,-.30920651899625695,-.30622949887029244
-.035183751278422604,-.0007248521524462693,-.002908095803207666,-.006384212160318309,-.011063660876268193,-.016876298318729405,-.023700828373960852,-.03146232067207648,-.040052681702527196,-.049374253723605196,-.05934186786481356,-.06982869312849754,-.08078244276250852,-.09204548615455108,-.10360220551664201,-.11527828066095888,-.12708374134953712,-.13885195266094158,-.15059793109094236,-.16218940646072783,-.17362385684335924,-.18482389348280864,-.19575347368047272,-.20639903173999452,-.21668510528956136,-.22665838365405638,-.23620782396680925,-.24542605995191136,-.25417685608532053,-.26257777133348414,-.2704823147151081,-.27800928380864326,-.2850198928969271,-.29161383861429124,-.2976820226339351,-.3032924317109133,-.3083881839939186,-.3129988722486915,-.3171314049790198,-.32077246465390213,-.3239837472214824,-.3267134178288306,-.32905236227799206,-.33093126833551784,-.3324366269205688,-.33351659992877997,-.334218173703308,-.3345453588858669,-.33447421236447017,-.33409553521654856,-.3332889317813265,-.3322562604056286,-.33071355092916516,-.3290112914143376,-.3270205482346859,-.32490834975397326,-.32239888673223166,-.31986491906074044,-.31706037790755603,-.3142141728486441,-.31124954695734186,-.30821980094716905,-.30520038091489116,-.302067102691614,-.29912134703280063
-.01446079486113068,-.0007597808508389768,-.0029593188051168407,-.006499077619374045,-.011285632385112135,-.017214114599585335,-.024203862854233118,-.032139533309908305,-.04093243173132969,-.050473208003133825,-.06065811247742999,-.07139043974526756,-.0825499120172457,-.09406081258347729,-.10579138015398884,-.11768916149264672,-.1296233107421052,-.14155889706072486,-.15338119553792018,-.1650622756483337,-.17651723686506327,-.18771476797772071,-.19860788010243344,-.2091546879396939,-.21934678665789453,-.22912967454373612,-.23852764559840364,-.2474743482297685,-.25601582839564957,-.26407824769726496,-.2717168318088476,-.2788574821797386,-.2855522595602803,-.29173736586309906,-.297453974241984,-.3026604158960234,-.3073832916519844,-.31161338078155215,-.31536030574734847,-.3186474601567936,-.3214661385546187,-.32386131167435517,-.32581103557308355,-.3273646463371067,-.3285009588084202,-.3292556041551419,-.32962754913194114,-.329622502068716,-.32927771091943875,-.32855944032420364,-.32755586077888504,-.326191982367835,-.32462225099745073,-.32249660488637855,-.32025863876930016,-.3177560749453941,-.31498365081746293,-.31200708058244253,-.308945129177636,-.3057585579443325,-.30252315656708806,-.29924936571556304,-.2959306347842981,-.2926495162194468,-.28927484881130794
.006262161556152725,-.0007647441486664089,-.0029747591499749747,-.006569749778336554,-.011421658744699878,-.017472508345294596,-.024583720699588675,-.03269589521442502,-.04166560153499482,-.05141191072049104,-.061809849100325186,-.07274365143895013,-.08412488108487397,-.0958005328176526,-.10772813468397241,-.11972938467819519,-.13180274430416125,-.14376919747786304,-.15564662666575133,-.16728540053089735,-.17869675058922593,-.18978444200390432,-.20053289568936314,-.21091069325868883,-.22086434186142986,-.23042583006545866,-.2395058554446492,-.2481857880618842,-.2563474796846227,-.26410281855573037,-.27132062081542785,-.2781201645211766,-.28437652623353227,-.29019430094632304,-.2954788253424149,-.30030183559730483,-.30461581346502636,-.30845132701100947,-.3118164949598,-.31469897616840914,-.3171539285450743,-.319136703256107,-.320725458768095,-.3218679440716396,-.32263159124547613,-.3229918040458181,-.3229707896273679,-.32260756169604193,-.32184821754871845,-.32082471097289067,-.31940165376720553,-.3177976728281373,-.31581166747330336,-.31432999850553023,-.31151131072925636,-.30816464940903165,-.3050680699967437,-.3018185903294273,-.2984457208335265,-.29508147547464936,-.29163428943642633,-.288156200766816,-.2847040925210982,-.2811623309246341,-.27781743217228816
.015931965380831463,-.0007665259941752341,-.003019034297628684,-.0066460567726510655,-.011585752117205847,-.01772006423459151,-.024969911521479617,-.03320398799110938,-.04233902935946821,-.052236296663114044,-.0627952765403835,-.07388909669914183,-.08539690437464117,-.09721829907942224,-.10921723591871886,-.12132360678936058,-.13340255392413375,-.14540803170679778,-.15722242000205638,-.16881318762654865,-.18009465892751433,-.19103615452757766,-.201592684472759,-.2117255846596126,-.22142900593002288,-.23065548668066405,-.2394334746934878,-.2477024818445429,-.25551706425776594,-.2628055522706547,-.26963648409248525,-.2759376590057552,-.28177435736136014,-.28708745709081324,-.29193228876526384,-.2962658694005201,-.3001297279171771,-.30350728959907725,-.306420429503152,-.3088795831748534,-.3108886203797119,-.3124757660346851,-.31363542059404087,-.31439723946863035,-.3147619430306084,-.3147416304133211,-.31436376201440097,-.31360882153379976,-.31254422953888383,-.31110529658954467,-.3094155839764622,-.30736676745931524,-.3051493772098369,-.3023814259439707,-.29953932973289127,-.296439769362981,-.2931096137974697,-.28958624110137454,-.28601448329815365,-.2823322373881247,-.2786342941345005,-.27491331018531506,-.2711715343788254,-.26747903153099756,-.26370259800564927
.025601769205540456,-.0007812194334273041,-.0030110332652641654,-.006688799758730661,-.011668059634238497,-.017905120888835974,-.02524453949195777,-.0336337339779617,-.0428893756789501,-.05295694697081299,-.06365616635383142,-.0748927941313056,-.08653193045501642,-.09843277110741502,-.11051879594991476,-.1226214157445276,-.1347120929776327,-.14662093205263393,-.15834685807966165,-.16975385008106253,-.1808371181429512,-.19151971764699266,-.20177094600707077,-.21158369956335818,-.2208927937765586,-.22974766342900857,-.2380535173746315,-.24591474983121214,-.2532049487362592,-.26006493513054507,-.2663434909957966,-.2721994007742712,-.27748700377661206,-.2823426159939823,-.28665214792219856,-.29052974588900465,-.29389064855171354,-.2968131123076536,-.2992584662674899,-.3012634430273786,-.30283040865527366,-.30396724359570626,-.3046938542167089,-.30501786004363224,-.30494088839217504,-.304508606743225,-.30366451642081727,-.3025325163368034,-.30097160556763874,-.2992017333700176,-.2969763235565426,-.2946322331634322,-.29174989594937106,-.28881616289856216,-.28557439027401044,-.28232320087228274,-.27866342263226207,-.27508692228597914,-.2712401248048013,-.2674453822639083,-.2635456349785871,-.2596506161160238,-.25578516121903777,-.2518442637173081,-.24809386711974457
-.008942815061685294,-.0007775789067264313,-.003058940216975743,-.006772768185406283,-.011843751391356419,-.01815293256636169,-.025622916561921328,-.03410728882990851,-.04351295318654369,-.053676796402203956,-.06449444001922666,-.07581086999336804,-.0875047871955552,-.0994472205869976,-.1115075635107093,-.12358946087162541,-.13556526250904313,-.14737023284153583,-.15889701146537555,-.1700996020423876,-.1809079711316467,-.19128031110197527,-.20119144403257835,-.21059271731939463,-.21950446699811837,-.22786667141403535,-.2357353302379592,-.24303696938982122,-.24985624243063495,-.25610912613155046,-.2618967775614818,-.2671276105214536,-.2719066680897045,-.2761500215485908,-.2799495249858984,-.28323754890603375,-.28609124835272653,-.28846347036897285,-.29041089463570147,-.2919085780414561,-.29299548174813084,-.29366073224841877,-.29393655224222826,-.29381004298219937,-.29332419519953784,-.29244492052856336,-.2912459694400204,-.2896515049549556,-.2877861334714319,-.28552653315719206,-.2830491832618299,-.2801670112950755,-.2771164121995904,-.27371902393446423,-.27027313371809547,-.2665635632156548,-.26281162962882487,-.2588165175793794,-.2548205832146785,-.2506892607033716,-.2465717376429929,-.2424292802274837,-.2382877082334343,-.23419692461999944,-.2300376561613851
-.04348739932891926,-.0007508649132593635,-.0030777963461218207,-.006841668992496914,-.011961614003622632,-.018389119706925635,-.025944815386801136,-.034579026125466865,-.04408353919274934,-.05439008394930834,-.06529221974802728,-.07669876007595897,-.08843483892760559,-.10037895173806903,-.11240871467214943,-.12438283696441776,-.13622916791313816,-.14781319836647638,-.15909392811596035,-.16997427644319396,-.18041555590321423,-.19038380184366618,-.19981515070921924,-.20875311826516188,-.21709221016310426,-.22495184253607842,-.23217857551589013,-.23895771793483478,-.2450933604791253,-.25081622617219934,-.2559057123668709,-.2606098207027821,-.2647044780822506,-.26842903753309655,-.2715767752944352,-.27435870481256963,-.2766041765747472,-.2784816646915805,-.27986412186103554,-.2808787026866421,-.2814330873107659,-.2816303400506536,-.2813883258173553,-.28081740502187613,-.27980956869756485,-.27852166802443734,-.2767804794185053,-.27482815351756573,-.2723962297309761,-.2698375346040811,-.2667721764318951,-.2636729764854418,-.2600705154203275,-.2565352285598435,-.2525765513077854,-.24875742740697243,-.2445598490477115,-.2405172650161409,-.23619460004226897,-.2319941651530204,-.22766342088643474,-.22338642578086432,-.2191200242458462,-.2148107098959579,-.21066229829121477
-.003768242408002528,-.0007950158181419825,-.003140123729135676,-.006975064588262408,-.012217628678355902,-.018746254000408007,-.026462212022735958,-.035201745046487994,-.04485436950580818,-.055236967006274826,-.0662305249435702,-.07765653213498845,-.08939033281121178,-.10127736775600923,-.11319287712703728,-.12501640759842148,-.13663569292208563,-.14796297216629326,-.15891493597625458,-.1694251548917204,-.179453308405053,-.18893907568604348,-.19789301181867064,-.20624733652043867,-.21406356442757818,-.2212571861139999,-.2279334454787812,-.23398793153004077,-.23955892355861677,-.24452583214259896,-.24904582985004498,-.2529894711455529,-.2565174277863608,-.2595015289848131,-.26209239162368464,-.2641733395759853,-.26587641203842816,-.2671032769904814,-.2679641648776087,-.26837910864278935,-.26844159160800585,-.26808152965878246,-.26738873641495897,-.26628701839391045,-.26488162027940587,-.26307045385828565,-.2609955119645253,-.25851146106825473,-.25581525921627013,-.25270901647787114,-.24945303806598212,-.24580104915340265,-.2420748735392182,-.2380031962954574,-.23393935975987024,-.22959393235575537,-.22529894566133304,-.22078371419229495,-.2163339688931182,-.21175586682446615,-.2072385673136952,-.2026936000784159,-.1981807062541807,-.19371182781779023,-.18920130484375525
.03595091451286135,-.0008254282180274215,-.003194253178994291,-.00712465283431484,-.012476680443700034,-.01916354899340849,-.027009203488372872,-.035922163170127974,-.04568368331407508,-.05620191536944254,-.06724883599405097,-.07872382890673628,-.09042414725448912,-.10223889090712154,-.11400930154904157,-.12562356962031657,-.1369680953090599,-.1479541224298535,-.15849420340261033,-.1685511947101654,-.178034819783676,-.18698368123034556,-.19527675280116483,-.2030406702139429,-.2101045765201023,-.2166814879152448,-.22254353153029557,-.2279774035616097,-.23270395702218352,-.23706212534584947,-.240737657195512,-.2440940246628892,-.2468037883925587,-.2492264956379058,-.2510446856280789,-.2525905051430769,-.25357540741590007,-.25429086894557773,-.2544850320337606,-.2544109193270051,-.25384489538506566,-.25302119315602595,-.25171881851930633,-.25018780175411975,-.248171819507752,-.24597932116944937,-.24327881262178397,-.24047700546683454,-.23713826199875715,-.23379187834515927,-.22989013085450427,-.22608497895978014,-.22173713944749554,-.21758763397841407,-.21294730989275878,-.20857304344404431,-.20378468647823259,-.19926933463889288,-.1944528248610969,-.18985624006971383,-.18510380740271118,-.18047383355016436,-.17582648066844672,-.17118309740287807,-.1666516959416314
.01369885693526651,-.0008382456417349151,-.003322591472348717,-.0073798492648744895,-.0129091068267851,-.01977082061257915,-.027825552558377632,-.03689447860111067,-.046830484633359634,-.05743444677593303,-.06856178814237494,-.08001835989226885,-.09166844612456239,-.10334128892684528,-.11491701841291486,-.12625754302940195,-.13727057068531975,-.14784903159005414,-.15794176767908696,-.1674612201527235,-.17640876816799259,-.184700798956903,-.19239716023707729,-.19940369665952395,-.20583662362210856,-.2115802290158219,-.21679879554331027,-.22135104186699028,-.22543760794798734,-.22889478275879171,-.23194448273048077,-.23440815929777103,-.23651268126238786,-.23807503277214348,-.23931258260309737,-.24004836096847434,-.2404804840312997,-.24044522081859004,-.2401191083171304,-.23935226583152566,-.23830652290713053,-.2368377545203009,-.2351082084266905,-.2329628910345792,-.23058541524578793,-.22778959246831665,-.22480357958672337,-.22139343080430493,-.2178503463014308,-.2138851569254802,-.20985855751349,-.2054309105927753,-.20102228835086305,-.1962585017545229,-.19158771598599755,-.186625110127084,-.1818004621942252,-.17676009274009963,-.17186602950304683,-.16684832286665227,-.16195295957601735,-.15702713170430316,-.15217419833805096,-.14735410064358562,-.14252786861382594
-.008553200642390797,-.0008699116681812499,-.003473643232416695,-.0076960829162800205,-.013428715785037026,-.0205214550662862,-.028791652316086443,-.038082237899170264,-.048175170021584855,-.05892132899558596,-.07009646100699907,-.08156630873168648,-.09312367008066696,-.1046516729794007,-.11597563100901134,-.12700806725698557,-.1376047573877203,-.14772715635008052,-.15724431933125402,-.16618993359804757,-.17441835286460755,-.1820552229563266,-.188914060703226,-.19522136193767983,-.20073055062346185,-.20576400576884044,-.2100063943304821,-.2138624881168358,-.21695423455697185,-.2197463564983917,-.22181449493135239,-.22365379830467366,-.2248162697831506,-.22579738334426844,-.22615017195509782,-.22634541983592654,-.2259567733461467,-.22541703791770706,-.22432836959915714,-.2230897423522651,-.22132366024750388,-.21941805518445776,-.21698940282883764,-.21445213203119257,-.21137600129853645,-.20824785379546137,-.20454939930710064,-.20088193556780115,-.19661164495337144,-.19247647822008443,-.1877220957223193,-.18321565813774077,-.17810397668364086,-.17334203143200383,-.16802595902014603,-.16312227739720508,-.1577532671743628,-.15279409742799452,-.1474956492641978,-.14253214288015878,-.13737872581886815,-.13243174437300614,-.1274309653856058,-.1224931603640751,-.11760147271000895
-.01617389014471421,-.0009361643933397838,-.003670549993553775,-.00812833049843513,-.014123220021173067,-.021502493995646493,-.030057430977675163,-.03959132608426958,-.04989684076704384,-.06076970534973586,-.07202163707386523,-.08345824655329069,-.09492088761838213,-.10623904255865198,-.11729269514358828,-.1279398651831854,-.13810777633678692,-.14768074302930193,-.15664336817473057,-.16489340647496173,-.1724782486491942,-.17929405476143223,-.18545555253191354,-.19084428444126111,-.195636189091014,-.19968430387648942,-.2032146786357478,-.2060477015518326,-.20844944429524423,-.21021128935913705,-.21162241641300683,-.2124523084396817,-.2129957724679841,-.2130113837493287,-.2127848675772083,-.21207502427547356,-.21114837882039791,-.20977088553912793,-.208188597655614,-.20617551855299623,-.20396663976103524,-.2013374339403926,-.19852923443964726,-.1953013411073272,-.19192323710228293,-.1881156968015902,-.18420190867576727,-.1798484767470023,-.17545171505901308,-.17061823799478168,-.16582035872547082,-.16060991933547325,-.15551961943782855,-.15006403121372316,-.14480166223355073,-.1392409741134745,-.1339155814328314,-.1283745229226311,-.1230676620412884,-.11763832232373721,-.11240022627140729,-.10712730551531996,-.10197414495591153,-.09683962134865666,-.09173963296460037
-.02379457964706693,-.0009884523509894514,-.0039579282774245194,-.008670976644709536,-.01501087557070179,-.02271709103113453,-.03161320182088908,-.041425663531546454,-.05196800877077271,-.06299030644233736,-.07430865833391104,-.08571685317374467,-.0970422251127192,-.10813652854245372,-.11884362322739908,-.12908204437028112,-.13870143146137467,-.14770599892916766,-.1559422515289469,-.16350804402177518,-.17021416274698772,-.17627207017639254,-.1814377443469447,-.18603641259162468,-.18975647018261718,-.1930229245915764,-.19543913884789077,-.19752357339265683,-.1988052833582102,-.19986895439766506,-.2001868402348693,-.20037805519674654,-.19987991895649918,-.1993162422707829,-.19811601005373183,-.19688189050839122,-.1950539926719218,-.19320116830044654,-.19078104851276806,-.18833618977623973,-.18533306552906584,-.18231498176110292,-.17873397297539698,-.17517143402399085,-.17101890577271722,-.16694730803975952,-.16224129737219894,-.15770818315519375,-.15250210944976472,-.14758405340889524,-.14197633362179746,-.13677818152465954,-.13090658008246905,-.1255487179240296,-.11957366874856323,-.11417059808688276,-.1082489647967877,-.10288441332606316,-.0971373631533851,-.0918489945413454,-.08633271186654316,-.08111457533790817,-.07580236629740487,-.0706186317771815,-.0654072672932424
.00955458497230582,-.0010901644693537046,-.004248942734380189,-.0093153826968977,-.016017834326010495,-.024151850532921394,-.033407450455714305,-.043577241162969196,-.0543652642916105,-.0655772718906552,-.07695834410179014,-.08833613847575698,-.09951247076569028,-.11034375977165999,-.1207005149643509,-.13045772009653342,-.13955159268469153,-.14788018844542714,-.1554618443237835,-.1621951482073014,-.1681649237651432,-.17325965298314727,-.17764376178507726,-.1811894165067996,-.18412605036764376,-.1862861286291337,-.1879439728668027,-.18889365061098848,-.18945760940348488,-.18939411388756178,-.18904681667506096,-.1881444640962498,-.1870359047350787,-.1854326344583871,-.1836761252583547,-.18147211903938826,-.1791432644433436,-.1763954470414662,-.17353297259620443,-.17026047476372988,-.1668758396513497,-.1630811730943737,-.15919036387155122,-.15488361560600522,-.1505098107355967,-.14570044098911164,-.14086921646463468,-.13558530967741605,-.13034943462481088,-.12466403445587311,-.11911296116115778,-.11313911302937138,-.10738896829716975,-.10126699460738756,-.0954427480204323,-.0893189194287578,-.08353152053298019,-.07753171568854575,-.07185624482806034,-.06606172838852897,-.06052956168519973,-.054960369866314446,-.04955959614714595,-.044164966134615444,-.03884552856614518
.042903749591660004,-.0012295219389796856,-.0046828234152006985,-.01011906128772944,-.017331169201884364,-.025884475351892235,-.035630269951776955,-.046123011205852216,-.0572436274385354,-.06859028929280078,-.0800677410368944,-.0913530469134241,-.1023564589880387,-.11285989519220369,-.122788451912654,-.13202704863163106,-.14045372630787017,-.1480945872215587,-.15482529059342262,-.16076814800778233,-.16572515632009768,-.16997451212592457,-.17324014534144705,-.1759175017626881,-.1776781546435793,-.17900133605019355,-.1794438396186954,-.17960961573995624,-.1789722755154676,-.1781950033848085,-.17668843171686244,-.17515098128593262,-.17294508448135876,-.17078066869708866,-.1680040365809829,-.16530685722677296,-.16203693594521076,-.15885848021691534,-.1551233343576836,-.1514807312866662,-.14726741634190219,-.14315156320767194,-.13845161673763576,-.13388143348948978,-.1286859961820389,-.12369422997550393,-.11801396766851842,-.11264258047832508,-.10653909265061791,-.10087028297355026,-.09445093262908381,-.08859616888732845,-.08200879805832002,-.07609323698498774,-.06950742841557378,-.06364779117487306,-.05722709439094891,-.05150518554056194,-.04536663375933776,-.039805741643874064,-.03398779291100202,-.028555949758227717,-.022997764783987486,-.0176297236013613,-.012170820952890812
.0031014891382435523,-.0013203812859071708,-.005073544611007487,-.010984135401958852,-.01863063332735475,-.027750299739729103,-.03789983208572563,-.048860989231889536,-.060223155579830656,-.07182141257743456,-.08331055927123071,-.09457432026297127,-.10534444004613099,-.11553329779759842,-.12499923101594598,-.13368037600832047,-.14148166851437124,-.14834500110990365,-.15431338554425095,-.15931151090921344,-.16343793729040293,-.1666241376407068,-.16904806454917146,-.1705847299113775,-.1715019075173262,-.1716384181814486,-.17128161963831517,-.17024994182804126,-.16888073703826725,-.16693348941330519,-.16476822124928017,-.16210659938106478,-.1593148506800112,-.1560887981865926,-.15279327119383676,-.14911145597707312,-.14538990987424247,-.14130797631454037,-.1371960304468115,-.13272821918248984,-.12822367905063625,-.12333505408670278,-.11842034173036199,-.1130914841241333,-.10776412147958614,-.10200679220514534,-.09630215571768629,-.0901520799371416,-.08413297171016924,-.07766511022754546,-.07142129894321372,-.06475365483640269,-.058403765746335885,-.05168384560898834,-.04535693335935824,-.038737997539661055,-.03254940399019314,-.026160528207478558,-.02017858471350575,-.014092298781645944,-.008333665069322089,-.002545783694355912,.003031161621013522,.008602363178555426,.014068954410255081
-.03670077131522436,-.0014573950787058233,-.005672906028693467,-.012038557321921075,-.020336481573783694,-.029934000022652344,-.04069846917364912,-.05197899390680684,-.0637521930397633,-.07541650465203499,-.08701962711509567,-.09806881974411863,-.10863264674668102,-.11836438663837685,-.12730068499081318,-.13525967455703697,-.14235935924350446,-.14846516688276906,-.15343878477756293,-.157483559698022,-.16051853483120274,-.16275254851915763,-.16403225201032495,-.16470717621851017,-.16435491915063363,-.16353108404266867,-.16194530402155574,-.1600939492962955,-.1575152953642137,-.15484839376377105,-.15152436333742883,-.148231298836543,-.14435652574592836,-.14060003318930514,-.13630155212289743,-.13216216003842218,-.1275198051560413,-.12304936211571971,-.11809254163066414,-.11330027048017813,-.10804292411143968,-.10295204870212357,-.0972388507691532,-.09174770716182028,-.08556661988730618,-.07967851745571382,-.07313431596816329,-.06699127208266363,-.06010615479975573,-.053771126034480386,-.04665518588421098,-.04022750486606018,-.03303395909542315,-.026638645265402862,-.019544464040857558,-.013302505493985402,-.006479311248305716,-.00046933184746847546,.005962999615978188,.011724986907515693,.017744345000485988,.02331203480720778,.029009340054666474,.03447985392319676,.04006567772195497
-.012550858157173767,-.0016124170979299678,-.006101508771802817,-.013032239646572649,-.021793203624072104,-.032045982648046374,-.04319012354898241,-.05500207711666439,-.06693564923180399,-.07887550069963611,-.09036773876690732,-.10137197169987854,-.11155956475344325,-.12094227406092438,-.12929103013029472,-.13663327249347884,-.14286721483691278,-.14803508269867813,-.1521440957111475,-.1551896989232058,-.1572769768051819,-.15838887188458606,-.1586874241041459,-.15811324423465276,-.15691086197459128,-.15497478799581213,-.15256818783650855,-.14955846572095066,-.14625138580932248,-.14244864278718034,-.13848192825512,-.13411309393258597,-.12967745638474654,-.12490754075489154,-.12013275672750251,-.11506383165386484,-.11001868149446004,-.10469766192450687,-.09940844376411748,-.0938389195469805,-.088291011400624,-.08243327994182516,-.07661221685415195,-.07041942537146924,-.06428979331191818,-.057752440636382636,-.051319621638467976,-.044464794701924874,-.037803978987161625,-.030711058531464105,-.02390854714220705,-.016696057564307035,-.009869697956546826,-.002689881209891579,.004026237262784059,.011013285548781455,.017503977829764965,.0241646074814324,.030355687730735853,.03661915283238095,.042505919729193015,.048391116946218136,.05403443510953105,.05965901852419007,.0651767514229289
.01159905500085503,-.0018096388556273905,-.006796576060324734,-.014214123645579411,-.02371252558656901,-.03441556077210241,-.04623333829389322,-.05826461734002916,-.07062290785853793,-.08247070495111891,-.09404702428613854,-.10464564503694833,-.11456013690948788,-.1232584580188886,-.13099828096759564,-.1374612396050763,-.14282496594587765,-.14697337070233457,-.15003278719237256,-.15201685351290883,-.1529450506989386,-.1529946719812024,-.1520767077966098,-.1504904567481341,-.14808407607406843,-.14522425654407525,-.14164156980729836,-.13781084604467114,-.13337180306394086,-.12885130236107273,-.12382004881409445,-.11883683494336426,-.11341636271677759,-.10812912745778706,-.10245403651033146,-.0969564527044326,-.09109064300094798,-.08541912067724154,-.0793689515279092,-.07352160414775778,-.06725138446553289,-.06119803008778859,-.05467139382352798,-.04840023021306841,-.041563026979049914,-.03506828898124386,-.027898917237650454,-.02119858410925705,-.01376090882506653,-.006937546900762966,.000657656769988839,.007496193082567039,.015091305266760075,.021820394442105404,.029231347539821793,.0357304057233621,.04278243887692746,.04896889129927817,.05553946763471762,.061397533293346206,.0674676712494122,.07306259478116703,.07874480537724671,.08420045928926405,.08972429534658795
.017186263040977125,-.0019231809337968075,-.007205597368931911,-.01517652677952642,-.025053888736843395,-.036396717706894934,-.04844214507718645,-.06096720615444368,-.07328505538656518,-.08534512352259971,-.09657660372191852,-.10705064833243738,-.11633801572151416,-.12457129198099771,-.13146713013637285,-.13717257841378683,-.14154685489342017,-.14473864215991444,-.14672238617034983,-.1476147501370568,-.14746786042710205,-.1463605001437999,-.14441424600366812,-.14167500644893868,-.13831278390933574,-.13432184553047982,-.12989687548730247,-.12498328370387922,-.1198067897257764,-.1142674257079564,-.10860267158712743,-.10267362804562825,-.09671815115150013,-.09056582236813675,-.08444786584933252,-.07816868427988019,-.07195155176291322,-.06557834175842828,-.05927374461224114,-.052791348792687785,-.04637632808270056,-.03974675442531627,-.033195791602713284,-.026376608630362338,-.019659290838837277,-.01260701549599119,-.00570323547055406,.0015836547619710428,.008640583799908461,.016095235306344116,.02322409875483053,.030730984659091132,.03781737785002658,.04522434564477005,.05213683053327938,.05928061696952454,.06589916074587715,.07264118373117637,.07888884228886849,.08515498838623743,.09102551141820377,.09684060649281795,.10240892483332156,.1079078045373917,.11333449809235832
.022773471081017276,-.002134490679874396,-.007887183542572162,-.016280509117816446,-.026846593443762407,-.038478667230787245,-.051116764383898526,-.0636285905039895,-.07626062018578092,-.08794227243546635,-.09911978456726843,-.10887294315478223,-.11772974713849145,-.12497556131421587,-.13111743975894233,-.13567015569227392,-.1390641203255278,-.14102410676989416,-.14188797198679537,-.1415393160529239,-.14021295954705856,-.13791981880772938,-.13480235848626085,-.1309669568480051,-.12647443868290248,-.12149768830698157,-.11600783522397927,-.11023846777458213,-.1040809923230421,-.09781274603084102,-.09125841267505581,-.08472036883213961,-.07796950517151009,-.07131786184482262,-.06449556061977256,-.05781681432434153,-.05097606521993819,-.04429770531231983,-.03743167444962846,-.030740657050761535,-.023804267837354065,-.01706960393224854,-.010004703560415888,-.0031964179000530933,.004056839526548955,.010961992939811155,.01843484742135338,.025431592234821214,.033090786705342407,.040125808239647134,.047872705556960465,.054855697708484405,.06253979354007301,.06935805286008054,.07679881066597073,.08333809733304089,.09035885249992849,.09653443455320787,.10300879161250506,.10879933230285148,.11470412616750995,.12017270903879457,.12562243337787973,.130909742462406,.1361080683429025
-.008889958591614143,-.0022010804820379345,-.00814561980789949,-.016968153446700933,-.027693084877239205,-.03978945962447244,-.05235711869553901,-.06515934476383792,-.07739816358180776,-.08907755326699685,-.09953924024514925,-.10895394081344523,-.11682656381204705,-.12341495001581194,-.12838888623790096,-.13203213115244186,-.13416165682559408,-.13505110970971687,-.1346277127573423,-.13313279411624585,-.1305646714011589,-.12712568599423676,-.12285982727001256,-.11793076511851026,-.11240863936736525,-.10641379584586734,-.10003003166698642,-.09333368713150335,-.08641849915894158,-.07932030230147695,-.07213600354292614,-.06486521701138992,-.05760147664232536,-.05031307931452076,-.043087388497464955,-.035864628378069634,-.028729618615891225,-.021592942190401473,-.014550077928656025,-.007473230185151753,-.0004917550920221224,.006577560274637978,.013541536684719198,.0206649450914367,.027657666449434445,.03488954819005682,.04194296159262837,.049301616404076314,.05640928768018035,.06385593979164508,.07096499063177139,.07840497966597983,.08542297370066952,.09271893053020024,.09952908276542838,.10652446092334418,.11301030147445373,.11956381426048728,.12564157532203865,.131669676963206,.13732133302922098,.14283974350081202,.14813766728692648,.1532838511265273,.15843773766994992
-.040553388264360446,-.002334733486319338,-.008675309210109223,-.01771741093464659,-.028911971831461585,-.04099331612662382,-.053879029575513625,-.06628648518026181,-.0785341985789094,-.08941254931553773,-.09951007921883999,-.10778006624186827,-.11493231436655459,-.12014245843524096,-.12411848349847686,-.12627248896812385,-.12723696843298607,-.1266279315683524,-.12497763576006513,-.12204785193779305,-.11827555215161108,-.11351466810445156,-.10812381555224487,-.1020122481739656,-.09547216419988097,-.08844613340947113,-.08116401344425467,-.07359200859730991,-.0659021112392242,-.05807767371343401,-.050239145302723005,-.04237937595806078,-.034574108386665726,-.026820801194177304,-.019154689235365403,-.011581123234473061,-.004090458395645281,.0032862591160438856,.010621967965605801,.01782352582074117,.025062625802007465,.03213032201500898,.03934820551339145,.046327863523404365,.0535969598710702,.06052697080490999,.06789139615414788,.07478689115959794,.08223748997468087,.089078619534469,.09654437824449194,.10327717198363694,.11063343340134647,.11717694406318778,.12426297271028207,.1305233264054995,.1371712859688614,.14306659012309395,.14914558381769835,.15464044423676826,.16011173635028247,.16524985113878402,.17020885652535897,.1751334241855183,.17970862218469552
-.00037964949921698,-.002361907467382886,-.008675239760800129,-.017888624628436448,-.028911608703834045,-.041101269940406956,-.0534815405488257,-.06577275084577254,-.07713973162753837,-.08759898166654649,-.0964858823822584,-.10402397251135535,-.10973141790938061,-.11394346999063797,-.11635202718219514,-.1173265084934809,-.11670078572788078,-.11483151976354172,-.11164758973848889,-.10747149666573486,-.1022807112931133,-.09635962146353798,-.08970250813826265,-.08255902850373693,-.07492241520433159,-.0670092641420989,-.058803897837241985,-.050490693374253943,-.04204361666796462,-.03361665992876936,-.02517323171263242,-.01683882630518621,-.00856680359751375,-.0004556387219922175,.007547787034552343,.015373408977362996,.02307152848566486,.030607387550504322,.03801050601709735,.04529592454356866,.05244545919861667,.05954660070924434,.06650024121037618,.07349386680502859,.08031380764291547,.08727040197673529,.09400933598416626,.10097092225182429,.10765485759971696,.11461727837031942,.12123579290319504,.12814386200760192,.13464845984966048,.14140096178178244,.1477096376947363,.15417338532622085,.16018513401300977,.16622201276974632,.1718443971657773,.17735345907414482,.18254189882054922,.1875117663945664,.19231640530875435,.19686857546096595,.2015440749831781
.039794089265962236,-.0024665833293508487,-.008900331545356608,-.01804903011162132,-.029160966216430634,-.040913730269908744,-.05312866634058021,-.06452437466170212,-.07536675678384891,-.08449663409702758,-.09248777215068156,-.09837069026319986,-.10287261237410293,-.1052568654184903,-.10626313690429937,-.1053840115547472,-.10328845364684969,-.09965069626532938,-.095045558816424,-.08925573430484636,-.08277428711822601,-.07542817645269849,-.06765508380895224,-.05928563825852234,-.05072244753171946,-.041780231842058285,-.032834420585005776,-.02367952376937511,-.014665479350915533,-.005569254869780501,.003284988672743093,.012133613553749107,.020680218834052053,.02916649126364002,.03732951469648796,.04540085106114908,.05316713742896504,.06082032357651181,.0682269565227372,.07549277128943087,.08261118076213893,.08953999333340279,.09645759169314526,.1031071284459762,.1099099174979593,.11633735671576781,.12308941130918859,.1293414137757157,.13606481760907282,.14216891824093036,.14883688429117925,.1547979121032658,.16133562507486543,.16713036395610845,.17342018222027955,.1789953597826274,.1848931172856628,.1901767600449463,.1955461344328255,.20047804760884486,.20524873748360623,.2098296079778907,.21405381222095346,.21840851265220282,.2221053416154398
.01386594315949801,-.0023624228715604916,-.00862200432033384,-.017594184980211973,-.028145659091897327,-.0395060852209739,-.05071209585399535,-.061390594325051256,-.07078497385681444,-.07885614137514164,-.08506301805492417,-.0896047723392218,-.0921421872731478,-.09299896067645627,-.09200723575499528,-.08952438148427339,-.08550991667887863,-.08030488215601779,-.07393852123916267,-.06671372394082899,-.05867484605523283,-.05008742915189185,-.0409798666007912,-.03159195067666082,-.021919769463345732,-.012184664437549533,-.002345973015949054,.00739128454518009,.017100233551515912,.026590649762423427,.03596201664754808,.04504042365167765,.053944623569179916,.06251848614509482,.07088906089252785,.07892476427633927,.08674630168707126,.09426013702350788,.10155663984306572,.10860135698721644,.11542427791923189,.12207791657160977,.1284954708384025,.13484681078320257,.14093720507436514,.14707777007169762,.15292370983980505,.15892923437683745,.1646028428055379,.1705193667327334,.17607439596058325,.1819118007204267,.18737218129654556,.19309422016405664,.19843936553422079,.20395884983901186,.20911951611385854,.21430879029683297,.21918003488654333,.22390678849640985,.22839386339106305,.23259218267795578,.2366942061198201,.2404462124009738,.244446321562077
-.012062202946975947,-.0023440392397990023,-.008500826352357972,-.017096487811214353,-.027241648463531595,-.03770869478124013,-.048090812099151135,-.05732201806087386,-.06544158390746774,-.07159308576102949,-.07614420816301404,-.07847569214716803,-.07911731503228918,-.07768479698162649,-.07471381578427302,-.07003537374737623,-.06410789716269993,-.05691326259590509,-.048823087448227595,-.03987470993388033,-.030369608868316668,-.02033619303017765,-.010046550851551095,.0005223687227417486,.011094997522845472,.02176594999775204,.03224542038867055,.042697405105408016,.052818732151644586,.06282945691851365,.07241680066584087,.08184375087753228,.09080166790444712,.09957236208529373,.10786401298613296,.115952331727004,.12359326373997331,.13101298268456318,.13805788408159933,.1448480218229244,.15138069164297754,.1576001243686986,.16371563293726646,.16943131992176516,.1752306099345542,.18052312300943468,.18609830941831934,.1910601983558949,.19647771440264078,.2012043532712967,.2065070063467369,.21109259947201697,.21628816217893862,.22080185721756937,.22584732163371588,.23030227213809898,.23509728591275406,.23943833603028641,.24383594430985187,.24795773441614313,.25182669322612156,.25564879405086677,.2589637389530223,.2625587976978924,.26522227290658745
-.015552174602599335,-.002216868022007274,-.007996346842348118,-.016087138640291158,-.025331320396769906,-.03482374291238062,-.04370547983066045,-.05146075643947182,-.05754560519411154,-.06180299129470996,-.06397174110558099,-.06415347671852338,-.06230568914036777,-.05864145543413605,-.053270567777755226,-.046422342304830395,-.03830361023296774,-.029124576876628623,-.019123413011340837,-.008465994226195256,.0026436391664545083,.014076142458866384,.0256715962696225,.03731502525305236,.04891252667503897,.06034777163954395,.07159384374911779,.08253403416958786,.09319734223729993,.10345742016774793,.11338640674086771,.12285991365276669,.13198332473233598,.14063274240524462,.1489214946394678,.15674356236770043,.1642054712208962,.17124169334914077,.17791829140177515,.18422983690724673,.1901775958230293,.19585807674811193,.20115624961293707,.20630232254791206,.21104680423280947,.2157773586426894,.22009106685329974,.2245253497680382,.2285405747313383,.2328001020799271,.23666489026015564,.2408578484420068,.24470568240711035,.2488997175774615,.2528084328579216,.25699352963123584,.260947795377031,.2650127867491213,.2688841339595755,.2726399968651564,.27624362814054626,.27952219419708246,.28275678325185555,.28556269734732637,.28870164353867706
-.01904214625806177,-.0021157323254804533,-.007580587614179326,-.015028719440997616,-.023360638950815443,-.031530015240042945,-.03882497091958864,-.04457231052094399,-.048464433101224835,-.05020257072351747,-.04976764915830768,-.04718630442976326,-.042586308607275705,-.036203392037523034,-.02814314748594037,-.018827672604151108,-.008262213598958484,.0030411406251705997,.015122278439010995,.02751646932204917,.04032103105593175,.05311861388130633,.06600768034713836,.07868698794218482,.09120325487439225,.10339106522729266,.11522634821197034,.1266687534096671,.1376418585559063,.14820136654366525,.15820300112345256,.16778704024916333,.17680291418086155,.18540616969039247,.19343232610784158,.20105211673618814,.20813938952261843,.21480567401788545,.22102432998196636,.226789284593523,.23223098901228328,.23714770903802312,.24192215095680109,.24607810523121393,.25030229842954005,.253810020818291,.2575955365686636,.2605884544725346,.26407789384523017,.26675227884707353,.27009033935439813,.2726683928671944,.27598637532243625,.2786689352660895,.2820489143328871,.28496299805125125,.2883653535778547,.29147637830793627,.2947296558258011,.29785161380768244,.3007187823214079,.30363166204166775,.3059450938973221,.3086099653913743,.31017279702023326
.01087206622823734,-.001967056719274056,-.006987735601245834,-.013653313935127736,-.02084678540987209,-.027446794315937384,-.0328122894055679,-.036225895936150006,-.03753893810469082,-.036416832194807854,-.03303120870982428,-.02736142687457352,-.01979915572336439,-.010344828096636791,.0004579799187023729,.012604229982488164,.025537301340964606,.03927769004621761,.05332435792611639,.06772771512728584,.08206973928722455,.09646761588160489,.11051047581979538,.12435845326255196,.13770854695308699,.15067746167843624,.1630550613557237,.174954087217698,.18623874551904096,.19696551733543982,.20706883598044137,.21657887702479867,.22551428356413172,.23385087714823605,.24161219172088724,.24880478282726848,.2554189082179039,.26153378228224883,.26707563823184055,.27217160100191873,.27670041221827585,.28087666614173107,.2844705809996163,.28784361309920775,.29061775741882456,.293319699758706,.29543060918089126,.2976452171651251,.29931698167941245,.30126939181492696,.3027795790331161,.30472135609020823,.30636187733001186,.30851904677305303,.3105188504777938,.3130015901116202,.3154241666048904,.31814797250541865,.32083169904489117,.32351204329822386,.32612130844044074,.3284088582493441,.3306562990512755,.3324130405843744,.3345046643302939
.0407862787147822,-.0018634749211168902,-.006358784417631971,-.012258959329938613,-.018031283027302527,-.022961028152525768,-.02583920357916928,-.026751651817020765,-.02482706806434105,-.020618822538102915,-.013619707920958245,-.004697630174450222,.006587315513772603,.01908566510123135,.033418013763528,.048232534573993964,.06406199257021068,.0798999960349786,.09634953324577783,.1124411201423358,.12876460563727846,.14425804368188747,.15977126756212495,.17432684096560858,.18865064390784292,.20206087766598896,.21507647917504039,.22713530931051526,.2386939827798351,.24940503166775793,.2595264175089978,.2688625191177625,.27758777746077085,.2855752263799165,.29297714505895406,.29965345924320064,.3058470667814553,.3112108435155353,.3161825432878421,.320387358379018,.3242830614714613,.32734214157169106,.33026595008702975,.33225234590366964,.33432107263145655,.3353619150071752,.3367366789558536,.3370486237052829,.3379533049131538,.3378553818304073,.33858050167353154,.33847057946519454,.33933605121257104,.33961461658553654,.3408767884347875,.3418148715419467,.3435447895023585,.3451553738423506,.3471531301863524,.3491426701992354,.35098155540605974,.35288434125903007,.354156033628869,.35572621187600706,.35615018570915974
.0005302510558845048,-.00173245052502468,-.005911589471112002,-.010827205454721014,-.015324821237496752,-.01802070784752093,-.018561907504011245,-.01611123415234092,-.010997841005705633,-.002866301542945655,.007584306006403822,.020555215576050254,.035155232734160276,.05151221862214972,.06866152416329768,.08684365832009296,.1051691328704844,.12389364450710731,.14224650027554872,.1605567272796799,.17812901005485154,.19540669477646883,.21174067909809,.22758536715298033,.24242432269695974,.25663972235538685,.26985668559872505,.2824005259061812,.2939637569386361,.30480997979684743,.31474832847088163,.32397579724949616,.3323123526325287,.3399665572370339,.3467903525032701,.35296737734007483,.3583272695893285,.3631168358201135,.3670957800560403,.3705491982377057,.3731927657442703,.375405144566497,.3767848928860986,.3778565159564588,.37808563442310994,.37817000875489176,.37744988461404555,.3767931154179963,.37544644321491677,.37440416084117784,.3728720720111968,.37188721172449724,.37067291524829443,.37018914516280754,.3697322345510919,.3700476720926041,.3705550756775768,.3716623543819266,.3729605427036454,.37445925831379223,.3759923669409452,.37723122864173947,.37837741369606565,.37894161249495595,.3797399945737508
-.039725776603166035,-.0016095945570443566,-.005256260917699433,-.009319250613250951,-.01184977306204984,-.012398156717087837,-.009485684720555795,-.0037752980453137066,.0057072479606045095,.0176288767419678,.032753828151384286,.049428808979778985,.068475106852544,.08809167144832743,.10919660980095823,.13001370573231408,.15164528358526322,.17235549179857285,.19331630184085238,.21297219024241204,.23252810202436208,.25058798275669014,.2683421150451788,.2845637205402325,.30033864861964893,.3146324855952218,.3284017458635784,.34077941861735966,.3525717459306232,.3630778529030569,.3729825278646353,.38170075143092524,.3898007923291932,.3967973315580744,.4032173028020674,.408584293287917,.41343735000559395,.41723984587831825,.42061504544333217,.4228949522521389,.424865712867025,.4256522166616725,.4262924097198011,.4256496634786321,.42506471132294094,.4231333249497908,.42151118641831103,.41857113010510516,.4162295639055457,.41273134001027567,.4101315089592824,.4066720753688166,.4043654319775409,.4015872205626067,.40007680668136036,.39848439503822036,.39803350675733756,.3977662936659766,.39820702281432413,.3988679172748648,.39953910676484805,.40029656206668324,.4003652929236898,.4005824754048441,.3996309250224678
-.012232230302099748,-.0015946726413730687,-.005011240103681534,-.007806569170754426,-.008724287525872565,-.006036026477140867,9409697142569871e-20,.010436381835701005,.023990390483482837,.04101090892361316,.060210606072717436,.0817688041350586,.10436444523577591,.12826683555300522,.15220700726777642,.17662137263770405,.20032849481740236,.22391351303651993,.24627962283261218,.268144022370035,.28852345491488623,.30821686085448047,.32634295789496287,.3437066873326217,.35952218168278327,.37455723001669117,.3881104235680033,.40089649340674505,.4122795315478927,.4229197060342842,.43224565205781,.4408605144205352,.4482393783534601,.4549460102093553,.4604883950341167,.4654063810292656,.46920254836449454,.47242484033400667,.4745318916543562,.47611662911731684,.476563342632633,.4765590335107169,.4753854734548424,.4738632796961944,.47116694517257746,.46827259710663666,.46427661628907996,.46029733547901586,.4554052451664777,.450809623189133,.44560986444503786,.44102683219586064,.4362336071346657,.43235256435641106,.4286647935975406,.42605365580106785,.4239271910849014,.42278172683539683,.4221539019763229,.42204633366586863,.4221577951069979,.42203416974585106,.4217339112738636,.420653951391661,.4196130930824076
.015261315998978694,-.0015562362427912744,-.004233385189030213,-.0060214291148568575,-.0038060069054755433,.001995415591548933,.013255598341741958,.028075140545853167,.047521273087826395,.06918607789143524,.09403153695958298,.1196127271073587,.14709798861937556,.1740966101823844,.20204140735053103,.22859016189639553,.25545195233282486,.2802964501239412,.3050763186941619,.3274938835932816,.34966474719210516,.3693756154853551,.38877474171816273,.4057747193991026,.42245583138873377,.43685755976138435,.450968781922597,.46292879592747205,.4746341809414513,.48431653799518476,.49377212349636185,.5013314474576963,.5086849184348288,.5142549074723625,.5196486136192952,.523334911617944,.5268854975548695,.5287480947759107,.5305312322755623,.5305855817366307,.5306397634600675,.5288792283083389,.5272337486184008,.5236820532424336,.5204047810323686,.5151941876292142,.5104581513025099,.503903020142716,.49806201431690433,.49069127177560506,.4843176216025586,.4768598006881951,.47068962702249045,.46398861002792274,.45878642480820997,.45362283738834996,.4499762261755157,.44679268426967866,.4447851820669327,.44330967550387196,.4421572053308699,.4411816467530874,.439400558528902,.4376106792536575,.4343501005964722
.015519058770484232,-.0017211306982841837,-.004430353959817025,-.004015572616189295,.00085626552092511,.01196029113461463,.0282314733321447,.04963929540576233,.07457928081661487,.10248771396011128,.13206497938540593,.1628065371071385,.19378264269365295,.2247114726533403,.25491297666963453,.28433490574177295,.3124289834960444,.3393506949902405,.36460656695056753,.3885229333789696,.4106465903594752,.4314018021102012,.4503959467514138,.46806731287730563,.484092523087532,.4988841167643881,.5121638623312743,.5243167466626829,.5350817658924926,.5448139871629634,.553269477466605,.5607582030868801,.5670704185288664,.5724567403616574,.5767501731706992,.5801437834694925,.5824934909932571,.5839632475969736,.5843905614316421,.5839609631421829,.5824497208433346,.5801248178113182,.5766680622712052,.5724781274881778,.5671456747286088,.5612061461354003,.5542088614291537,.5467835217865205,.5385137277231733,.5300641058582964,.5211142747888365,.5123079693007396,.5034539172634345,.4951136602976965,.4872348933937577,.4802239809350514,.4741302423484722,.46909838057573955,.4651704515743295,.46204146721605033,.4596739169591159,.45713318547570225,.4545644024691598,.45077928448061144,.4468559738018472
.015776801541669848,-.001726892408775962,-.003196935162209249,-.0006572137972710182,.009724087489443707,.026564099386879803,.05047116990730271,.07892172559906382,.1109301350026573,.1451456494975447,.18013991394603376,.21564308070833804,.2502519905887566,.2843354123937146,.31669268687823343,.3479332822031197,.3771377192111562,.4049088661104611,.43062134169094485,.4547720026732515,.47693241148028265,.49756128103735703,.5162535289165981,.5335632544448219,.5490135225893602,.5632715468008562,.5758214202272119,.5873468060192987,.5973377276703566,.6064402289004048,.6141216672975655,.6210397964627209,.626564254532963,.6314488137536266,.6349105560555909,.6378341211906206,.6392979127075242,.6402603535248964,.6397566180025679,.6386969616899103,.6362202686635074,.6330665374418094,.6286146164875054,.6233663386245848,.6169813461359864,.6097685678400071,.6015677130620204,.5926538868362053,.582886663550603,.572674756518817,.5617894188143004,.550870043991618,.5395371874195403,.5286998928150974,.5178007463961102,.5079844836206311,.4985432069724614,.49068913669439257,.48351575256389073,.47806094431401913,.47287352444973535,.4688709195169464,.46348222796949345,.4586552786733295,.4512119158324936
-.013531179862896111,-.0015762187670225619,-.0021571345857644506,.005829191571114478,.02211122212969157,.04814952885793167,.08009956538662497,.11685943023967624,.15610652192762625,.19624659833729782,.23670499686214835,.27586762934607906,.31412774215013406,.35014764600580855,.38456018935535224,.4165655722466821,.4465748772334658,.47437774856552173,.5000210015672627,.5237411570145327,.5453295337252173,.5652268507874036,.5831556961784553,.5995763550847137,.6142299691853128,.6275695290146002,.6393120086833657,.6499558122230157,.6591363215752414,.6673989132638555,.6743208224846959,.6804236108230417,.6852986420602438,.6893727668842201,.692300739419129,.6943955228305545,.6953822053631487,.6954877425296927,.6944755961341594,.692549867504935,.6894543858990028,.6854514095031262,.6802095026783256,.6741050768180983,.666722803167952,.6585277268319429,.6491172798014523,.6389153116319409,.6277068880901064,.6157178148761098,.6030653287647755,.5896941504959543,.5761291068141767,.5620495128087816,.5483555908507898,.534590337206961,.5218112571285084,.5096164000644541,.49892301901801106,.4893169452373936,.4813111380899856,.4737320906306276,.4668500577413847,.4582463918012368,.44943239325995304
-.04283916126700931,-.0010969031885950462,.0036238047168777624,.016568582480908933,.04539677362217357,.08082496286290299,.12397880075407532,.16931466781617083,.21583277663178746,.26253466401578185,.30664796738084094,.3502360168160747,.3897557505773817,.42806149005930394,.4625205395221652,.4949847165472411,.5245810242748432,.551516807396525,.5765706533360637,.5986264236698003,.6194728525779357,.6373862695447029,.6544778772122896,.6688908264841109,.6827588496088856,.6941369815797366,.7052590421153482,.7139762277339191,.7227370349739994,.7291653786741215,.7358303433013674,.740295474268376,.7450165154925472,.7477000739290721,.750560399355858,.7514892087579081,.7524786643850819,.7515746562135488,.7506121716148312,.7477388495715678,.7447506510324136,.7397560801692953,.7346623670022175,.7274281766950866,.720101682562225,.7106023689177774,.7008882607580562,.6892220440217846,.6770226375170791,.6633816881004257,.6487233733056448,.6333424467745815,.6164544995047958,.5996671304254492,.5812739513229601,.5637130021511062,.545196891181445,.5280220269108379,.5111141046674376,.4961008879666046,.4822128188349662,.47048069613852106,.45822280956795536,.44773970973844535,.4326882767099721
-.0004768696775616113,.0005977649666369985,.007844245943673419,.038673276524301206,.08055240435846438,.13106924990449784,.18519950391818843,.23955792625480388,.2929845584763087,.34396231946013006,.3920092841096274,.43671460432244175,.4779224993687879,.5156389730450469,.5500332836803254,.5809969127898478,.6092975796588981,.6343124923264553,.6575157183670081,.6776464924401436,.6965544456898151,.7126591684472257,.7277930351076476,.7404233232659823,.7523190656072324,.7619557758833974,.7712560544743936,.7784335505879383,.7856817373108961,.7908870058915778,.7963956512499791,.7999344321895041,.8038207389111599,.805807588786775,.8080680441231471,.8084857311218352,.8090553867934224,.8077939906521868,.8065506245283844,.8034271443593686,.8001848644880113,.7949715647339081,.7895511343824554,.7820660161187434,.7743342250207467,.7644941230466255,.7542533872685128,.7419331842518379,.7288629489687624,.7137969378591161,.6976419354411929,.679636535603011,.6603746990333618,.639493329806792,.6173315399867091,.5939728417197381,.5696555565982271,.5450344121430787,.5203455409599227,.4968686309189036,.4745820195786662,.45503218045987215,.43744034757492184,.41933513392528377,.40138926150301635
.04188542191368052,-.0024592949641270303,.0358269736595237,.08420479300402373,.1443152205477424,.2116792810963916,.27441960226054224,.33692727087037905,.3947127207637186,.447919607989114,.49822387639827614,.5421151008483762,.5838492715612056,.6196856016481314,.6526860550578102,.6819782652405225,.7068456178414072,.7310940297347095,.7492965302594362,.7693469292197831,.7827753125487784,.7988478362694934,.8087977753732339,.8213578008982765,.8282892327729194,.8383332935764787,.842540775318,.85097680901265,.8530260551290643,.8602088275645283,.8607649020886404,.8666622234595476,.8661665154371295,.8706605513639344,.869188796289734,.8721944091263562,.8695813666515803,.8710061568689936,.8670037590951456,.8666709055452191,.8609064026193326,.8586282048756005,.8506398939961376,.8462212541772786,.8357437980665711,.8286881806774452,.815723852478822,.8051294484961459,.7895250544454478,.7744930815743102,.7556862332829712,.7356695335567083,.7130983976874857,.6878326220310057,.661114980550419,.630771968583754,.5996595395788378,.5651845344456983,.5306743417311424,.4938957289659402,.45974801423584577,.42453214269703116,.3957921732722584,.3685242819367417,.334227501644685
.02037490219172261,.019991623652110328,.08868568987999681,.1703769061335037,.2526983153257144,.3278695710088258,.3990467128867601,.46348891104366674,.5224795589377706,.575888310793922,.623523770187193,.6666084207883642,.7043542550567803,.7381753142922753,.7676685380628614,.7935366169977113,.8163306281835268,.835462312294455,.8526949611299011,.8663329703596881,.8789441066764403,.8885195651205726,.8976123745195028,.9043660176918797,.9110379251015968,.9156938918477645,.9206887361351199,.9236523023715311,.9273661847754945,.9290272309312293,.9317087600312894,.9324591686177663,.9342923935859706,.9343787504220438,.9354502804958186,.9348757880100662,.9351057585967434,.9336600790586869,.9327984760854073,.9301581010046952,.9278767357017299,.9236094013152268,.9194777733832901,.9129705404922057,.9063012086436936,.8968361061406515,.886730376280289,.87364331397279,.8592233067959115,.8418123556552611,.822216482022652,.7995122824644543,.7737213314184613,.74463458547713,.7116912217774113,.6753061766631295,.6346346925314792,.5903273340985268,.5417963167746227,.4900305842054234,.43487102571128067,.3792915867800323,.32369765705447673,.2747080726253418,.23792773290452127
-.001135617529745093,.11987138901275148,.22988178820637603,.32732021046151766,.4151349328207252,.4937953656689084,.5641134789138109,.6261220694303729,.6809781934742501,.7297054436813368,.7723785533755,.8105052317172218,.8435845683466392,.8724782725283001,.8972399066359154,.9186587155714163,.936769198907964,.9516639359871696,.9639825647714726,.9732470100231934,.9805760371258184,.9859713465572686,.9899804008222369,.9933272797009467,.9957455392309799,.9978351144814077,.9993621790382184,1.0003464408276281,1.0010427734174128,1.0012304657388074,1.001313283184434,1.0011515329583331,1.0009764350196961,1.0007669078114694,1.0005440328933164,1.0003336364915683,1.0000183652136991,.9995660636739455,.998825832935738,.9977650367077773,.9961417297891104,.9939885752526958,.9909068013685215,.9866888532945041,.9810846500576463,.9734360619331455,.9638520556617579,.9517038008736229,.9369794377920685,.9194231670181162,.8985585706408087,.8740571835732824,.8454237264293959,.8122607999130056,.7740505316834024,.7311217611760449,.6821388501556512,.6261239136880569,.5629565107448358,.4927545791805275,.41421032801475627,.32403298366903666,.22423193942872333,.11946722696273217,.003705907149095477
